account_id,customer_id,currency,status
ACC_1000000,CUST_100000,AED,Active
ACC_1000001,CUST_100001,AED,Active
ACC_1000002,CUST_100002,AED,Active
ACC_1000003,CUST_100003,USD,Active
ACC_1000004,CUST_100004,AED,Active
ACC_1000005,CUST_100005,USD,Active
ACC_1000006,CUST_100006,AED,Active
ACC_1000007,CUST_100006,EUR,Active
ACC_1000008,CUST_100007,USD,Active
ACC_1000009,CUST_100008,AED,Active
ACC_1000010,CUST_100009,AED,Active
ACC_1000011,CUST_100010,AED,Active
ACC_1000012,CUST_100011,AED,Active
ACC_1000013,CUST_100012,AED,Active
ACC_1000014,CUST_100013,AED,Active
ACC_1000015,CUST_100014,AED,Active
ACC_1000016,CUST_100015,AED,Active
ACC_1000017,CUST_100016,AED,Active
ACC_1000018,CUST_100017,AED,Active
ACC_1000019,CUST_100018,EUR,Active
ACC_1000020,CUST_100019,AED,Active
ACC_1000021,CUST_100019,AED,Active
ACC_1000022,CUST_100020,AED,Active
ACC_1000023,CUST_100021,AED,Active
ACC_1000024,CUST_100022,AED,Active
ACC_1000025,CUST_100023,AED,Active
ACC_1000026,CUST_100024,AED,Active
ACC_1000027,CUST_100025,AED,Active
ACC_1000028,CUST_100026,EUR,Active
ACC_1000029,CUST_100027,AED,Active
ACC_1000030,CUST_100027,AED,Active
ACC_1000031,CUST_100028,AED,Active
ACC_1000032,CUST_100029,AED,Active
ACC_1000033,CUST_100029,AED,Active
ACC_1000034,CUST_100030,AED,Active
ACC_1000035,CUST_100030,AED,Active
ACC_1000036,CUST_100031,AED,Active
ACC_1000037,CUST_100031,USD,Active
ACC_1000038,CUST_100032,AED,Active
ACC_1000039,CUST_100032,AED,Active
ACC_1000040,CUST_100033,AED,Active
ACC_1000041,CUST_100034,AED,Active
ACC_1000042,CUST_100034,AED,Active
ACC_1000043,CUST_100035,AED,Active
ACC_1000044,CUST_100036,AED,Active
ACC_1000045,CUST_100037,AED,Active
ACC_1000046,CUST_100037,AED,Active
ACC_1000047,CUST_100038,AED,Active
ACC_1000048,CUST_100039,AED,Active
ACC_1000049,CUST_100040,USD,Active
ACC_1000050,CUST_100041,AED,Active
ACC_1000051,CUST_100042,AED,Active
ACC_1000052,CUST_100043,AED,Active
ACC_1000053,CUST_100044,AED,Active
ACC_1000054,CUST_100045,AED,Active
ACC_1000055,CUST_100046,AED,Active
ACC_1000056,CUST_100047,AED,Active
ACC_1000057,CUST_100048,USD,Active
ACC_1000058,CUST_100049,AED,Active
ACC_1000059,CUST_100050,AED,Active
ACC_1000060,CUST_100050,AED,Active
ACC_1000061,CUST_100051,AED,Active
ACC_1000062,CUST_100052,AED,Active
ACC_1000063,CUST_100053,AED,Active
ACC_1000064,CUST_100053,AED,Active
ACC_1000065,CUST_100054,AED,Active
ACC_1000066,CUST_100055,AED,Active
ACC_1000067,CUST_100056,AED,Active
ACC_1000068,CUST_100057,AED,Active
ACC_1000069,CUST_100058,AED,Active
ACC_1000070,CUST_100059,AED,Active
ACC_1000071,CUST_100060,AED,Active
ACC_1000072,CUST_100060,AED,Active
ACC_1000073,CUST_100061,AED,Active
ACC_1000074,CUST_100062,AED,Active
ACC_1000075,CUST_100063,AED,Active
ACC_1000076,CUST_100064,USD,Active
ACC_1000077,CUST_100065,EUR,Active
ACC_1000078,CUST_100066,AED,Active
ACC_1000079,CUST_100066,AED,Active
ACC_1000080,CUST_100067,AED,Active
ACC_1000081,CUST_100068,AED,Active
ACC_1000082,CUST_100069,AED,Active
ACC_1000083,CUST_100070,AED,Active
ACC_1000084,CUST_100070,AED,Active
ACC_1000085,CUST_100071,AED,Active
ACC_1000086,CUST_100072,AED,Active
ACC_1000087,CUST_100073,AED,Active
ACC_1000088,CUST_100073,USD,Active
ACC_1000089,CUST_100074,AED,Active
ACC_1000090,CUST_100075,AED,Active
ACC_1000091,CUST_100076,AED,Active
ACC_1000092,CUST_100077,USD,Active
ACC_1000093,CUST_100078,AED,Active
ACC_1000094,CUST_100079,AED,Active
ACC_1000095,CUST_100080,AED,Active
ACC_1000096,CUST_100081,EUR,Active
ACC_1000097,CUST_100082,AED,Active
ACC_1000098,CUST_100083,AED,Active
ACC_1000099,CUST_100084,AED,Active
ACC_1000100,CUST_100085,AED,Active
ACC_1000101,CUST_100086,AED,Active
ACC_1000102,CUST_100087,AED,Active
ACC_1000103,CUST_100087,AED,Active
ACC_1000104,CUST_100088,USD,Active
ACC_1000105,CUST_100089,AED,Active
ACC_1000106,CUST_100090,AED,Active
ACC_1000107,CUST_100091,AED,Active
ACC_1000108,CUST_100092,USD,Active
ACC_1000109,CUST_100093,AED,Active
ACC_1000110,CUST_100094,AED,Active
ACC_1000111,CUST_100095,AED,Active
ACC_1000112,CUST_100095,AED,Active
ACC_1000113,CUST_100096,AED,Active
ACC_1000114,CUST_100096,AED,Active
ACC_1000115,CUST_100097,AED,Active
ACC_1000116,CUST_100098,USD,Active
ACC_1000117,CUST_100099,AED,Active
ACC_1000118,CUST_100100,AED,Active
ACC_1000119,CUST_100101,AED,Active
ACC_1000120,CUST_100102,AED,Active
ACC_1000121,CUST_100103,AED,Active
ACC_1000122,CUST_100103,AED,Active
ACC_1000123,CUST_100104,AED,Active
ACC_1000124,CUST_100104,AED,Active
ACC_1000125,CUST_100105,AED,Active
ACC_1000126,CUST_100106,AED,Active
ACC_1000127,CUST_100107,AED,Active
ACC_1000128,CUST_100108,USD,Active
ACC_1000129,CUST_100109,AED,Active
ACC_1000130,CUST_100109,AED,Active
ACC_1000131,CUST_100110,USD,Active
ACC_1000132,CUST_100111,AED,Active
ACC_1000133,CUST_100112,AED,Active
ACC_1000134,CUST_100113,EUR,Active
ACC_1000135,CUST_100114,AED,Active
ACC_1000136,CUST_100115,AED,Active
ACC_1000137,CUST_100116,AED,Active
ACC_1000138,CUST_100116,AED,Active
ACC_1000139,CUST_100117,AED,Active
ACC_1000140,CUST_100118,AED,Active
ACC_1000141,CUST_100119,AED,Active
ACC_1000142,CUST_100120,AED,Active
ACC_1000143,CUST_100121,USD,Active
ACC_1000144,CUST_100122,AED,Active
ACC_1000145,CUST_100123,AED,Active
ACC_1000146,CUST_100124,USD,Active
ACC_1000147,CUST_100125,AED,Active
ACC_1000148,CUST_100126,AED,Active
ACC_1000149,CUST_100127,AED,Active
ACC_1000150,CUST_100128,AED,Active
ACC_1000151,CUST_100129,EUR,Active
ACC_1000152,CUST_100129,USD,Active
ACC_1000153,CUST_100130,AED,Active
ACC_1000154,CUST_100131,AED,Active
ACC_1000155,CUST_100132,AED,Active
ACC_1000156,CUST_100133,AED,Active
ACC_1000157,CUST_100134,AED,Active
ACC_1000158,CUST_100135,AED,Active
ACC_1000159,CUST_100136,AED,Active
ACC_1000160,CUST_100137,AED,Active
ACC_1000161,CUST_100138,AED,Active
ACC_1000162,CUST_100139,AED,Active
ACC_1000163,CUST_100139,AED,Active
ACC_1000164,CUST_100140,EUR,Active
ACC_1000165,CUST_100141,AED,Active
ACC_1000166,CUST_100142,AED,Active
ACC_1000167,CUST_100143,AED,Active
ACC_1000168,CUST_100144,AED,Active
ACC_1000169,CUST_100145,AED,Active
ACC_1000170,CUST_100146,AED,Active
ACC_1000171,CUST_100147,EUR,Active
ACC_1000172,CUST_100148,AED,Active
ACC_1000173,CUST_100149,AED,Active
ACC_1000174,CUST_100150,AED,Active
ACC_1000175,CUST_100151,AED,Active
ACC_1000176,CUST_100152,AED,Active
ACC_1000177,CUST_100153,AED,Active
ACC_1000178,CUST_100154,AED,Active
ACC_1000179,CUST_100155,AED,Active
ACC_1000180,CUST_100156,AED,Active
ACC_1000181,CUST_100157,USD,Active
ACC_1000182,CUST_100158,AED,Active
ACC_1000183,CUST_100159,AED,Active
ACC_1000184,CUST_100159,USD,Active
ACC_1000185,CUST_100160,AED,Active
ACC_1000186,CUST_100161,USD,Active
ACC_1000187,CUST_100162,AED,Active
ACC_1000188,CUST_100162,AED,Active
ACC_1000189,CUST_100163,AED,Active
ACC_1000190,CUST_100164,AED,Active
ACC_1000191,CUST_100164,AED,Active
ACC_1000192,CUST_100165,AED,Active
ACC_1000193,CUST_100166,AED,Active
ACC_1000194,CUST_100166,AED,Active
ACC_1000195,CUST_100167,USD,Active
ACC_1000196,CUST_100168,AED,Active
ACC_1000197,CUST_100168,USD,Active
ACC_1000198,CUST_100169,AED,Active
ACC_1000199,CUST_100170,AED,Active
ACC_1000200,CUST_100170,AED,Active
ACC_1000201,CUST_100171,AED,Active
ACC_1000202,CUST_100171,AED,Active
ACC_1000203,CUST_100172,USD,Active
ACC_1000204,CUST_100172,AED,Active
ACC_1000205,CUST_100173,AED,Active
ACC_1000206,CUST_100174,AED,Active
ACC_1000207,CUST_100175,AED,Active
ACC_1000208,CUST_100175,EUR,Active
ACC_1000209,CUST_100176,AED,Active
ACC_1000210,CUST_100177,AED,Active
ACC_1000211,CUST_100178,AED,Active
ACC_1000212,CUST_100179,EUR,Active
ACC_1000213,CUST_100180,AED,Active
ACC_1000214,CUST_100181,EUR,Active
ACC_1000215,CUST_100182,AED,Active
ACC_1000216,CUST_100183,AED,Active
ACC_1000217,CUST_100184,USD,Active
ACC_1000218,CUST_100185,AED,Active
ACC_1000219,CUST_100186,AED,Active
ACC_1000220,CUST_100187,AED,Active
ACC_1000221,CUST_100187,AED,Active
ACC_1000222,CUST_100188,AED,Active
ACC_1000223,CUST_100189,AED,Active
ACC_1000224,CUST_100190,AED,Active
ACC_1000225,CUST_100191,AED,Active
ACC_1000226,CUST_100191,AED,Active
ACC_1000227,CUST_100192,AED,Active
ACC_1000228,CUST_100192,AED,Active
ACC_1000229,CUST_100193,AED,Active
ACC_1000230,CUST_100194,AED,Active
ACC_1000231,CUST_100195,AED,Active
ACC_1000232,CUST_100195,AED,Active
ACC_1000233,CUST_100196,AED,Active
ACC_1000234,CUST_100197,AED,Active
ACC_1000235,CUST_100198,AED,Active
ACC_1000236,CUST_100199,AED,Active
ACC_1000237,CUST_100200,AED,Active
ACC_1000238,CUST_100201,AED,Active
ACC_1000239,CUST_100202,AED,Active
ACC_1000240,CUST_100203,AED,Active
ACC_1000241,CUST_100204,AED,Active
ACC_1000242,CUST_100205,AED,Active
ACC_1000243,CUST_100206,AED,Active
ACC_1000244,CUST_100207,AED,Active
ACC_1000245,CUST_100208,USD,Active
ACC_1000246,CUST_100209,USD,Active
ACC_1000247,CUST_100209,AED,Active
ACC_1000248,CUST_100210,AED,Active
ACC_1000249,CUST_100211,AED,Active
ACC_1000250,CUST_100211,AED,Active
ACC_1000251,CUST_100212,AED,Active
ACC_1000252,CUST_100212,AED,Active
ACC_1000253,CUST_100213,AED,Active
ACC_1000254,CUST_100214,AED,Active
ACC_1000255,CUST_100214,AED,Active
ACC_1000256,CUST_100215,AED,Active
ACC_1000257,CUST_100216,AED,Active
ACC_1000258,CUST_100217,AED,Active
ACC_1000259,CUST_100218,AED,Active
ACC_1000260,CUST_100219,AED,Active
ACC_1000261,CUST_100219,AED,Active
ACC_1000262,CUST_100220,AED,Active
ACC_1000263,CUST_100221,USD,Active
ACC_1000264,CUST_100222,AED,Active
ACC_1000265,CUST_100222,AED,Active
ACC_1000266,CUST_100223,AED,Active
ACC_1000267,CUST_100223,AED,Active
ACC_1000268,CUST_100224,AED,Active
ACC_1000269,CUST_100225,AED,Active
ACC_1000270,CUST_100226,AED,Active
ACC_1000271,CUST_100227,AED,Active
ACC_1000272,CUST_100228,AED,Active
ACC_1000273,CUST_100229,AED,Active
ACC_1000274,CUST_100230,AED,Active
ACC_1000275,CUST_100231,AED,Active
ACC_1000276,CUST_100232,USD,Active
ACC_1000277,CUST_100233,AED,Active
ACC_1000278,CUST_100233,AED,Active
ACC_1000279,CUST_100234,AED,Active
ACC_1000280,CUST_100235,AED,Active
ACC_1000281,CUST_100236,USD,Active
ACC_1000282,CUST_100237,AED,Active
ACC_1000283,CUST_100238,AED,Active
ACC_1000284,CUST_100239,AED,Active
ACC_1000285,CUST_100240,EUR,Active
ACC_1000286,CUST_100240,AED,Active
ACC_1000287,CUST_100241,AED,Active
ACC_1000288,CUST_100241,AED,Active
ACC_1000289,CUST_100242,AED,Active
ACC_1000290,CUST_100243,AED,Active
ACC_1000291,CUST_100244,EUR,Active
ACC_1000292,CUST_100245,AED,Active
ACC_1000293,CUST_100246,AED,Active
ACC_1000294,CUST_100247,EUR,Active
ACC_1000295,CUST_100248,AED,Active
ACC_1000296,CUST_100249,AED,Active
ACC_1000297,CUST_100249,AED,Active
ACC_1000298,CUST_100250,AED,Active
ACC_1000299,CUST_100251,AED,Active
ACC_1000300,CUST_100251,AED,Active
ACC_1000301,CUST_100252,AED,Active
ACC_1000302,CUST_100253,AED,Active
ACC_1000303,CUST_100254,USD,Active
ACC_1000304,CUST_100255,AED,Active
ACC_1000305,CUST_100256,AED,Active
ACC_1000306,CUST_100257,AED,Active
ACC_1000307,CUST_100258,AED,Active
ACC_1000308,CUST_100259,AED,Active
ACC_1000309,CUST_100259,AED,Active
ACC_1000310,CUST_100260,AED,Active
ACC_1000311,CUST_100260,AED,Active
ACC_1000312,CUST_100261,AED,Active
ACC_1000313,CUST_100261,AED,Active
ACC_1000314,CUST_100262,AED,Active
ACC_1000315,CUST_100262,AED,Active
ACC_1000316,CUST_100263,AED,Active
ACC_1000317,CUST_100264,AED,Active
ACC_1000318,CUST_100265,AED,Active
ACC_1000319,CUST_100266,EUR,Active
ACC_1000320,CUST_100266,AED,Active
ACC_1000321,CUST_100267,AED,Active
ACC_1000322,CUST_100268,EUR,Active
ACC_1000323,CUST_100269,AED,Active
ACC_1000324,CUST_100270,AED,Active
ACC_1000325,CUST_100271,AED,Active
ACC_1000326,CUST_100272,AED,Active
ACC_1000327,CUST_100273,AED,Active
ACC_1000328,CUST_100274,AED,Active
ACC_1000329,CUST_100275,AED,Active
ACC_1000330,CUST_100276,AED,Active
ACC_1000331,CUST_100277,AED,Active
ACC_1000332,CUST_100278,AED,Active
ACC_1000333,CUST_100279,AED,Active
ACC_1000334,CUST_100280,AED,Active
ACC_1000335,CUST_100281,AED,Active
ACC_1000336,CUST_100282,AED,Active
ACC_1000337,CUST_100282,AED,Active
ACC_1000338,CUST_100283,AED,Active
ACC_1000339,CUST_100284,AED,Active
ACC_1000340,CUST_100285,AED,Active
ACC_1000341,CUST_100286,AED,Active
ACC_1000342,CUST_100287,AED,Active
ACC_1000343,CUST_100288,AED,Active
ACC_1000344,CUST_100288,AED,Active
ACC_1000345,CUST_100289,AED,Active
ACC_1000346,CUST_100289,AED,Active
ACC_1000347,CUST_100290,AED,Active
ACC_1000348,CUST_100291,AED,Active
ACC_1000349,CUST_100291,AED,Active
ACC_1000350,CUST_100292,AED,Active
ACC_1000351,CUST_100292,AED,Active
ACC_1000352,CUST_100293,AED,Active
ACC_1000353,CUST_100294,AED,Active
ACC_1000354,CUST_100295,AED,Active
ACC_1000355,CUST_100295,EUR,Active
ACC_1000356,CUST_100296,AED,Active
ACC_1000357,CUST_100297,AED,Active
ACC_1000358,CUST_100298,AED,Active
ACC_1000359,CUST_100299,AED,Active
ACC_1000360,CUST_100300,AED,Active
ACC_1000361,CUST_100301,AED,Active
ACC_1000362,CUST_100302,AED,Active
ACC_1000363,CUST_100303,AED,Active
ACC_1000364,CUST_100304,AED,Active
ACC_1000365,CUST_100305,AED,Active
ACC_1000366,CUST_100306,AED,Active
ACC_1000367,CUST_100307,AED,Active
ACC_1000368,CUST_100307,AED,Active
ACC_1000369,CUST_100308,AED,Active
ACC_1000370,CUST_100309,AED,Active
ACC_1000371,CUST_100309,AED,Active
ACC_1000372,CUST_100310,AED,Active
ACC_1000373,CUST_100310,AED,Active
ACC_1000374,CUST_100311,USD,Active
ACC_1000375,CUST_100312,AED,Active
ACC_1000376,CUST_100312,AED,Active
ACC_1000377,CUST_100313,AED,Active
ACC_1000378,CUST_100314,USD,Active
ACC_1000379,CUST_100315,EUR,Active
ACC_1000380,CUST_100316,AED,Active
ACC_1000381,CUST_100317,AED,Active
ACC_1000382,CUST_100317,AED,Active
ACC_1000383,CUST_100318,AED,Active
ACC_1000384,CUST_100319,AED,Active
ACC_1000385,CUST_100320,AED,Active
ACC_1000386,CUST_100321,AED,Active
ACC_1000387,CUST_100322,AED,Active
ACC_1000388,CUST_100322,AED,Active
ACC_1000389,CUST_100323,AED,Active
ACC_1000390,CUST_100324,AED,Active
ACC_1000391,CUST_100325,AED,Active
ACC_1000392,CUST_100326,AED,Active
ACC_1000393,CUST_100327,AED,Active
ACC_1000394,CUST_100327,AED,Active
ACC_1000395,CUST_100328,AED,Active
ACC_1000396,CUST_100329,AED,Active
ACC_1000397,CUST_100330,AED,Active
ACC_1000398,CUST_100331,AED,Active
ACC_1000399,CUST_100332,AED,Active
ACC_1000400,CUST_100333,AED,Active
ACC_1000401,CUST_100334,AED,Active
ACC_1000402,CUST_100335,AED,Active
ACC_1000403,CUST_100336,AED,Active
ACC_1000404,CUST_100337,AED,Active
ACC_1000405,CUST_100338,AED,Active
ACC_1000406,CUST_100339,USD,Active
ACC_1000407,CUST_100340,USD,Active
ACC_1000408,CUST_100341,AED,Active
ACC_1000409,CUST_100342,AED,Active
ACC_1000410,CUST_100342,AED,Active
ACC_1000411,CUST_100343,AED,Active
ACC_1000412,CUST_100344,EUR,Active
ACC_1000413,CUST_100345,AED,Active
ACC_1000414,CUST_100346,EUR,Active
ACC_1000415,CUST_100347,AED,Active
ACC_1000416,CUST_100347,AED,Active
ACC_1000417,CUST_100348,EUR,Active
ACC_1000418,CUST_100349,EUR,Active
ACC_1000419,CUST_100349,AED,Active
ACC_1000420,CUST_100350,AED,Active
ACC_1000421,CUST_100351,AED,Active
ACC_1000422,CUST_100352,AED,Active
ACC_1000423,CUST_100353,AED,Active
ACC_1000424,CUST_100354,AED,Active
ACC_1000425,CUST_100355,AED,Active
ACC_1000426,CUST_100356,EUR,Active
ACC_1000427,CUST_100357,AED,Active
ACC_1000428,CUST_100357,AED,Active
ACC_1000429,CUST_100358,AED,Active
ACC_1000430,CUST_100359,AED,Active
ACC_1000431,CUST_100360,AED,Active
ACC_1000432,CUST_100360,AED,Active
ACC_1000433,CUST_100361,AED,Active
ACC_1000434,CUST_100361,AED,Active
ACC_1000435,CUST_100362,AED,Active
ACC_1000436,CUST_100363,USD,Active
ACC_1000437,CUST_100364,AED,Active
ACC_1000438,CUST_100365,AED,Active
ACC_1000439,CUST_100366,AED,Active
ACC_1000440,CUST_100367,AED,Active
ACC_1000441,CUST_100367,AED,Active
ACC_1000442,CUST_100368,AED,Active
ACC_1000443,CUST_100369,AED,Active
ACC_1000444,CUST_100370,EUR,Active
ACC_1000445,CUST_100371,AED,Active
ACC_1000446,CUST_100372,AED,Active
ACC_1000447,CUST_100373,AED,Active
ACC_1000448,CUST_100374,AED,Active
ACC_1000449,CUST_100375,AED,Active
ACC_1000450,CUST_100375,EUR,Active
ACC_1000451,CUST_100376,AED,Active
ACC_1000452,CUST_100377,AED,Active
ACC_1000453,CUST_100378,AED,Active
ACC_1000454,CUST_100379,AED,Active
ACC_1000455,CUST_100380,AED,Active
ACC_1000456,CUST_100381,EUR,Active
ACC_1000457,CUST_100381,AED,Active
ACC_1000458,CUST_100382,AED,Active
ACC_1000459,CUST_100383,AED,Active
ACC_1000460,CUST_100383,AED,Active
ACC_1000461,CUST_100384,AED,Active
ACC_1000462,CUST_100385,AED,Active
ACC_1000463,CUST_100385,AED,Active
ACC_1000464,CUST_100386,AED,Active
ACC_1000465,CUST_100387,AED,Active
ACC_1000466,CUST_100387,AED,Active
ACC_1000467,CUST_100388,AED,Active
ACC_1000468,CUST_100388,EUR,Active
ACC_1000469,CUST_100389,AED,Active
ACC_1000470,CUST_100389,AED,Active
ACC_1000471,CUST_100390,AED,Active
ACC_1000472,CUST_100390,AED,Active
ACC_1000473,CUST_100391,AED,Active
ACC_1000474,CUST_100392,AED,Active
ACC_1000475,CUST_100393,AED,Active
ACC_1000476,CUST_100393,AED,Active
ACC_1000477,CUST_100394,AED,Active
ACC_1000478,CUST_100395,AED,Active
ACC_1000479,CUST_100396,AED,Active
ACC_1000480,CUST_100397,EUR,Active
ACC_1000481,CUST_100398,AED,Active
ACC_1000482,CUST_100398,AED,Active
ACC_1000483,CUST_100399,USD,Active
ACC_1000484,CUST_100400,AED,Active
ACC_1000485,CUST_100401,AED,Active
ACC_1000486,CUST_100402,AED,Active
ACC_1000487,CUST_100403,USD,Active
ACC_1000488,CUST_100404,AED,Active
ACC_1000489,CUST_100405,AED,Active
ACC_1000490,CUST_100406,AED,Active
ACC_1000491,CUST_100407,AED,Active
ACC_1000492,CUST_100408,AED,Active
ACC_1000493,CUST_100409,AED,Active
ACC_1000494,CUST_100410,AED,Active
ACC_1000495,CUST_100411,AED,Active
ACC_1000496,CUST_100412,AED,Active
ACC_1000497,CUST_100413,AED,Active
ACC_1000498,CUST_100414,AED,Active
ACC_1000499,CUST_100415,USD,Active
ACC_1000500,CUST_100416,AED,Active
ACC_1000501,CUST_100417,EUR,Active
ACC_1000502,CUST_100418,AED,Active
ACC_1000503,CUST_100419,USD,Active
ACC_1000504,CUST_100420,AED,Active
ACC_1000505,CUST_100421,AED,Active
ACC_1000506,CUST_100422,USD,Active
ACC_1000507,CUST_100423,AED,Active
ACC_1000508,CUST_100423,AED,Active
ACC_1000509,CUST_100424,AED,Active
ACC_1000510,CUST_100425,USD,Active
ACC_1000511,CUST_100426,AED,Active
ACC_1000512,CUST_100427,AED,Active
ACC_1000513,CUST_100427,AED,Active
ACC_1000514,CUST_100428,AED,Active
ACC_1000515,CUST_100428,AED,Active
ACC_1000516,CUST_100429,AED,Active
ACC_1000517,CUST_100429,AED,Active
ACC_1000518,CUST_100430,AED,Active
ACC_1000519,CUST_100431,AED,Active
ACC_1000520,CUST_100431,AED,Active
ACC_1000521,CUST_100432,AED,Active
ACC_1000522,CUST_100433,AED,Active
ACC_1000523,CUST_100434,AED,Active
ACC_1000524,CUST_100435,AED,Active
ACC_1000525,CUST_100436,AED,Active
ACC_1000526,CUST_100437,AED,Active
ACC_1000527,CUST_100438,AED,Active
ACC_1000528,CUST_100439,AED,Active
ACC_1000529,CUST_100440,USD,Active
ACC_1000530,CUST_100441,AED,Active
ACC_1000531,CUST_100442,USD,Active
ACC_1000532,CUST_100443,AED,Active
ACC_1000533,CUST_100443,AED,Active
ACC_1000534,CUST_100444,AED,Active
ACC_1000535,CUST_100445,AED,Active
ACC_1000536,CUST_100446,AED,Active
ACC_1000537,CUST_100447,AED,Active
ACC_1000538,CUST_100448,AED,Active
ACC_1000539,CUST_100448,AED,Active
ACC_1000540,CUST_100449,AED,Active
ACC_1000541,CUST_100450,AED,Active
ACC_1000542,CUST_100451,AED,Active
ACC_1000543,CUST_100452,AED,Active
ACC_1000544,CUST_100453,AED,Active
ACC_1000545,CUST_100454,AED,Active
ACC_1000546,CUST_100455,AED,Active
ACC_1000547,CUST_100456,AED,Active
ACC_1000548,CUST_100457,AED,Active
ACC_1000549,CUST_100458,AED,Active
ACC_1000550,CUST_100459,AED,Active
ACC_1000551,CUST_100460,AED,Active
ACC_1000552,CUST_100461,AED,Active
ACC_1000553,CUST_100462,AED,Active
ACC_1000554,CUST_100463,EUR,Active
ACC_1000555,CUST_100463,EUR,Active
ACC_1000556,CUST_100464,AED,Active
ACC_1000557,CUST_100465,AED,Active
ACC_1000558,CUST_100466,USD,Active
ACC_1000559,CUST_100467,AED,Active
ACC_1000560,CUST_100468,AED,Active
ACC_1000561,CUST_100469,EUR,Active
ACC_1000562,CUST_100470,AED,Active
ACC_1000563,CUST_100470,AED,Active
ACC_1000564,CUST_100471,AED,Active
ACC_1000565,CUST_100472,USD,Active
ACC_1000566,CUST_100472,AED,Active
ACC_1000567,CUST_100473,EUR,Active
ACC_1000568,CUST_100474,AED,Active
ACC_1000569,CUST_100475,AED,Active
ACC_1000570,CUST_100476,AED,Active
ACC_1000571,CUST_100477,AED,Active
ACC_1000572,CUST_100478,AED,Active
ACC_1000573,CUST_100479,AED,Active
ACC_1000574,CUST_100480,AED,Active
ACC_1000575,CUST_100481,AED,Active
ACC_1000576,CUST_100482,AED,Active
ACC_1000577,CUST_100483,AED,Active
ACC_1000578,CUST_100484,AED,Active
ACC_1000579,CUST_100485,AED,Active
ACC_1000580,CUST_100486,AED,Active
ACC_1000581,CUST_100487,AED,Active
ACC_1000582,CUST_100488,AED,Active
ACC_1000583,CUST_100489,EUR,Active
ACC_1000584,CUST_100490,AED,Active
ACC_1000585,CUST_100491,AED,Active
ACC_1000586,CUST_100492,AED,Active
ACC_1000587,CUST_100493,AED,Active
ACC_1000588,CUST_100493,AED,Active
ACC_1000589,CUST_100494,AED,Active
ACC_1000590,CUST_100495,AED,Active
ACC_1000591,CUST_100496,USD,Active
ACC_1000592,CUST_100497,AED,Active
ACC_1000593,CUST_100498,AED,Active
ACC_1000594,CUST_100499,AED,Active
ACC_1000595,CUST_100500,AED,Active
ACC_1000596,CUST_100501,AED,Active
ACC_1000597,CUST_100502,AED,Active
ACC_1000598,CUST_100503,AED,Active
ACC_1000599,CUST_100504,AED,Active
ACC_1000600,CUST_100505,AED,Active
ACC_1000601,CUST_100506,USD,Active
ACC_1000602,CUST_100507,AED,Active
ACC_1000603,CUST_100508,AED,Active
ACC_1000604,CUST_100509,AED,Active
ACC_1000605,CUST_100509,AED,Active
ACC_1000606,CUST_100510,AED,Active
ACC_1000607,CUST_100511,USD,Active
ACC_1000608,CUST_100512,USD,Active
ACC_1000609,CUST_100513,AED,Active
ACC_1000610,CUST_100514,AED,Active
ACC_1000611,CUST_100515,AED,Active
ACC_1000612,CUST_100516,AED,Active
ACC_1000613,CUST_100517,AED,Active
ACC_1000614,CUST_100517,AED,Active
ACC_1000615,CUST_100518,USD,Active
ACC_1000616,CUST_100518,AED,Active
ACC_1000617,CUST_100519,AED,Active
ACC_1000618,CUST_100519,AED,Active
ACC_1000619,CUST_100520,AED,Active
ACC_1000620,CUST_100521,AED,Active
ACC_1000621,CUST_100522,AED,Active
ACC_1000622,CUST_100523,EUR,Active
ACC_1000623,CUST_100523,AED,Active
ACC_1000624,CUST_100524,AED,Active
ACC_1000625,CUST_100525,AED,Active
ACC_1000626,CUST_100526,AED,Active
ACC_1000627,CUST_100526,AED,Active
ACC_1000628,CUST_100527,AED,Active
ACC_1000629,CUST_100528,AED,Active
ACC_1000630,CUST_100529,AED,Active
ACC_1000631,CUST_100530,AED,Active
ACC_1000632,CUST_100531,AED,Active
ACC_1000633,CUST_100532,AED,Active
ACC_1000634,CUST_100533,AED,Active
ACC_1000635,CUST_100534,AED,Active
ACC_1000636,CUST_100535,AED,Active
ACC_1000637,CUST_100536,AED,Active
ACC_1000638,CUST_100537,AED,Active
ACC_1000639,CUST_100538,AED,Active
ACC_1000640,CUST_100538,AED,Active
ACC_1000641,CUST_100539,AED,Active
ACC_1000642,CUST_100540,AED,Active
ACC_1000643,CUST_100541,AED,Active
ACC_1000644,CUST_100542,AED,Active
ACC_1000645,CUST_100543,AED,Active
ACC_1000646,CUST_100544,AED,Active
ACC_1000647,CUST_100545,AED,Active
ACC_1000648,CUST_100545,AED,Active
ACC_1000649,CUST_100546,AED,Active
ACC_1000650,CUST_100547,AED,Active
ACC_1000651,CUST_100548,AED,Active
ACC_1000652,CUST_100549,USD,Active
ACC_1000653,CUST_100550,AED,Active
ACC_1000654,CUST_100551,AED,Active
ACC_1000655,CUST_100551,AED,Active
ACC_1000656,CUST_100552,AED,Active
ACC_1000657,CUST_100553,AED,Active
ACC_1000658,CUST_100553,AED,Active
ACC_1000659,CUST_100554,USD,Active
ACC_1000660,CUST_100555,AED,Active
ACC_1000661,CUST_100556,USD,Active
ACC_1000662,CUST_100557,AED,Active
ACC_1000663,CUST_100558,USD,Active
ACC_1000664,CUST_100559,AED,Active
ACC_1000665,CUST_100560,AED,Active
ACC_1000666,CUST_100560,AED,Active
ACC_1000667,CUST_100561,USD,Active
ACC_1000668,CUST_100561,AED,Active
ACC_1000669,CUST_100562,AED,Active
ACC_1000670,CUST_100563,AED,Active
ACC_1000671,CUST_100564,AED,Active
ACC_1000672,CUST_100564,AED,Active
ACC_1000673,CUST_100565,AED,Active
ACC_1000674,CUST_100565,USD,Active
ACC_1000675,CUST_100566,AED,Active
ACC_1000676,CUST_100567,AED,Active
ACC_1000677,CUST_100568,AED,Active
ACC_1000678,CUST_100569,AED,Active
ACC_1000679,CUST_100570,AED,Active
ACC_1000680,CUST_100571,AED,Active
ACC_1000681,CUST_100572,USD,Active
ACC_1000682,CUST_100573,AED,Active
ACC_1000683,CUST_100574,AED,Active
ACC_1000684,CUST_100574,AED,Active
ACC_1000685,CUST_100575,AED,Active
ACC_1000686,CUST_100576,AED,Active
ACC_1000687,CUST_100576,AED,Active
ACC_1000688,CUST_100577,USD,Active
ACC_1000689,CUST_100578,AED,Active
ACC_1000690,CUST_100579,AED,Active
ACC_1000691,CUST_100580,AED,Active
ACC_1000692,CUST_100580,EUR,Active
ACC_1000693,CUST_100581,AED,Active
ACC_1000694,CUST_100581,AED,Active
ACC_1000695,CUST_100582,AED,Active
ACC_1000696,CUST_100583,AED,Active
ACC_1000697,CUST_100584,AED,Active
ACC_1000698,CUST_100585,AED,Active
ACC_1000699,CUST_100586,AED,Active
ACC_1000700,CUST_100587,AED,Active
ACC_1000701,CUST_100588,AED,Active
ACC_1000702,CUST_100588,EUR,Active
ACC_1000703,CUST_100589,AED,Active
ACC_1000704,CUST_100590,AED,Active
ACC_1000705,CUST_100591,USD,Active
ACC_1000706,CUST_100592,AED,Active
ACC_1000707,CUST_100593,AED,Active
ACC_1000708,CUST_100594,AED,Active
ACC_1000709,CUST_100595,AED,Active
ACC_1000710,CUST_100595,AED,Active
ACC_1000711,CUST_100596,AED,Active
ACC_1000712,CUST_100597,AED,Active
ACC_1000713,CUST_100598,AED,Active
ACC_1000714,CUST_100599,AED,Active
ACC_1000715,CUST_100600,USD,Active
ACC_1000716,CUST_100601,AED,Active
ACC_1000717,CUST_100602,AED,Active
ACC_1000718,CUST_100603,AED,Active
ACC_1000719,CUST_100604,USD,Active
ACC_1000720,CUST_100605,AED,Active
ACC_1000721,CUST_100606,AED,Active
ACC_1000722,CUST_100607,AED,Active
ACC_1000723,CUST_100608,USD,Active
ACC_1000724,CUST_100608,AED,Active
ACC_1000725,CUST_100609,AED,Active
ACC_1000726,CUST_100610,AED,Active
ACC_1000727,CUST_100611,AED,Active
ACC_1000728,CUST_100612,AED,Active
ACC_1000729,CUST_100613,AED,Active
ACC_1000730,CUST_100614,AED,Active
ACC_1000731,CUST_100615,AED,Active
ACC_1000732,CUST_100616,AED,Active
ACC_1000733,CUST_100617,AED,Active
ACC_1000734,CUST_100617,AED,Active
ACC_1000735,CUST_100618,AED,Active
ACC_1000736,CUST_100618,AED,Active
ACC_1000737,CUST_100619,AED,Active
ACC_1000738,CUST_100619,AED,Active
ACC_1000739,CUST_100620,AED,Active
ACC_1000740,CUST_100621,AED,Active
ACC_1000741,CUST_100622,AED,Active
ACC_1000742,CUST_100622,AED,Active
ACC_1000743,CUST_100623,USD,Active
ACC_1000744,CUST_100624,AED,Active
ACC_1000745,CUST_100625,AED,Active
ACC_1000746,CUST_100626,USD,Active
ACC_1000747,CUST_100627,USD,Active
ACC_1000748,CUST_100628,AED,Active
ACC_1000749,CUST_100628,AED,Active
ACC_1000750,CUST_100629,EUR,Active
ACC_1000751,CUST_100630,EUR,Active
ACC_1000752,CUST_100631,AED,Active
ACC_1000753,CUST_100632,AED,Active
ACC_1000754,CUST_100633,AED,Active
ACC_1000755,CUST_100634,EUR,Active
ACC_1000756,CUST_100635,AED,Active
ACC_1000757,CUST_100636,AED,Active
ACC_1000758,CUST_100636,AED,Active
ACC_1000759,CUST_100637,AED,Active
ACC_1000760,CUST_100638,USD,Active
ACC_1000761,CUST_100639,AED,Active
ACC_1000762,CUST_100640,AED,Active
ACC_1000763,CUST_100641,AED,Active
ACC_1000764,CUST_100642,AED,Active
ACC_1000765,CUST_100643,AED,Active
ACC_1000766,CUST_100644,AED,Active
ACC_1000767,CUST_100645,AED,Active
ACC_1000768,CUST_100646,AED,Active
ACC_1000769,CUST_100647,AED,Active
ACC_1000770,CUST_100647,AED,Active
ACC_1000771,CUST_100648,AED,Active
ACC_1000772,CUST_100649,AED,Active
ACC_1000773,CUST_100650,AED,Active
ACC_1000774,CUST_100651,AED,Active
ACC_1000775,CUST_100652,AED,Active
ACC_1000776,CUST_100653,AED,Active
ACC_1000777,CUST_100653,AED,Active
ACC_1000778,CUST_100654,USD,Active
ACC_1000779,CUST_100655,USD,Active
ACC_1000780,CUST_100656,EUR,Active
ACC_1000781,CUST_100657,AED,Active
ACC_1000782,CUST_100658,USD,Active
ACC_1000783,CUST_100659,AED,Active
ACC_1000784,CUST_100660,USD,Active
ACC_1000785,CUST_100661,AED,Active
ACC_1000786,CUST_100662,AED,Active
ACC_1000787,CUST_100663,AED,Active
ACC_1000788,CUST_100664,AED,Active
ACC_1000789,CUST_100665,AED,Active
ACC_1000790,CUST_100666,AED,Active
ACC_1000791,CUST_100667,AED,Active
ACC_1000792,CUST_100667,AED,Active
ACC_1000793,CUST_100668,AED,Active
ACC_1000794,CUST_100669,AED,Active
ACC_1000795,CUST_100670,AED,Active
ACC_1000796,CUST_100670,EUR,Active
ACC_1000797,CUST_100671,USD,Active
ACC_1000798,CUST_100672,AED,Active
ACC_1000799,CUST_100673,AED,Active
ACC_1000800,CUST_100674,AED,Active
ACC_1000801,CUST_100675,AED,Active
ACC_1000802,CUST_100676,EUR,Active
ACC_1000803,CUST_100677,AED,Active
ACC_1000804,CUST_100678,AED,Active
ACC_1000805,CUST_100679,AED,Active
ACC_1000806,CUST_100680,USD,Active
ACC_1000807,CUST_100680,AED,Active
ACC_1000808,CUST_100681,AED,Active
ACC_1000809,CUST_100682,USD,Active
ACC_1000810,CUST_100683,AED,Active
ACC_1000811,CUST_100684,AED,Active
ACC_1000812,CUST_100685,AED,Active
ACC_1000813,CUST_100685,AED,Active
ACC_1000814,CUST_100686,AED,Active
ACC_1000815,CUST_100687,AED,Active
ACC_1000816,CUST_100688,AED,Active
ACC_1000817,CUST_100689,AED,Active
ACC_1000818,CUST_100690,AED,Active
ACC_1000819,CUST_100691,AED,Active
ACC_1000820,CUST_100692,AED,Active
ACC_1000821,CUST_100693,AED,Active
ACC_1000822,CUST_100694,AED,Active
ACC_1000823,CUST_100695,AED,Active
ACC_1000824,CUST_100695,AED,Active
ACC_1000825,CUST_100696,AED,Active
ACC_1000826,CUST_100697,AED,Active
ACC_1000827,CUST_100698,AED,Active
ACC_1000828,CUST_100698,AED,Active
ACC_1000829,CUST_100699,USD,Active
ACC_1000830,CUST_100700,USD,Active
ACC_1000831,CUST_100701,AED,Active
ACC_1000832,CUST_100702,AED,Active
ACC_1000833,CUST_100703,AED,Active
ACC_1000834,CUST_100703,AED,Active
ACC_1000835,CUST_100704,USD,Active
ACC_1000836,CUST_100704,AED,Active
ACC_1000837,CUST_100705,USD,Active
ACC_1000838,CUST_100706,AED,Active
ACC_1000839,CUST_100707,USD,Active
ACC_1000840,CUST_100708,USD,Active
ACC_1000841,CUST_100709,AED,Active
ACC_1000842,CUST_100709,AED,Active
ACC_1000843,CUST_100710,AED,Active
ACC_1000844,CUST_100711,AED,Active
ACC_1000845,CUST_100712,AED,Active
ACC_1000846,CUST_100713,AED,Active
ACC_1000847,CUST_100714,EUR,Active
ACC_1000848,CUST_100714,USD,Active
ACC_1000849,CUST_100715,AED,Active
ACC_1000850,CUST_100716,AED,Active
ACC_1000851,CUST_100717,AED,Active
ACC_1000852,CUST_100718,USD,Active
ACC_1000853,CUST_100718,AED,Active
ACC_1000854,CUST_100719,AED,Active
ACC_1000855,CUST_100719,USD,Active
ACC_1000856,CUST_100720,AED,Active
ACC_1000857,CUST_100721,AED,Active
ACC_1000858,CUST_100721,AED,Active
ACC_1000859,CUST_100722,AED,Active
ACC_1000860,CUST_100722,AED,Active
ACC_1000861,CUST_100723,AED,Active
ACC_1000862,CUST_100724,USD,Active
ACC_1000863,CUST_100725,AED,Active
ACC_1000864,CUST_100726,AED,Active
ACC_1000865,CUST_100726,AED,Active
ACC_1000866,CUST_100727,AED,Active
ACC_1000867,CUST_100728,AED,Active
ACC_1000868,CUST_100729,AED,Active
ACC_1000869,CUST_100729,EUR,Active
ACC_1000870,CUST_100730,AED,Active
ACC_1000871,CUST_100731,AED,Active
ACC_1000872,CUST_100732,AED,Active
ACC_1000873,CUST_100733,AED,Active
ACC_1000874,CUST_100734,AED,Active
ACC_1000875,CUST_100734,AED,Active
ACC_1000876,CUST_100735,AED,Active
ACC_1000877,CUST_100736,AED,Active
ACC_1000878,CUST_100736,USD,Active
ACC_1000879,CUST_100737,AED,Active
ACC_1000880,CUST_100738,AED,Active
ACC_1000881,CUST_100739,AED,Active
ACC_1000882,CUST_100739,AED,Active
ACC_1000883,CUST_100740,AED,Active
ACC_1000884,CUST_100741,USD,Active
ACC_1000885,CUST_100742,AED,Active
ACC_1000886,CUST_100742,AED,Active
ACC_1000887,CUST_100743,AED,Active
ACC_1000888,CUST_100744,AED,Active
ACC_1000889,CUST_100744,AED,Active
ACC_1000890,CUST_100745,AED,Active
ACC_1000891,CUST_100745,EUR,Active
ACC_1000892,CUST_100746,AED,Active
ACC_1000893,CUST_100747,AED,Active
ACC_1000894,CUST_100748,AED,Active
ACC_1000895,CUST_100749,AED,Active
ACC_1000896,CUST_100750,AED,Active
ACC_1000897,CUST_100751,AED,Active
ACC_1000898,CUST_100752,AED,Active
ACC_1000899,CUST_100753,AED,Active
ACC_1000900,CUST_100754,AED,Active
ACC_1000901,CUST_100755,AED,Active
ACC_1000902,CUST_100756,AED,Active
ACC_1000903,CUST_100757,USD,Active
ACC_1000904,CUST_100758,AED,Active
ACC_1000905,CUST_100759,AED,Active
ACC_1000906,CUST_100760,AED,Active
ACC_1000907,CUST_100761,EUR,Active
ACC_1000908,CUST_100762,AED,Active
ACC_1000909,CUST_100763,AED,Active
ACC_1000910,CUST_100764,USD,Active
ACC_1000911,CUST_100765,USD,Active
ACC_1000912,CUST_100766,AED,Active
ACC_1000913,CUST_100767,AED,Active
ACC_1000914,CUST_100768,AED,Active
ACC_1000915,CUST_100769,AED,Active
ACC_1000916,CUST_100770,USD,Active
ACC_1000917,CUST_100771,USD,Active
ACC_1000918,CUST_100772,AED,Active
ACC_1000919,CUST_100772,AED,Active
ACC_1000920,CUST_100773,AED,Active
ACC_1000921,CUST_100774,AED,Active
ACC_1000922,CUST_100774,EUR,Active
ACC_1000923,CUST_100775,AED,Active
ACC_1000924,CUST_100776,AED,Active
ACC_1000925,CUST_100777,AED,Active
ACC_1000926,CUST_100778,AED,Active
ACC_1000927,CUST_100779,EUR,Active
ACC_1000928,CUST_100780,AED,Active
ACC_1000929,CUST_100781,AED,Active
ACC_1000930,CUST_100782,AED,Active
ACC_1000931,CUST_100783,AED,Active
ACC_1000932,CUST_100783,AED,Active
ACC_1000933,CUST_100784,AED,Active
ACC_1000934,CUST_100784,AED,Active
ACC_1000935,CUST_100785,USD,Active
ACC_1000936,CUST_100786,AED,Active
ACC_1000937,CUST_100786,AED,Active
ACC_1000938,CUST_100787,AED,Active
ACC_1000939,CUST_100788,AED,Active
ACC_1000940,CUST_100789,AED,Active
ACC_1000941,CUST_100790,AED,Active
ACC_1000942,CUST_100791,AED,Active
ACC_1000943,CUST_100792,AED,Active
ACC_1000944,CUST_100793,AED,Active
ACC_1000945,CUST_100793,AED,Active
ACC_1000946,CUST_100794,AED,Active
ACC_1000947,CUST_100795,AED,Active
ACC_1000948,CUST_100796,AED,Active
ACC_1000949,CUST_100797,AED,Active
ACC_1000950,CUST_100798,AED,Active
ACC_1000951,CUST_100799,AED,Active
ACC_1000952,CUST_100799,AED,Active
ACC_1000953,CUST_100800,AED,Active
ACC_1000954,CUST_100801,AED,Active
ACC_1000955,CUST_100801,AED,Active
ACC_1000956,CUST_100802,AED,Active
ACC_1000957,CUST_100803,AED,Active
ACC_1000958,CUST_100804,AED,Active
ACC_1000959,CUST_100805,AED,Active
ACC_1000960,CUST_100805,EUR,Active
ACC_1000961,CUST_100806,AED,Active
ACC_1000962,CUST_100806,AED,Active
ACC_1000963,CUST_100807,AED,Active
ACC_1000964,CUST_100808,AED,Active
ACC_1000965,CUST_100809,AED,Active
ACC_1000966,CUST_100810,USD,Active
ACC_1000967,CUST_100811,AED,Active
ACC_1000968,CUST_100812,AED,Active
ACC_1000969,CUST_100813,AED,Active
ACC_1000970,CUST_100814,AED,Active
ACC_1000971,CUST_100815,AED,Active
ACC_1000972,CUST_100816,USD,Active
ACC_1000973,CUST_100817,AED,Active
ACC_1000974,CUST_100817,AED,Active
ACC_1000975,CUST_100818,USD,Active
ACC_1000976,CUST_100819,AED,Active
ACC_1000977,CUST_100819,AED,Active
ACC_1000978,CUST_100820,AED,Active
ACC_1000979,CUST_100821,AED,Active
ACC_1000980,CUST_100822,AED,Active
ACC_1000981,CUST_100823,AED,Active
ACC_1000982,CUST_100824,AED,Active
ACC_1000983,CUST_100824,AED,Active
ACC_1000984,CUST_100825,AED,Active
ACC_1000985,CUST_100826,AED,Active
ACC_1000986,CUST_100827,AED,Active
ACC_1000987,CUST_100828,AED,Active
ACC_1000988,CUST_100829,AED,Active
ACC_1000989,CUST_100830,AED,Active
ACC_1000990,CUST_100830,AED,Active
ACC_1000991,CUST_100831,AED,Active
ACC_1000992,CUST_100831,AED,Active
ACC_1000993,CUST_100832,AED,Active
ACC_1000994,CUST_100833,AED,Active
ACC_1000995,CUST_100834,AED,Active
ACC_1000996,CUST_100835,AED,Active
ACC_1000997,CUST_100836,AED,Active
ACC_1000998,CUST_100836,AED,Active
ACC_1000999,CUST_100837,AED,Active
ACC_1001000,CUST_100838,AED,Active
ACC_1001001,CUST_100839,USD,Active
ACC_1001002,CUST_100840,AED,Active
ACC_1001003,CUST_100841,AED,Active
ACC_1001004,CUST_100842,AED,Active
ACC_1001005,CUST_100843,AED,Active
ACC_1001006,CUST_100844,AED,Active
ACC_1001007,CUST_100845,USD,Active
ACC_1001008,CUST_100846,AED,Active
ACC_1001009,CUST_100847,AED,Active
ACC_1001010,CUST_100848,AED,Active
ACC_1001011,CUST_100849,AED,Active
ACC_1001012,CUST_100849,AED,Active
ACC_1001013,CUST_100850,AED,Active
ACC_1001014,CUST_100851,AED,Active
ACC_1001015,CUST_100852,AED,Active
ACC_1001016,CUST_100853,AED,Active
ACC_1001017,CUST_100854,AED,Active
ACC_1001018,CUST_100855,AED,Active
ACC_1001019,CUST_100856,AED,Active
ACC_1001020,CUST_100857,AED,Active
ACC_1001021,CUST_100858,AED,Active
ACC_1001022,CUST_100859,AED,Active
ACC_1001023,CUST_100860,AED,Active
ACC_1001024,CUST_100861,AED,Active
ACC_1001025,CUST_100862,USD,Active
ACC_1001026,CUST_100863,AED,Active
ACC_1001027,CUST_100864,AED,Active
ACC_1001028,CUST_100865,AED,Active
ACC_1001029,CUST_100866,EUR,Active
ACC_1001030,CUST_100867,AED,Active
ACC_1001031,CUST_100868,USD,Active
ACC_1001032,CUST_100869,AED,Active
ACC_1001033,CUST_100870,AED,Active
ACC_1001034,CUST_100871,AED,Active
ACC_1001035,CUST_100872,AED,Active
ACC_1001036,CUST_100872,AED,Active
ACC_1001037,CUST_100873,AED,Active
ACC_1001038,CUST_100874,AED,Active
ACC_1001039,CUST_100875,USD,Active
ACC_1001040,CUST_100876,AED,Active
ACC_1001041,CUST_100877,AED,Active
ACC_1001042,CUST_100878,AED,Active
ACC_1001043,CUST_100878,AED,Active
ACC_1001044,CUST_100879,USD,Active
ACC_1001045,CUST_100880,AED,Active
ACC_1001046,CUST_100881,AED,Active
ACC_1001047,CUST_100881,USD,Active
ACC_1001048,CUST_100882,AED,Active
ACC_1001049,CUST_100883,AED,Active
ACC_1001050,CUST_100884,AED,Active
ACC_1001051,CUST_100885,AED,Active
ACC_1001052,CUST_100886,USD,Active
ACC_1001053,CUST_100887,USD,Active
ACC_1001054,CUST_100888,USD,Active
ACC_1001055,CUST_100888,AED,Active
ACC_1001056,CUST_100889,EUR,Active
ACC_1001057,CUST_100890,AED,Active
ACC_1001058,CUST_100891,AED,Active
ACC_1001059,CUST_100892,AED,Active
ACC_1001060,CUST_100893,AED,Active
ACC_1001061,CUST_100894,AED,Active
ACC_1001062,CUST_100894,AED,Active
ACC_1001063,CUST_100895,AED,Active
ACC_1001064,CUST_100896,AED,Active
ACC_1001065,CUST_100897,USD,Active
ACC_1001066,CUST_100898,AED,Active
ACC_1001067,CUST_100899,AED,Active
ACC_1001068,CUST_100900,EUR,Active
ACC_1001069,CUST_100901,AED,Active
ACC_1001070,CUST_100901,AED,Active
ACC_1001071,CUST_100902,AED,Active
ACC_1001072,CUST_100903,AED,Active
ACC_1001073,CUST_100904,AED,Active
ACC_1001074,CUST_100905,AED,Active
ACC_1001075,CUST_100906,AED,Active
ACC_1001076,CUST_100907,AED,Active
ACC_1001077,CUST_100908,AED,Active
ACC_1001078,CUST_100908,AED,Active
ACC_1001079,CUST_100909,USD,Active
ACC_1001080,CUST_100910,AED,Active
ACC_1001081,CUST_100910,AED,Active
ACC_1001082,CUST_100911,AED,Active
ACC_1001083,CUST_100912,AED,Active
ACC_1001084,CUST_100913,AED,Active
ACC_1001085,CUST_100914,AED,Active
ACC_1001086,CUST_100915,AED,Active
ACC_1001087,CUST_100915,AED,Active
ACC_1001088,CUST_100916,AED,Active
ACC_1001089,CUST_100917,AED,Active
ACC_1001090,CUST_100918,AED,Active
ACC_1001091,CUST_100919,EUR,Active
ACC_1001092,CUST_100919,USD,Active
ACC_1001093,CUST_100920,AED,Active
ACC_1001094,CUST_100921,AED,Active
ACC_1001095,CUST_100922,AED,Active
ACC_1001096,CUST_100922,EUR,Active
ACC_1001097,CUST_100923,AED,Active
ACC_1001098,CUST_100924,AED,Active
ACC_1001099,CUST_100925,AED,Active
ACC_1001100,CUST_100926,AED,Active
ACC_1001101,CUST_100926,AED,Active
ACC_1001102,CUST_100927,USD,Active
ACC_1001103,CUST_100928,AED,Active
ACC_1001104,CUST_100928,AED,Active
ACC_1001105,CUST_100929,USD,Active
ACC_1001106,CUST_100930,AED,Active
ACC_1001107,CUST_100930,AED,Active
ACC_1001108,CUST_100931,AED,Active
ACC_1001109,CUST_100932,AED,Active
ACC_1001110,CUST_100932,AED,Active
ACC_1001111,CUST_100933,AED,Active
ACC_1001112,CUST_100934,AED,Active
ACC_1001113,CUST_100935,USD,Active
ACC_1001114,CUST_100936,AED,Active
ACC_1001115,CUST_100937,USD,Active
ACC_1001116,CUST_100937,AED,Active
ACC_1001117,CUST_100938,AED,Active
ACC_1001118,CUST_100939,AED,Active
ACC_1001119,CUST_100940,AED,Active
ACC_1001120,CUST_100941,AED,Active
ACC_1001121,CUST_100942,USD,Active
ACC_1001122,CUST_100943,AED,Active
ACC_1001123,CUST_100943,AED,Active
ACC_1001124,CUST_100944,AED,Active
ACC_1001125,CUST_100945,AED,Active
ACC_1001126,CUST_100946,AED,Active
ACC_1001127,CUST_100946,AED,Active
ACC_1001128,CUST_100947,AED,Active
ACC_1001129,CUST_100948,AED,Active
ACC_1001130,CUST_100949,USD,Active
ACC_1001131,CUST_100950,AED,Active
ACC_1001132,CUST_100951,AED,Active
ACC_1001133,CUST_100952,AED,Active
ACC_1001134,CUST_100953,AED,Active
ACC_1001135,CUST_100953,AED,Active
ACC_1001136,CUST_100954,AED,Active
ACC_1001137,CUST_100955,USD,Active
ACC_1001138,CUST_100956,AED,Active
ACC_1001139,CUST_100957,AED,Active
ACC_1001140,CUST_100958,EUR,Active
ACC_1001141,CUST_100959,USD,Active
ACC_1001142,CUST_100959,AED,Active
ACC_1001143,CUST_100960,AED,Active
ACC_1001144,CUST_100961,AED,Active
ACC_1001145,CUST_100961,EUR,Active
ACC_1001146,CUST_100962,AED,Active
ACC_1001147,CUST_100963,AED,Active
ACC_1001148,CUST_100964,AED,Active
ACC_1001149,CUST_100965,AED,Active
ACC_1001150,CUST_100966,AED,Active
ACC_1001151,CUST_100966,AED,Active
ACC_1001152,CUST_100967,AED,Active
ACC_1001153,CUST_100968,AED,Active
ACC_1001154,CUST_100969,AED,Active
ACC_1001155,CUST_100970,AED,Active
ACC_1001156,CUST_100971,AED,Active
ACC_1001157,CUST_100972,AED,Active
ACC_1001158,CUST_100973,AED,Active
ACC_1001159,CUST_100974,AED,Active
ACC_1001160,CUST_100975,AED,Active
ACC_1001161,CUST_100976,AED,Active
ACC_1001162,CUST_100977,AED,Active
ACC_1001163,CUST_100978,USD,Active
ACC_1001164,CUST_100979,AED,Active
ACC_1001165,CUST_100980,AED,Active
ACC_1001166,CUST_100981,AED,Active
ACC_1001167,CUST_100981,AED,Active
ACC_1001168,CUST_100982,AED,Active
ACC_1001169,CUST_100982,AED,Active
ACC_1001170,CUST_100983,AED,Active
ACC_1001171,CUST_100984,AED,Active
ACC_1001172,CUST_100985,EUR,Active
ACC_1001173,CUST_100986,AED,Active
ACC_1001174,CUST_100987,AED,Active
ACC_1001175,CUST_100987,AED,Active
ACC_1001176,CUST_100988,EUR,Active
ACC_1001177,CUST_100989,AED,Active
ACC_1001178,CUST_100990,AED,Active
ACC_1001179,CUST_100991,AED,Active
ACC_1001180,CUST_100991,EUR,Active
ACC_1001181,CUST_100992,AED,Active
ACC_1001182,CUST_100993,AED,Active
ACC_1001183,CUST_100994,USD,Active
ACC_1001184,CUST_100994,AED,Active
ACC_1001185,CUST_100995,AED,Active
ACC_1001186,CUST_100996,AED,Active
ACC_1001187,CUST_100997,AED,Active
ACC_1001188,CUST_100998,AED,Active
ACC_1001189,CUST_100999,AED,Active
ACC_1001190,CUST_101000,AED,Active
ACC_1001191,CUST_101000,AED,Active
ACC_1001192,CUST_101001,AED,Active
ACC_1001193,CUST_101002,AED,Active
ACC_1001194,CUST_101003,AED,Active
ACC_1001195,CUST_101004,AED,Active
ACC_1001196,CUST_101005,AED,Active
ACC_1001197,CUST_101006,AED,Active
ACC_1001198,CUST_101007,AED,Active
ACC_1001199,CUST_101008,AED,Active
ACC_1001200,CUST_101008,USD,Active
ACC_1001201,CUST_101009,AED,Active
ACC_1001202,CUST_101010,AED,Active
ACC_1001203,CUST_101011,AED,Active
ACC_1001204,CUST_101012,AED,Active
ACC_1001205,CUST_101013,AED,Active
ACC_1001206,CUST_101014,AED,Active
ACC_1001207,CUST_101015,EUR,Active
ACC_1001208,CUST_101016,AED,Active
ACC_1001209,CUST_101017,AED,Active
ACC_1001210,CUST_101018,AED,Active
ACC_1001211,CUST_101019,AED,Active
ACC_1001212,CUST_101020,AED,Active
ACC_1001213,CUST_101021,AED,Active
ACC_1001214,CUST_101022,AED,Active
ACC_1001215,CUST_101023,AED,Active
ACC_1001216,CUST_101024,EUR,Active
ACC_1001217,CUST_101025,AED,Active
ACC_1001218,CUST_101026,AED,Active
ACC_1001219,CUST_101026,USD,Active
ACC_1001220,CUST_101027,AED,Active
ACC_1001221,CUST_101028,AED,Active
ACC_1001222,CUST_101029,AED,Active
ACC_1001223,CUST_101029,AED,Active
ACC_1001224,CUST_101030,AED,Active
ACC_1001225,CUST_101031,USD,Active
ACC_1001226,CUST_101031,AED,Active
ACC_1001227,CUST_101032,AED,Active
ACC_1001228,CUST_101033,AED,Active
ACC_1001229,CUST_101034,USD,Active
ACC_1001230,CUST_101035,AED,Active
ACC_1001231,CUST_101036,USD,Active
ACC_1001232,CUST_101037,AED,Active
ACC_1001233,CUST_101037,AED,Active
ACC_1001234,CUST_101038,AED,Active
ACC_1001235,CUST_101039,AED,Active
ACC_1001236,CUST_101040,AED,Active
ACC_1001237,CUST_101041,AED,Active
ACC_1001238,CUST_101041,AED,Active
ACC_1001239,CUST_101042,AED,Active
ACC_1001240,CUST_101043,AED,Active
ACC_1001241,CUST_101043,AED,Active
ACC_1001242,CUST_101044,AED,Active
ACC_1001243,CUST_101045,USD,Active
ACC_1001244,CUST_101046,AED,Active
ACC_1001245,CUST_101047,AED,Active
ACC_1001246,CUST_101047,AED,Active
ACC_1001247,CUST_101048,AED,Active
ACC_1001248,CUST_101048,AED,Active
ACC_1001249,CUST_101049,AED,Active
ACC_1001250,CUST_101050,AED,Active
ACC_1001251,CUST_101051,AED,Active
ACC_1001252,CUST_101052,USD,Active
ACC_1001253,CUST_101052,AED,Active
ACC_1001254,CUST_101053,AED,Active
ACC_1001255,CUST_101054,AED,Active
ACC_1001256,CUST_101055,AED,Active
ACC_1001257,CUST_101056,AED,Active
ACC_1001258,CUST_101057,AED,Active
ACC_1001259,CUST_101058,USD,Active
ACC_1001260,CUST_101058,AED,Active
ACC_1001261,CUST_101059,AED,Active
ACC_1001262,CUST_101060,AED,Active
ACC_1001263,CUST_101061,AED,Active
ACC_1001264,CUST_101062,AED,Active
ACC_1001265,CUST_101063,AED,Active
ACC_1001266,CUST_101064,AED,Active
ACC_1001267,CUST_101064,AED,Active
ACC_1001268,CUST_101065,AED,Active
ACC_1001269,CUST_101066,USD,Active
ACC_1001270,CUST_101067,AED,Active
ACC_1001271,CUST_101068,AED,Active
ACC_1001272,CUST_101069,AED,Active
ACC_1001273,CUST_101070,AED,Active
ACC_1001274,CUST_101070,AED,Active
ACC_1001275,CUST_101071,AED,Active
ACC_1001276,CUST_101072,AED,Active
ACC_1001277,CUST_101073,AED,Active
ACC_1001278,CUST_101074,AED,Active
ACC_1001279,CUST_101075,AED,Active
ACC_1001280,CUST_101076,AED,Active
ACC_1001281,CUST_101077,AED,Active
ACC_1001282,CUST_101078,AED,Active
ACC_1001283,CUST_101079,AED,Active
ACC_1001284,CUST_101080,EUR,Active
ACC_1001285,CUST_101081,AED,Active
ACC_1001286,CUST_101081,AED,Active
ACC_1001287,CUST_101082,AED,Active
ACC_1001288,CUST_101082,AED,Active
ACC_1001289,CUST_101083,AED,Active
ACC_1001290,CUST_101084,EUR,Active
ACC_1001291,CUST_101085,AED,Active
ACC_1001292,CUST_101086,AED,Active
ACC_1001293,CUST_101087,AED,Active
ACC_1001294,CUST_101088,AED,Active
ACC_1001295,CUST_101089,AED,Active
ACC_1001296,CUST_101090,AED,Active
ACC_1001297,CUST_101091,AED,Active
ACC_1001298,CUST_101092,AED,Active
ACC_1001299,CUST_101093,AED,Active
ACC_1001300,CUST_101094,USD,Active
ACC_1001301,CUST_101095,AED,Active
ACC_1001302,CUST_101096,AED,Active
ACC_1001303,CUST_101097,AED,Active
ACC_1001304,CUST_101097,EUR,Active
ACC_1001305,CUST_101098,AED,Active
ACC_1001306,CUST_101099,AED,Active
ACC_1001307,CUST_101100,USD,Active
ACC_1001308,CUST_101101,AED,Active
ACC_1001309,CUST_101102,AED,Active
ACC_1001310,CUST_101103,EUR,Active
ACC_1001311,CUST_101104,AED,Active
ACC_1001312,CUST_101105,AED,Active
ACC_1001313,CUST_101106,AED,Active
ACC_1001314,CUST_101107,AED,Active
ACC_1001315,CUST_101108,AED,Active
ACC_1001316,CUST_101109,AED,Active
ACC_1001317,CUST_101110,EUR,Active
ACC_1001318,CUST_101111,AED,Active
ACC_1001319,CUST_101112,AED,Active
ACC_1001320,CUST_101113,AED,Active
ACC_1001321,CUST_101114,AED,Active
ACC_1001322,CUST_101115,AED,Active
ACC_1001323,CUST_101116,AED,Active
ACC_1001324,CUST_101116,AED,Active
ACC_1001325,CUST_101117,EUR,Active
ACC_1001326,CUST_101118,AED,Active
ACC_1001327,CUST_101119,AED,Active
ACC_1001328,CUST_101120,EUR,Active
ACC_1001329,CUST_101121,AED,Active
ACC_1001330,CUST_101122,AED,Active
ACC_1001331,CUST_101123,AED,Active
ACC_1001332,CUST_101124,AED,Active
ACC_1001333,CUST_101125,USD,Active
ACC_1001334,CUST_101126,AED,Active
ACC_1001335,CUST_101126,AED,Active
ACC_1001336,CUST_101127,USD,Active
ACC_1001337,CUST_101128,AED,Active
ACC_1001338,CUST_101129,AED,Active
ACC_1001339,CUST_101130,AED,Active
ACC_1001340,CUST_101131,AED,Active
ACC_1001341,CUST_101132,AED,Active
ACC_1001342,CUST_101133,AED,Active
ACC_1001343,CUST_101134,AED,Active
ACC_1001344,CUST_101134,USD,Active
ACC_1001345,CUST_101135,USD,Active
ACC_1001346,CUST_101136,AED,Active
ACC_1001347,CUST_101137,AED,Active
ACC_1001348,CUST_101138,AED,Active
ACC_1001349,CUST_101139,AED,Active
ACC_1001350,CUST_101139,AED,Active
ACC_1001351,CUST_101140,AED,Active
ACC_1001352,CUST_101141,AED,Active
ACC_1001353,CUST_101142,AED,Active
ACC_1001354,CUST_101143,AED,Active
ACC_1001355,CUST_101144,AED,Active
ACC_1001356,CUST_101145,AED,Active
ACC_1001357,CUST_101146,AED,Active
ACC_1001358,CUST_101147,AED,Active
ACC_1001359,CUST_101147,AED,Active
ACC_1001360,CUST_101148,USD,Active
ACC_1001361,CUST_101149,AED,Active
ACC_1001362,CUST_101150,USD,Active
ACC_1001363,CUST_101151,AED,Active
ACC_1001364,CUST_101152,AED,Active
ACC_1001365,CUST_101153,AED,Active
ACC_1001366,CUST_101154,AED,Active
ACC_1001367,CUST_101155,USD,Active
ACC_1001368,CUST_101156,AED,Active
ACC_1001369,CUST_101157,AED,Active
ACC_1001370,CUST_101158,AED,Active
ACC_1001371,CUST_101158,AED,Active
ACC_1001372,CUST_101159,AED,Active
ACC_1001373,CUST_101160,AED,Active
ACC_1001374,CUST_101161,AED,Active
ACC_1001375,CUST_101162,AED,Active
ACC_1001376,CUST_101163,AED,Active
ACC_1001377,CUST_101164,AED,Active
ACC_1001378,CUST_101165,EUR,Active
ACC_1001379,CUST_101166,AED,Active
ACC_1001380,CUST_101167,AED,Active
ACC_1001381,CUST_101168,USD,Active
ACC_1001382,CUST_101169,AED,Active
ACC_1001383,CUST_101170,EUR,Active
ACC_1001384,CUST_101171,AED,Active
ACC_1001385,CUST_101172,AED,Active
ACC_1001386,CUST_101172,AED,Active
ACC_1001387,CUST_101173,AED,Active
ACC_1001388,CUST_101174,AED,Active
ACC_1001389,CUST_101175,AED,Active
ACC_1001390,CUST_101176,AED,Active
ACC_1001391,CUST_101177,AED,Active
ACC_1001392,CUST_101177,USD,Active
ACC_1001393,CUST_101178,AED,Active
ACC_1001394,CUST_101178,AED,Active
ACC_1001395,CUST_101179,AED,Active
ACC_1001396,CUST_101179,AED,Active
ACC_1001397,CUST_101180,USD,Active
ACC_1001398,CUST_101181,USD,Active
ACC_1001399,CUST_101182,AED,Active
ACC_1001400,CUST_101183,AED,Active
ACC_1001401,CUST_101184,AED,Active
ACC_1001402,CUST_101185,USD,Active
ACC_1001403,CUST_101186,USD,Active
ACC_1001404,CUST_101186,AED,Active
ACC_1001405,CUST_101187,AED,Active
ACC_1001406,CUST_101187,AED,Active
ACC_1001407,CUST_101188,AED,Active
ACC_1001408,CUST_101189,AED,Active
ACC_1001409,CUST_101190,AED,Active
ACC_1001410,CUST_101191,AED,Active
ACC_1001411,CUST_101192,AED,Active
ACC_1001412,CUST_101193,AED,Active
ACC_1001413,CUST_101194,AED,Active
ACC_1001414,CUST_101195,AED,Active
ACC_1001415,CUST_101196,AED,Active
ACC_1001416,CUST_101197,AED,Active
ACC_1001417,CUST_101198,AED,Active
ACC_1001418,CUST_101199,USD,Active
ACC_1001419,CUST_101200,AED,Active
ACC_1001420,CUST_101201,AED,Active
ACC_1001421,CUST_101202,AED,Active
ACC_1001422,CUST_101203,AED,Active
ACC_1001423,CUST_101203,AED,Active
ACC_1001424,CUST_101204,AED,Active
ACC_1001425,CUST_101205,USD,Active
ACC_1001426,CUST_101206,AED,Active
ACC_1001427,CUST_101207,EUR,Active
ACC_1001428,CUST_101208,AED,Active
ACC_1001429,CUST_101209,USD,Active
ACC_1001430,CUST_101210,AED,Active
ACC_1001431,CUST_101211,AED,Active
ACC_1001432,CUST_101212,AED,Active
ACC_1001433,CUST_101213,AED,Active
ACC_1001434,CUST_101214,USD,Active
ACC_1001435,CUST_101215,AED,Active
ACC_1001436,CUST_101216,AED,Active
ACC_1001437,CUST_101217,AED,Active
ACC_1001438,CUST_101218,AED,Active
ACC_1001439,CUST_101219,AED,Active
ACC_1001440,CUST_101220,AED,Active
ACC_1001441,CUST_101221,AED,Active
ACC_1001442,CUST_101222,AED,Active
ACC_1001443,CUST_101223,AED,Active
ACC_1001444,CUST_101224,EUR,Active
ACC_1001445,CUST_101225,AED,Active
ACC_1001446,CUST_101226,AED,Active
ACC_1001447,CUST_101227,AED,Active
ACC_1001448,CUST_101228,AED,Active
ACC_1001449,CUST_101229,AED,Active
ACC_1001450,CUST_101230,AED,Active
ACC_1001451,CUST_101231,AED,Active
ACC_1001452,CUST_101232,AED,Active
ACC_1001453,CUST_101233,EUR,Active
ACC_1001454,CUST_101234,AED,Active
ACC_1001455,CUST_101235,AED,Active
ACC_1001456,CUST_101236,AED,Active
ACC_1001457,CUST_101237,AED,Active
ACC_1001458,CUST_101238,AED,Active
ACC_1001459,CUST_101239,USD,Active
ACC_1001460,CUST_101240,AED,Active
ACC_1001461,CUST_101240,AED,Active
ACC_1001462,CUST_101241,AED,Active
ACC_1001463,CUST_101242,AED,Active
ACC_1001464,CUST_101243,AED,Active
ACC_1001465,CUST_101243,AED,Active
ACC_1001466,CUST_101244,AED,Active
ACC_1001467,CUST_101245,AED,Active
ACC_1001468,CUST_101246,AED,Active
ACC_1001469,CUST_101247,AED,Active
ACC_1001470,CUST_101248,AED,Active
ACC_1001471,CUST_101248,EUR,Active
ACC_1001472,CUST_101249,AED,Active
ACC_1001473,CUST_101250,AED,Active
ACC_1001474,CUST_101251,AED,Active
ACC_1001475,CUST_101252,AED,Active
ACC_1001476,CUST_101253,AED,Active
ACC_1001477,CUST_101254,AED,Active
ACC_1001478,CUST_101255,AED,Active
ACC_1001479,CUST_101255,AED,Active
ACC_1001480,CUST_101256,AED,Active
ACC_1001481,CUST_101257,AED,Active
ACC_1001482,CUST_101258,USD,Active
ACC_1001483,CUST_101259,AED,Active
ACC_1001484,CUST_101260,AED,Active
ACC_1001485,CUST_101261,AED,Active
ACC_1001486,CUST_101262,AED,Active
ACC_1001487,CUST_101263,AED,Active
ACC_1001488,CUST_101264,AED,Active
ACC_1001489,CUST_101265,AED,Active
ACC_1001490,CUST_101266,AED,Active
ACC_1001491,CUST_101267,USD,Active
ACC_1001492,CUST_101268,AED,Active
ACC_1001493,CUST_101268,EUR,Active
ACC_1001494,CUST_101269,AED,Active
ACC_1001495,CUST_101270,USD,Active
ACC_1001496,CUST_101271,AED,Active
ACC_1001497,CUST_101272,AED,Active
ACC_1001498,CUST_101273,USD,Active
ACC_1001499,CUST_101274,AED,Active
ACC_1001500,CUST_101274,AED,Active
ACC_1001501,CUST_101275,USD,Active
ACC_1001502,CUST_101276,USD,Active
ACC_1001503,CUST_101277,AED,Active
ACC_1001504,CUST_101278,AED,Active
ACC_1001505,CUST_101279,AED,Active
ACC_1001506,CUST_101280,AED,Active
ACC_1001507,CUST_101281,AED,Active
ACC_1001508,CUST_101282,USD,Active
ACC_1001509,CUST_101283,AED,Active
ACC_1001510,CUST_101284,AED,Active
ACC_1001511,CUST_101285,AED,Active
ACC_1001512,CUST_101286,AED,Active
ACC_1001513,CUST_101287,AED,Active
ACC_1001514,CUST_101287,AED,Active
ACC_1001515,CUST_101288,AED,Active
ACC_1001516,CUST_101289,AED,Active
ACC_1001517,CUST_101290,AED,Active
ACC_1001518,CUST_101291,AED,Active
ACC_1001519,CUST_101292,USD,Active
ACC_1001520,CUST_101293,AED,Active
ACC_1001521,CUST_101294,AED,Active
ACC_1001522,CUST_101295,USD,Active
ACC_1001523,CUST_101296,USD,Active
ACC_1001524,CUST_101297,AED,Active
ACC_1001525,CUST_101298,EUR,Active
ACC_1001526,CUST_101299,EUR,Active
ACC_1001527,CUST_101300,AED,Active
ACC_1001528,CUST_101301,USD,Active
ACC_1001529,CUST_101301,AED,Active
ACC_1001530,CUST_101302,AED,Active
ACC_1001531,CUST_101303,AED,Active
ACC_1001532,CUST_101304,AED,Active
ACC_1001533,CUST_101305,AED,Active
ACC_1001534,CUST_101306,AED,Active
ACC_1001535,CUST_101307,AED,Active
ACC_1001536,CUST_101308,AED,Active
ACC_1001537,CUST_101309,AED,Active
ACC_1001538,CUST_101310,AED,Active
ACC_1001539,CUST_101311,AED,Active
ACC_1001540,CUST_101312,USD,Active
ACC_1001541,CUST_101313,AED,Active
ACC_1001542,CUST_101314,AED,Active
ACC_1001543,CUST_101315,AED,Active
ACC_1001544,CUST_101316,AED,Active
ACC_1001545,CUST_101316,EUR,Active
ACC_1001546,CUST_101317,AED,Active
ACC_1001547,CUST_101318,AED,Active
ACC_1001548,CUST_101318,USD,Active
ACC_1001549,CUST_101319,AED,Active
ACC_1001550,CUST_101320,AED,Active
ACC_1001551,CUST_101321,AED,Active
ACC_1001552,CUST_101322,AED,Active
ACC_1001553,CUST_101322,USD,Active
ACC_1001554,CUST_101323,AED,Active
ACC_1001555,CUST_101324,AED,Active
ACC_1001556,CUST_101325,AED,Active
ACC_1001557,CUST_101326,AED,Active
ACC_1001558,CUST_101326,AED,Active
ACC_1001559,CUST_101327,USD,Active
ACC_1001560,CUST_101328,AED,Active
ACC_1001561,CUST_101329,AED,Active
ACC_1001562,CUST_101330,AED,Active
ACC_1001563,CUST_101331,AED,Active
ACC_1001564,CUST_101331,AED,Active
ACC_1001565,CUST_101332,EUR,Active
ACC_1001566,CUST_101333,AED,Active
ACC_1001567,CUST_101334,AED,Active
ACC_1001568,CUST_101334,AED,Active
ACC_1001569,CUST_101335,AED,Active
ACC_1001570,CUST_101336,AED,Active
ACC_1001571,CUST_101336,AED,Active
ACC_1001572,CUST_101337,USD,Active
ACC_1001573,CUST_101337,AED,Active
ACC_1001574,CUST_101338,AED,Active
ACC_1001575,CUST_101339,USD,Active
ACC_1001576,CUST_101340,AED,Active
ACC_1001577,CUST_101340,AED,Active
ACC_1001578,CUST_101341,AED,Active
ACC_1001579,CUST_101342,AED,Active
ACC_1001580,CUST_101343,AED,Active
ACC_1001581,CUST_101344,AED,Active
ACC_1001582,CUST_101344,AED,Active
ACC_1001583,CUST_101345,AED,Active
ACC_1001584,CUST_101346,AED,Active
ACC_1001585,CUST_101347,AED,Active
ACC_1001586,CUST_101348,AED,Active
ACC_1001587,CUST_101349,AED,Active
ACC_1001588,CUST_101350,EUR,Active
ACC_1001589,CUST_101351,USD,Active
ACC_1001590,CUST_101352,AED,Active
ACC_1001591,CUST_101353,USD,Active
ACC_1001592,CUST_101354,AED,Active
ACC_1001593,CUST_101354,AED,Active
ACC_1001594,CUST_101355,AED,Active
ACC_1001595,CUST_101356,EUR,Active
ACC_1001596,CUST_101357,AED,Active
ACC_1001597,CUST_101357,AED,Active
ACC_1001598,CUST_101358,AED,Active
ACC_1001599,CUST_101359,USD,Active
ACC_1001600,CUST_101359,AED,Active
ACC_1001601,CUST_101360,AED,Active
ACC_1001602,CUST_101361,AED,Active
ACC_1001603,CUST_101361,AED,Active
ACC_1001604,CUST_101362,AED,Active
ACC_1001605,CUST_101363,AED,Active
ACC_1001606,CUST_101364,AED,Active
ACC_1001607,CUST_101365,AED,Active
ACC_1001608,CUST_101366,AED,Active
ACC_1001609,CUST_101367,AED,Active
ACC_1001610,CUST_101367,AED,Active
ACC_1001611,CUST_101368,AED,Active
ACC_1001612,CUST_101369,AED,Active
ACC_1001613,CUST_101370,AED,Active
ACC_1001614,CUST_101371,AED,Active
ACC_1001615,CUST_101372,AED,Active
ACC_1001616,CUST_101373,AED,Active
ACC_1001617,CUST_101374,AED,Active
ACC_1001618,CUST_101375,AED,Active
ACC_1001619,CUST_101376,AED,Active
ACC_1001620,CUST_101377,AED,Active
ACC_1001621,CUST_101378,AED,Active
ACC_1001622,CUST_101379,AED,Active
ACC_1001623,CUST_101380,AED,Active
ACC_1001624,CUST_101381,USD,Active
ACC_1001625,CUST_101382,AED,Active
ACC_1001626,CUST_101383,AED,Active
ACC_1001627,CUST_101384,AED,Active
ACC_1001628,CUST_101385,AED,Active
ACC_1001629,CUST_101386,AED,Active
ACC_1001630,CUST_101387,AED,Active
ACC_1001631,CUST_101388,AED,Active
ACC_1001632,CUST_101388,AED,Active
ACC_1001633,CUST_101389,AED,Active
ACC_1001634,CUST_101390,USD,Active
ACC_1001635,CUST_101391,AED,Active
ACC_1001636,CUST_101391,AED,Active
ACC_1001637,CUST_101392,AED,Active
ACC_1001638,CUST_101393,AED,Active
ACC_1001639,CUST_101394,AED,Active
ACC_1001640,CUST_101395,AED,Active
ACC_1001641,CUST_101396,AED,Active
ACC_1001642,CUST_101397,AED,Active
ACC_1001643,CUST_101398,AED,Active
ACC_1001644,CUST_101399,USD,Active
ACC_1001645,CUST_101400,AED,Active
ACC_1001646,CUST_101400,AED,Active
ACC_1001647,CUST_101401,AED,Active
ACC_1001648,CUST_101402,AED,Active
ACC_1001649,CUST_101403,AED,Active
ACC_1001650,CUST_101404,AED,Active
ACC_1001651,CUST_101405,AED,Active
ACC_1001652,CUST_101406,AED,Active
ACC_1001653,CUST_101407,AED,Active
ACC_1001654,CUST_101408,AED,Active
ACC_1001655,CUST_101409,AED,Active
ACC_1001656,CUST_101410,AED,Active
ACC_1001657,CUST_101411,AED,Active
ACC_1001658,CUST_101412,AED,Active
ACC_1001659,CUST_101413,AED,Active
ACC_1001660,CUST_101414,AED,Active
ACC_1001661,CUST_101415,AED,Active
ACC_1001662,CUST_101416,AED,Active
ACC_1001663,CUST_101417,AED,Active
ACC_1001664,CUST_101418,AED,Active
ACC_1001665,CUST_101419,USD,Active
ACC_1001666,CUST_101420,EUR,Active
ACC_1001667,CUST_101421,AED,Active
ACC_1001668,CUST_101422,AED,Active
ACC_1001669,CUST_101422,USD,Active
ACC_1001670,CUST_101423,AED,Active
ACC_1001671,CUST_101424,AED,Active
ACC_1001672,CUST_101425,AED,Active
ACC_1001673,CUST_101426,EUR,Active
ACC_1001674,CUST_101427,AED,Active
ACC_1001675,CUST_101428,USD,Active
ACC_1001676,CUST_101429,EUR,Active
ACC_1001677,CUST_101430,AED,Active
ACC_1001678,CUST_101431,AED,Active
ACC_1001679,CUST_101432,USD,Active
ACC_1001680,CUST_101433,AED,Active
ACC_1001681,CUST_101434,AED,Active
ACC_1001682,CUST_101434,AED,Active
ACC_1001683,CUST_101435,AED,Active
ACC_1001684,CUST_101436,AED,Active
ACC_1001685,CUST_101437,AED,Active
ACC_1001686,CUST_101438,AED,Active
ACC_1001687,CUST_101439,AED,Active
ACC_1001688,CUST_101440,AED,Active
ACC_1001689,CUST_101441,AED,Active
ACC_1001690,CUST_101442,USD,Active
ACC_1001691,CUST_101443,AED,Active
ACC_1001692,CUST_101443,AED,Active
ACC_1001693,CUST_101444,USD,Active
ACC_1001694,CUST_101445,AED,Active
ACC_1001695,CUST_101446,AED,Active
ACC_1001696,CUST_101447,AED,Active
ACC_1001697,CUST_101448,AED,Active
ACC_1001698,CUST_101449,EUR,Active
ACC_1001699,CUST_101450,AED,Active
ACC_1001700,CUST_101451,AED,Active
ACC_1001701,CUST_101452,AED,Active
ACC_1001702,CUST_101453,AED,Active
ACC_1001703,CUST_101454,AED,Active
ACC_1001704,CUST_101455,EUR,Active
ACC_1001705,CUST_101456,AED,Active
ACC_1001706,CUST_101457,AED,Active
ACC_1001707,CUST_101458,AED,Active
ACC_1001708,CUST_101459,USD,Active
ACC_1001709,CUST_101460,AED,Active
ACC_1001710,CUST_101461,AED,Active
ACC_1001711,CUST_101462,AED,Active
ACC_1001712,CUST_101463,AED,Active
ACC_1001713,CUST_101464,AED,Active
ACC_1001714,CUST_101464,AED,Active
ACC_1001715,CUST_101465,AED,Active
ACC_1001716,CUST_101466,AED,Active
ACC_1001717,CUST_101467,AED,Active
ACC_1001718,CUST_101468,AED,Active
ACC_1001719,CUST_101468,AED,Active
ACC_1001720,CUST_101469,AED,Active
ACC_1001721,CUST_101470,AED,Active
ACC_1001722,CUST_101471,AED,Active
ACC_1001723,CUST_101472,AED,Active
ACC_1001724,CUST_101473,USD,Active
ACC_1001725,CUST_101474,AED,Active
ACC_1001726,CUST_101474,AED,Active
ACC_1001727,CUST_101475,AED,Active
ACC_1001728,CUST_101476,USD,Active
ACC_1001729,CUST_101477,AED,Active
ACC_1001730,CUST_101478,AED,Active
ACC_1001731,CUST_101479,AED,Active
ACC_1001732,CUST_101479,AED,Active
ACC_1001733,CUST_101480,AED,Active
ACC_1001734,CUST_101481,EUR,Active
ACC_1001735,CUST_101482,AED,Active
ACC_1001736,CUST_101483,AED,Active
ACC_1001737,CUST_101484,AED,Active
ACC_1001738,CUST_101485,AED,Active
ACC_1001739,CUST_101486,AED,Active
ACC_1001740,CUST_101487,AED,Active
ACC_1001741,CUST_101488,AED,Active
ACC_1001742,CUST_101488,USD,Active
ACC_1001743,CUST_101489,AED,Active
ACC_1001744,CUST_101489,AED,Active
ACC_1001745,CUST_101490,AED,Active
ACC_1001746,CUST_101490,AED,Active
ACC_1001747,CUST_101491,AED,Active
ACC_1001748,CUST_101492,AED,Active
ACC_1001749,CUST_101493,AED,Active
ACC_1001750,CUST_101493,USD,Active
ACC_1001751,CUST_101494,EUR,Active
ACC_1001752,CUST_101495,AED,Active
ACC_1001753,CUST_101496,AED,Active
ACC_1001754,CUST_101497,AED,Active
ACC_1001755,CUST_101498,AED,Active
ACC_1001756,CUST_101499,AED,Active
ACC_1001757,CUST_101500,AED,Active
ACC_1001758,CUST_101501,EUR,Active
ACC_1001759,CUST_101501,AED,Active
ACC_1001760,CUST_101502,AED,Active
ACC_1001761,CUST_101502,AED,Active
ACC_1001762,CUST_101503,AED,Active
ACC_1001763,CUST_101504,USD,Active
ACC_1001764,CUST_101504,AED,Active
ACC_1001765,CUST_101505,AED,Active
ACC_1001766,CUST_101506,AED,Active
ACC_1001767,CUST_101507,AED,Active
ACC_1001768,CUST_101508,AED,Active
ACC_1001769,CUST_101509,AED,Active
ACC_1001770,CUST_101510,AED,Active
ACC_1001771,CUST_101511,AED,Active
ACC_1001772,CUST_101511,AED,Active
ACC_1001773,CUST_101512,AED,Active
ACC_1001774,CUST_101512,AED,Active
ACC_1001775,CUST_101513,AED,Active
ACC_1001776,CUST_101514,AED,Active
ACC_1001777,CUST_101515,AED,Active
ACC_1001778,CUST_101516,AED,Active
ACC_1001779,CUST_101516,AED,Active
ACC_1001780,CUST_101517,AED,Active
ACC_1001781,CUST_101518,AED,Active
ACC_1001782,CUST_101519,AED,Active
ACC_1001783,CUST_101520,AED,Active
ACC_1001784,CUST_101521,USD,Active
ACC_1001785,CUST_101521,EUR,Active
ACC_1001786,CUST_101522,AED,Active
ACC_1001787,CUST_101523,USD,Active
ACC_1001788,CUST_101524,AED,Active
ACC_1001789,CUST_101525,AED,Active
ACC_1001790,CUST_101526,AED,Active
ACC_1001791,CUST_101527,AED,Active
ACC_1001792,CUST_101528,EUR,Active
ACC_1001793,CUST_101528,AED,Active
ACC_1001794,CUST_101529,AED,Active
ACC_1001795,CUST_101530,AED,Active
ACC_1001796,CUST_101531,AED,Active
ACC_1001797,CUST_101532,USD,Active
ACC_1001798,CUST_101533,AED,Active
ACC_1001799,CUST_101534,AED,Active
ACC_1001800,CUST_101535,AED,Active
ACC_1001801,CUST_101536,AED,Active
ACC_1001802,CUST_101537,AED,Active
ACC_1001803,CUST_101538,USD,Active
ACC_1001804,CUST_101539,AED,Active
ACC_1001805,CUST_101540,AED,Active
ACC_1001806,CUST_101541,AED,Active
ACC_1001807,CUST_101542,AED,Active
ACC_1001808,CUST_101542,AED,Active
ACC_1001809,CUST_101543,AED,Active
ACC_1001810,CUST_101543,AED,Active
ACC_1001811,CUST_101544,AED,Active
ACC_1001812,CUST_101545,USD,Active
ACC_1001813,CUST_101546,USD,Active
ACC_1001814,CUST_101547,USD,Active
ACC_1001815,CUST_101548,USD,Active
ACC_1001816,CUST_101549,AED,Active
ACC_1001817,CUST_101550,AED,Active
ACC_1001818,CUST_101551,AED,Active
ACC_1001819,CUST_101552,AED,Active
ACC_1001820,CUST_101553,EUR,Active
ACC_1001821,CUST_101554,AED,Active
ACC_1001822,CUST_101555,AED,Active
ACC_1001823,CUST_101556,AED,Active
ACC_1001824,CUST_101557,USD,Active
ACC_1001825,CUST_101557,AED,Active
ACC_1001826,CUST_101558,AED,Active
ACC_1001827,CUST_101559,USD,Active
ACC_1001828,CUST_101560,AED,Active
ACC_1001829,CUST_101561,AED,Active
ACC_1001830,CUST_101562,USD,Active
ACC_1001831,CUST_101563,AED,Active
ACC_1001832,CUST_101564,AED,Active
ACC_1001833,CUST_101565,AED,Active
ACC_1001834,CUST_101565,AED,Active
ACC_1001835,CUST_101566,AED,Active
ACC_1001836,CUST_101567,AED,Active
ACC_1001837,CUST_101568,AED,Active
ACC_1001838,CUST_101569,AED,Active
ACC_1001839,CUST_101570,AED,Active
ACC_1001840,CUST_101571,USD,Active
ACC_1001841,CUST_101572,AED,Active
ACC_1001842,CUST_101573,AED,Active
ACC_1001843,CUST_101574,AED,Active
ACC_1001844,CUST_101575,AED,Active
ACC_1001845,CUST_101576,USD,Active
ACC_1001846,CUST_101577,AED,Active
ACC_1001847,CUST_101578,AED,Active
ACC_1001848,CUST_101578,AED,Active
ACC_1001849,CUST_101579,AED,Active
ACC_1001850,CUST_101580,AED,Active
ACC_1001851,CUST_101581,AED,Active
ACC_1001852,CUST_101582,AED,Active
ACC_1001853,CUST_101583,USD,Active
ACC_1001854,CUST_101584,AED,Active
ACC_1001855,CUST_101585,AED,Active
ACC_1001856,CUST_101585,AED,Active
ACC_1001857,CUST_101586,AED,Active
ACC_1001858,CUST_101587,EUR,Active
ACC_1001859,CUST_101588,AED,Active
ACC_1001860,CUST_101589,AED,Active
ACC_1001861,CUST_101590,AED,Active
ACC_1001862,CUST_101591,AED,Active
ACC_1001863,CUST_101592,AED,Active
ACC_1001864,CUST_101593,USD,Active
ACC_1001865,CUST_101594,AED,Active
ACC_1001866,CUST_101595,AED,Active
ACC_1001867,CUST_101596,USD,Active
ACC_1001868,CUST_101597,AED,Active
ACC_1001869,CUST_101598,AED,Active
ACC_1001870,CUST_101599,USD,Active
ACC_1001871,CUST_101600,AED,Active
ACC_1001872,CUST_101601,USD,Active
ACC_1001873,CUST_101602,AED,Active
ACC_1001874,CUST_101603,AED,Active
ACC_1001875,CUST_101604,AED,Active
ACC_1001876,CUST_101605,AED,Active
ACC_1001877,CUST_101606,AED,Active
ACC_1001878,CUST_101607,AED,Active
ACC_1001879,CUST_101608,AED,Active
ACC_1001880,CUST_101609,USD,Active
ACC_1001881,CUST_101609,AED,Active
ACC_1001882,CUST_101610,AED,Active
ACC_1001883,CUST_101611,USD,Active
ACC_1001884,CUST_101612,AED,Active
ACC_1001885,CUST_101613,USD,Active
ACC_1001886,CUST_101614,AED,Active
ACC_1001887,CUST_101615,USD,Active
ACC_1001888,CUST_101615,AED,Active
ACC_1001889,CUST_101616,AED,Active
ACC_1001890,CUST_101617,AED,Active
ACC_1001891,CUST_101618,AED,Active
ACC_1001892,CUST_101619,AED,Active
ACC_1001893,CUST_101620,AED,Active
ACC_1001894,CUST_101621,AED,Active
ACC_1001895,CUST_101622,AED,Active
ACC_1001896,CUST_101623,AED,Active
ACC_1001897,CUST_101624,AED,Active
ACC_1001898,CUST_101625,AED,Active
ACC_1001899,CUST_101626,AED,Active
ACC_1001900,CUST_101627,AED,Active
ACC_1001901,CUST_101628,USD,Active
ACC_1001902,CUST_101629,AED,Active
ACC_1001903,CUST_101629,AED,Active
ACC_1001904,CUST_101630,AED,Active
ACC_1001905,CUST_101631,EUR,Active
ACC_1001906,CUST_101632,AED,Active
ACC_1001907,CUST_101632,AED,Active
ACC_1001908,CUST_101633,USD,Active
ACC_1001909,CUST_101634,AED,Active
ACC_1001910,CUST_101635,AED,Active
ACC_1001911,CUST_101636,AED,Active
ACC_1001912,CUST_101637,AED,Active
ACC_1001913,CUST_101638,AED,Active
ACC_1001914,CUST_101639,AED,Active
ACC_1001915,CUST_101640,EUR,Active
ACC_1001916,CUST_101640,AED,Active
ACC_1001917,CUST_101641,AED,Active
ACC_1001918,CUST_101641,AED,Active
ACC_1001919,CUST_101642,AED,Active
ACC_1001920,CUST_101643,AED,Active
ACC_1001921,CUST_101644,AED,Active
ACC_1001922,CUST_101645,AED,Active
ACC_1001923,CUST_101646,AED,Active
ACC_1001924,CUST_101646,AED,Active
ACC_1001925,CUST_101647,AED,Active
ACC_1001926,CUST_101647,AED,Active
ACC_1001927,CUST_101648,AED,Active
ACC_1001928,CUST_101649,AED,Active
ACC_1001929,CUST_101650,AED,Active
ACC_1001930,CUST_101651,AED,Active
ACC_1001931,CUST_101652,AED,Active
ACC_1001932,CUST_101653,AED,Active
ACC_1001933,CUST_101654,AED,Active
ACC_1001934,CUST_101654,AED,Active
ACC_1001935,CUST_101655,AED,Active
ACC_1001936,CUST_101656,AED,Active
ACC_1001937,CUST_101657,EUR,Active
ACC_1001938,CUST_101658,AED,Active
ACC_1001939,CUST_101659,AED,Active
ACC_1001940,CUST_101660,AED,Active
ACC_1001941,CUST_101661,AED,Active
ACC_1001942,CUST_101661,AED,Active
ACC_1001943,CUST_101662,AED,Active
ACC_1001944,CUST_101662,AED,Active
ACC_1001945,CUST_101663,AED,Active
ACC_1001946,CUST_101664,AED,Active
ACC_1001947,CUST_101665,EUR,Active
ACC_1001948,CUST_101666,AED,Active
ACC_1001949,CUST_101666,AED,Active
ACC_1001950,CUST_101667,AED,Active
ACC_1001951,CUST_101668,USD,Active
ACC_1001952,CUST_101669,AED,Active
ACC_1001953,CUST_101669,AED,Active
ACC_1001954,CUST_101670,AED,Active
ACC_1001955,CUST_101671,AED,Active
ACC_1001956,CUST_101672,USD,Active
ACC_1001957,CUST_101673,USD,Active
ACC_1001958,CUST_101674,AED,Active
ACC_1001959,CUST_101675,EUR,Active
ACC_1001960,CUST_101676,AED,Active
ACC_1001961,CUST_101677,AED,Active
ACC_1001962,CUST_101677,AED,Active
ACC_1001963,CUST_101678,AED,Active
ACC_1001964,CUST_101679,AED,Active
ACC_1001965,CUST_101679,AED,Active
ACC_1001966,CUST_101680,AED,Active
ACC_1001967,CUST_101680,AED,Active
ACC_1001968,CUST_101681,USD,Active
ACC_1001969,CUST_101682,AED,Active
ACC_1001970,CUST_101683,AED,Active
ACC_1001971,CUST_101684,AED,Active
ACC_1001972,CUST_101685,AED,Active
ACC_1001973,CUST_101685,AED,Active
ACC_1001974,CUST_101686,USD,Active
ACC_1001975,CUST_101687,AED,Active
ACC_1001976,CUST_101688,AED,Active
ACC_1001977,CUST_101689,AED,Active
ACC_1001978,CUST_101690,AED,Active
ACC_1001979,CUST_101691,EUR,Active
ACC_1001980,CUST_101692,AED,Active
ACC_1001981,CUST_101693,USD,Active
ACC_1001982,CUST_101694,AED,Active
ACC_1001983,CUST_101695,AED,Active
ACC_1001984,CUST_101695,AED,Active
ACC_1001985,CUST_101696,AED,Active
ACC_1001986,CUST_101697,AED,Active
ACC_1001987,CUST_101698,AED,Active
ACC_1001988,CUST_101699,AED,Active
ACC_1001989,CUST_101700,AED,Active
ACC_1001990,CUST_101701,USD,Active
ACC_1001991,CUST_101702,AED,Active
ACC_1001992,CUST_101703,AED,Active
ACC_1001993,CUST_101704,AED,Active
ACC_1001994,CUST_101704,AED,Active
ACC_1001995,CUST_101705,AED,Active
ACC_1001996,CUST_101706,AED,Active
ACC_1001997,CUST_101707,AED,Active
ACC_1001998,CUST_101708,AED,Active
ACC_1001999,CUST_101708,EUR,Active
ACC_1002000,CUST_101709,AED,Active
ACC_1002001,CUST_101710,AED,Active
ACC_1002002,CUST_101711,AED,Active
ACC_1002003,CUST_101712,AED,Active
ACC_1002004,CUST_101712,AED,Active
ACC_1002005,CUST_101713,AED,Active
ACC_1002006,CUST_101714,AED,Active
ACC_1002007,CUST_101715,AED,Active
ACC_1002008,CUST_101716,AED,Active
ACC_1002009,CUST_101717,AED,Active
ACC_1002010,CUST_101718,USD,Active
ACC_1002011,CUST_101718,AED,Active
ACC_1002012,CUST_101719,AED,Active
ACC_1002013,CUST_101720,AED,Active
ACC_1002014,CUST_101720,AED,Active
ACC_1002015,CUST_101721,AED,Active
ACC_1002016,CUST_101722,AED,Active
ACC_1002017,CUST_101723,AED,Active
ACC_1002018,CUST_101724,AED,Active
ACC_1002019,CUST_101725,AED,Active
ACC_1002020,CUST_101726,AED,Active
ACC_1002021,CUST_101727,EUR,Active
ACC_1002022,CUST_101728,AED,Active
ACC_1002023,CUST_101729,AED,Active
ACC_1002024,CUST_101729,AED,Active
ACC_1002025,CUST_101730,AED,Active
ACC_1002026,CUST_101731,AED,Active
ACC_1002027,CUST_101732,AED,Active
ACC_1002028,CUST_101733,AED,Active
ACC_1002029,CUST_101734,AED,Active
ACC_1002030,CUST_101735,AED,Active
ACC_1002031,CUST_101736,AED,Active
ACC_1002032,CUST_101737,EUR,Active
ACC_1002033,CUST_101738,AED,Active
ACC_1002034,CUST_101739,AED,Active
ACC_1002035,CUST_101739,AED,Active
ACC_1002036,CUST_101740,AED,Active
ACC_1002037,CUST_101741,AED,Active
ACC_1002038,CUST_101741,AED,Active
ACC_1002039,CUST_101742,AED,Active
ACC_1002040,CUST_101743,AED,Active
ACC_1002041,CUST_101744,AED,Active
ACC_1002042,CUST_101745,AED,Active
ACC_1002043,CUST_101746,EUR,Active
ACC_1002044,CUST_101747,AED,Active
ACC_1002045,CUST_101747,AED,Active
ACC_1002046,CUST_101748,AED,Active
ACC_1002047,CUST_101749,AED,Active
ACC_1002048,CUST_101750,USD,Active
ACC_1002049,CUST_101750,AED,Active
ACC_1002050,CUST_101751,AED,Active
ACC_1002051,CUST_101752,AED,Active
ACC_1002052,CUST_101753,AED,Active
ACC_1002053,CUST_101754,USD,Active
ACC_1002054,CUST_101755,EUR,Active
ACC_1002055,CUST_101756,AED,Active
ACC_1002056,CUST_101757,AED,Active
ACC_1002057,CUST_101758,AED,Active
ACC_1002058,CUST_101759,AED,Active
ACC_1002059,CUST_101759,AED,Active
ACC_1002060,CUST_101760,AED,Active
ACC_1002061,CUST_101761,AED,Active
ACC_1002062,CUST_101761,AED,Active
ACC_1002063,CUST_101762,USD,Active
ACC_1002064,CUST_101763,AED,Active
ACC_1002065,CUST_101764,AED,Active
ACC_1002066,CUST_101765,EUR,Active
ACC_1002067,CUST_101765,AED,Active
ACC_1002068,CUST_101766,AED,Active
ACC_1002069,CUST_101766,AED,Active
ACC_1002070,CUST_101767,AED,Active
ACC_1002071,CUST_101767,AED,Active
ACC_1002072,CUST_101768,AED,Active
ACC_1002073,CUST_101769,AED,Active
ACC_1002074,CUST_101770,AED,Active
ACC_1002075,CUST_101770,AED,Active
ACC_1002076,CUST_101771,AED,Active
ACC_1002077,CUST_101772,AED,Active
ACC_1002078,CUST_101773,AED,Active
ACC_1002079,CUST_101774,AED,Active
ACC_1002080,CUST_101775,AED,Active
ACC_1002081,CUST_101775,AED,Active
ACC_1002082,CUST_101776,AED,Active
ACC_1002083,CUST_101777,AED,Active
ACC_1002084,CUST_101778,AED,Active
ACC_1002085,CUST_101779,AED,Active
ACC_1002086,CUST_101780,AED,Active
ACC_1002087,CUST_101781,USD,Active
ACC_1002088,CUST_101782,AED,Active
ACC_1002089,CUST_101783,AED,Active
ACC_1002090,CUST_101784,AED,Active
ACC_1002091,CUST_101784,AED,Active
ACC_1002092,CUST_101785,AED,Active
ACC_1002093,CUST_101786,AED,Active
ACC_1002094,CUST_101787,AED,Active
ACC_1002095,CUST_101788,AED,Active
ACC_1002096,CUST_101789,AED,Active
ACC_1002097,CUST_101789,AED,Active
ACC_1002098,CUST_101790,AED,Active
ACC_1002099,CUST_101790,AED,Active
ACC_1002100,CUST_101791,AED,Active
ACC_1002101,CUST_101792,USD,Active
ACC_1002102,CUST_101793,AED,Active
ACC_1002103,CUST_101794,AED,Active
ACC_1002104,CUST_101794,AED,Active
ACC_1002105,CUST_101795,AED,Active
ACC_1002106,CUST_101795,USD,Active
ACC_1002107,CUST_101796,AED,Active
ACC_1002108,CUST_101797,AED,Active
ACC_1002109,CUST_101798,AED,Active
ACC_1002110,CUST_101799,AED,Active
ACC_1002111,CUST_101800,AED,Active
ACC_1002112,CUST_101801,AED,Active
ACC_1002113,CUST_101802,AED,Active
ACC_1002114,CUST_101803,EUR,Active
ACC_1002115,CUST_101804,AED,Active
ACC_1002116,CUST_101805,AED,Active
ACC_1002117,CUST_101806,AED,Active
ACC_1002118,CUST_101807,AED,Active
ACC_1002119,CUST_101808,AED,Active
ACC_1002120,CUST_101808,AED,Active
ACC_1002121,CUST_101809,EUR,Active
ACC_1002122,CUST_101810,AED,Active
ACC_1002123,CUST_101810,AED,Active
ACC_1002124,CUST_101811,USD,Active
ACC_1002125,CUST_101812,AED,Active
ACC_1002126,CUST_101812,AED,Active
ACC_1002127,CUST_101813,AED,Active
ACC_1002128,CUST_101814,AED,Active
ACC_1002129,CUST_101815,AED,Active
ACC_1002130,CUST_101816,AED,Active
ACC_1002131,CUST_101817,AED,Active
ACC_1002132,CUST_101818,USD,Active
ACC_1002133,CUST_101819,AED,Active
ACC_1002134,CUST_101820,AED,Active
ACC_1002135,CUST_101821,AED,Active
ACC_1002136,CUST_101822,USD,Active
ACC_1002137,CUST_101822,AED,Active
ACC_1002138,CUST_101823,EUR,Active
ACC_1002139,CUST_101824,AED,Active
ACC_1002140,CUST_101824,USD,Active
ACC_1002141,CUST_101825,AED,Active
ACC_1002142,CUST_101826,AED,Active
ACC_1002143,CUST_101827,USD,Active
ACC_1002144,CUST_101828,AED,Active
ACC_1002145,CUST_101828,AED,Active
ACC_1002146,CUST_101829,AED,Active
ACC_1002147,CUST_101830,USD,Active
ACC_1002148,CUST_101831,AED,Active
ACC_1002149,CUST_101832,AED,Active
ACC_1002150,CUST_101832,AED,Active
ACC_1002151,CUST_101833,AED,Active
ACC_1002152,CUST_101834,AED,Active
ACC_1002153,CUST_101835,AED,Active
ACC_1002154,CUST_101836,AED,Active
ACC_1002155,CUST_101836,AED,Active
ACC_1002156,CUST_101837,AED,Active
ACC_1002157,CUST_101838,AED,Active
ACC_1002158,CUST_101839,AED,Active
ACC_1002159,CUST_101840,AED,Active
ACC_1002160,CUST_101841,USD,Active
ACC_1002161,CUST_101842,AED,Active
ACC_1002162,CUST_101843,AED,Active
ACC_1002163,CUST_101844,AED,Active
ACC_1002164,CUST_101845,AED,Active
ACC_1002165,CUST_101846,AED,Active
ACC_1002166,CUST_101847,AED,Active
ACC_1002167,CUST_101848,AED,Active
ACC_1002168,CUST_101849,AED,Active
ACC_1002169,CUST_101850,AED,Active
ACC_1002170,CUST_101851,AED,Active
ACC_1002171,CUST_101852,EUR,Active
ACC_1002172,CUST_101853,AED,Active
ACC_1002173,CUST_101853,AED,Active
ACC_1002174,CUST_101854,AED,Active
ACC_1002175,CUST_101855,AED,Active
ACC_1002176,CUST_101856,USD,Active
ACC_1002177,CUST_101857,AED,Active
ACC_1002178,CUST_101858,AED,Active
ACC_1002179,CUST_101859,AED,Active
ACC_1002180,CUST_101859,AED,Active
ACC_1002181,CUST_101860,AED,Active
ACC_1002182,CUST_101860,AED,Active
ACC_1002183,CUST_101861,AED,Active
ACC_1002184,CUST_101862,AED,Active
ACC_1002185,CUST_101863,AED,Active
ACC_1002186,CUST_101864,AED,Active
ACC_1002187,CUST_101865,AED,Active
ACC_1002188,CUST_101865,AED,Active
ACC_1002189,CUST_101866,AED,Active
ACC_1002190,CUST_101867,USD,Active
ACC_1002191,CUST_101867,AED,Active
ACC_1002192,CUST_101868,AED,Active
ACC_1002193,CUST_101869,AED,Active
ACC_1002194,CUST_101869,AED,Active
ACC_1002195,CUST_101870,AED,Active
ACC_1002196,CUST_101871,AED,Active
ACC_1002197,CUST_101872,AED,Active
ACC_1002198,CUST_101873,AED,Active
ACC_1002199,CUST_101874,AED,Active
ACC_1002200,CUST_101875,AED,Active
ACC_1002201,CUST_101876,AED,Active
ACC_1002202,CUST_101877,USD,Active
ACC_1002203,CUST_101878,USD,Active
ACC_1002204,CUST_101879,AED,Active
ACC_1002205,CUST_101880,AED,Active
ACC_1002206,CUST_101881,AED,Active
ACC_1002207,CUST_101882,AED,Active
ACC_1002208,CUST_101883,USD,Active
ACC_1002209,CUST_101884,AED,Active
ACC_1002210,CUST_101885,AED,Active
ACC_1002211,CUST_101886,AED,Active
ACC_1002212,CUST_101887,USD,Active
ACC_1002213,CUST_101887,AED,Active
ACC_1002214,CUST_101888,AED,Active
ACC_1002215,CUST_101889,AED,Active
ACC_1002216,CUST_101890,AED,Active
ACC_1002217,CUST_101891,AED,Active
ACC_1002218,CUST_101891,AED,Active
ACC_1002219,CUST_101892,AED,Active
ACC_1002220,CUST_101893,AED,Active
ACC_1002221,CUST_101894,AED,Active
ACC_1002222,CUST_101894,AED,Active
ACC_1002223,CUST_101895,AED,Active
ACC_1002224,CUST_101896,AED,Active
ACC_1002225,CUST_101897,AED,Active
ACC_1002226,CUST_101898,AED,Active
ACC_1002227,CUST_101899,AED,Active
ACC_1002228,CUST_101900,AED,Active
ACC_1002229,CUST_101901,AED,Active
ACC_1002230,CUST_101902,AED,Active
ACC_1002231,CUST_101902,AED,Active
ACC_1002232,CUST_101903,AED,Active
ACC_1002233,CUST_101904,AED,Active
ACC_1002234,CUST_101905,AED,Active
ACC_1002235,CUST_101906,AED,Active
ACC_1002236,CUST_101906,AED,Active
ACC_1002237,CUST_101907,AED,Active
ACC_1002238,CUST_101907,AED,Active
ACC_1002239,CUST_101908,AED,Active
ACC_1002240,CUST_101909,AED,Active
ACC_1002241,CUST_101910,AED,Active
ACC_1002242,CUST_101911,AED,Active
ACC_1002243,CUST_101912,AED,Active
ACC_1002244,CUST_101913,AED,Active
ACC_1002245,CUST_101914,AED,Active
ACC_1002246,CUST_101915,AED,Active
ACC_1002247,CUST_101916,EUR,Active
ACC_1002248,CUST_101916,AED,Active
ACC_1002249,CUST_101917,AED,Active
ACC_1002250,CUST_101918,AED,Active
ACC_1002251,CUST_101919,AED,Active
ACC_1002252,CUST_101920,EUR,Active
ACC_1002253,CUST_101921,AED,Active
ACC_1002254,CUST_101921,AED,Active
ACC_1002255,CUST_101922,AED,Active
ACC_1002256,CUST_101922,AED,Active
ACC_1002257,CUST_101923,AED,Active
ACC_1002258,CUST_101924,AED,Active
ACC_1002259,CUST_101924,AED,Active
ACC_1002260,CUST_101925,AED,Active
ACC_1002261,CUST_101926,USD,Active
ACC_1002262,CUST_101927,AED,Active
ACC_1002263,CUST_101928,AED,Active
ACC_1002264,CUST_101929,AED,Active
ACC_1002265,CUST_101930,AED,Active
ACC_1002266,CUST_101931,AED,Active
ACC_1002267,CUST_101932,AED,Active
ACC_1002268,CUST_101933,AED,Active
ACC_1002269,CUST_101934,AED,Active
ACC_1002270,CUST_101935,AED,Active
ACC_1002271,CUST_101936,USD,Active
ACC_1002272,CUST_101937,USD,Active
ACC_1002273,CUST_101938,AED,Active
ACC_1002274,CUST_101939,AED,Active
ACC_1002275,CUST_101940,AED,Active
ACC_1002276,CUST_101941,USD,Active
ACC_1002277,CUST_101942,AED,Active
ACC_1002278,CUST_101943,AED,Active
ACC_1002279,CUST_101944,USD,Active
ACC_1002280,CUST_101945,AED,Active
ACC_1002281,CUST_101945,EUR,Active
ACC_1002282,CUST_101946,AED,Active
ACC_1002283,CUST_101947,AED,Active
ACC_1002284,CUST_101948,AED,Active
ACC_1002285,CUST_101949,AED,Active
ACC_1002286,CUST_101949,AED,Active
ACC_1002287,CUST_101950,AED,Active
ACC_1002288,CUST_101950,USD,Active
ACC_1002289,CUST_101951,AED,Active
ACC_1002290,CUST_101951,USD,Active
ACC_1002291,CUST_101952,AED,Active
ACC_1002292,CUST_101953,AED,Active
ACC_1002293,CUST_101954,AED,Active
ACC_1002294,CUST_101955,AED,Active
ACC_1002295,CUST_101956,AED,Active
ACC_1002296,CUST_101957,AED,Active
ACC_1002297,CUST_101958,AED,Active
ACC_1002298,CUST_101959,USD,Active
ACC_1002299,CUST_101960,AED,Active
ACC_1002300,CUST_101961,AED,Active
ACC_1002301,CUST_101962,USD,Active
ACC_1002302,CUST_101963,AED,Active
ACC_1002303,CUST_101964,AED,Active
ACC_1002304,CUST_101965,AED,Active
ACC_1002305,CUST_101966,AED,Active
ACC_1002306,CUST_101967,EUR,Active
ACC_1002307,CUST_101967,AED,Active
ACC_1002308,CUST_101968,AED,Active
ACC_1002309,CUST_101969,AED,Active
ACC_1002310,CUST_101970,AED,Active
ACC_1002311,CUST_101971,AED,Active
ACC_1002312,CUST_101972,AED,Active
ACC_1002313,CUST_101973,USD,Active
ACC_1002314,CUST_101974,AED,Active
ACC_1002315,CUST_101975,AED,Active
ACC_1002316,CUST_101976,USD,Active
ACC_1002317,CUST_101977,AED,Active
ACC_1002318,CUST_101978,AED,Active
ACC_1002319,CUST_101979,AED,Active
ACC_1002320,CUST_101980,AED,Active
ACC_1002321,CUST_101981,AED,Active
ACC_1002322,CUST_101982,AED,Active
ACC_1002323,CUST_101983,AED,Active
ACC_1002324,CUST_101984,AED,Active
ACC_1002325,CUST_101985,EUR,Active
ACC_1002326,CUST_101986,AED,Active
ACC_1002327,CUST_101987,AED,Active
ACC_1002328,CUST_101988,USD,Active
ACC_1002329,CUST_101989,USD,Active
ACC_1002330,CUST_101990,AED,Active
ACC_1002331,CUST_101990,AED,Active
ACC_1002332,CUST_101991,AED,Active
ACC_1002333,CUST_101992,AED,Active
ACC_1002334,CUST_101993,AED,Active
ACC_1002335,CUST_101994,AED,Active
ACC_1002336,CUST_101995,AED,Active
ACC_1002337,CUST_101995,AED,Active
ACC_1002338,CUST_101996,AED,Active
ACC_1002339,CUST_101997,AED,Active
ACC_1002340,CUST_101998,AED,Active
ACC_1002341,CUST_101999,AED,Active
ACC_1002342,CUST_101999,AED,Active
ACC_1002343,CUST_102000,AED,Active
ACC_1002344,CUST_102001,AED,Active
ACC_1002345,CUST_102002,AED,Active
ACC_1002346,CUST_102003,AED,Active
ACC_1002347,CUST_102004,USD,Active
ACC_1002348,CUST_102005,AED,Active
ACC_1002349,CUST_102006,AED,Active
ACC_1002350,CUST_102006,AED,Active
ACC_1002351,CUST_102007,AED,Active
ACC_1002352,CUST_102008,AED,Active
ACC_1002353,CUST_102009,AED,Active
ACC_1002354,CUST_102010,AED,Active
ACC_1002355,CUST_102011,EUR,Active
ACC_1002356,CUST_102012,AED,Active
ACC_1002357,CUST_102013,AED,Active
ACC_1002358,CUST_102014,AED,Active
ACC_1002359,CUST_102015,AED,Active
ACC_1002360,CUST_102016,USD,Active
ACC_1002361,CUST_102017,AED,Active
ACC_1002362,CUST_102018,AED,Active
ACC_1002363,CUST_102019,USD,Active
ACC_1002364,CUST_102020,AED,Active
ACC_1002365,CUST_102021,USD,Active
ACC_1002366,CUST_102022,AED,Active
ACC_1002367,CUST_102023,USD,Active
ACC_1002368,CUST_102023,AED,Active
ACC_1002369,CUST_102024,AED,Active
ACC_1002370,CUST_102025,AED,Active
ACC_1002371,CUST_102025,AED,Active
ACC_1002372,CUST_102026,AED,Active
ACC_1002373,CUST_102027,AED,Active
ACC_1002374,CUST_102028,AED,Active
ACC_1002375,CUST_102028,AED,Active
ACC_1002376,CUST_102029,AED,Active
ACC_1002377,CUST_102030,AED,Active
ACC_1002378,CUST_102031,AED,Active
ACC_1002379,CUST_102031,AED,Active
ACC_1002380,CUST_102032,USD,Active
ACC_1002381,CUST_102033,AED,Active
ACC_1002382,CUST_102034,AED,Active
ACC_1002383,CUST_102035,AED,Active
ACC_1002384,CUST_102036,AED,Active
ACC_1002385,CUST_102037,AED,Active
ACC_1002386,CUST_102038,AED,Active
ACC_1002387,CUST_102039,AED,Active
ACC_1002388,CUST_102039,AED,Active
ACC_1002389,CUST_102040,AED,Active
ACC_1002390,CUST_102041,AED,Active
ACC_1002391,CUST_102042,AED,Active
ACC_1002392,CUST_102043,AED,Active
ACC_1002393,CUST_102044,AED,Active
ACC_1002394,CUST_102044,AED,Active
ACC_1002395,CUST_102045,AED,Active
ACC_1002396,CUST_102046,AED,Active
ACC_1002397,CUST_102047,AED,Active
ACC_1002398,CUST_102048,AED,Active
ACC_1002399,CUST_102049,AED,Active
ACC_1002400,CUST_102050,USD,Active
ACC_1002401,CUST_102051,AED,Active
ACC_1002402,CUST_102052,EUR,Active
ACC_1002403,CUST_102053,AED,Active
ACC_1002404,CUST_102054,AED,Active
ACC_1002405,CUST_102054,AED,Active
ACC_1002406,CUST_102055,AED,Active
ACC_1002407,CUST_102056,AED,Active
ACC_1002408,CUST_102057,USD,Active
ACC_1002409,CUST_102058,AED,Active
ACC_1002410,CUST_102059,AED,Active
ACC_1002411,CUST_102060,AED,Active
ACC_1002412,CUST_102060,AED,Active
ACC_1002413,CUST_102061,AED,Active
ACC_1002414,CUST_102062,AED,Active
ACC_1002415,CUST_102062,USD,Active
ACC_1002416,CUST_102063,AED,Active
ACC_1002417,CUST_102063,AED,Active
ACC_1002418,CUST_102064,AED,Active
ACC_1002419,CUST_102065,AED,Active
ACC_1002420,CUST_102066,AED,Active
ACC_1002421,CUST_102067,AED,Active
ACC_1002422,CUST_102068,AED,Active
ACC_1002423,CUST_102068,AED,Active
ACC_1002424,CUST_102069,AED,Active
ACC_1002425,CUST_102070,AED,Active
ACC_1002426,CUST_102071,USD,Active
ACC_1002427,CUST_102071,AED,Active
ACC_1002428,CUST_102072,AED,Active
ACC_1002429,CUST_102073,AED,Active
ACC_1002430,CUST_102074,AED,Active
ACC_1002431,CUST_102074,AED,Active
ACC_1002432,CUST_102075,AED,Active
ACC_1002433,CUST_102076,AED,Active
ACC_1002434,CUST_102077,AED,Active
ACC_1002435,CUST_102078,AED,Active
ACC_1002436,CUST_102078,AED,Active
ACC_1002437,CUST_102079,AED,Active
ACC_1002438,CUST_102080,AED,Active
ACC_1002439,CUST_102080,AED,Active
ACC_1002440,CUST_102081,AED,Active
ACC_1002441,CUST_102082,AED,Active
ACC_1002442,CUST_102082,AED,Active
ACC_1002443,CUST_102083,AED,Active
ACC_1002444,CUST_102084,AED,Active
ACC_1002445,CUST_102085,AED,Active
ACC_1002446,CUST_102086,AED,Active
ACC_1002447,CUST_102087,AED,Active
ACC_1002448,CUST_102088,AED,Active
ACC_1002449,CUST_102089,AED,Active
ACC_1002450,CUST_102090,AED,Active
ACC_1002451,CUST_102091,AED,Active
ACC_1002452,CUST_102092,AED,Active
ACC_1002453,CUST_102092,AED,Active
ACC_1002454,CUST_102093,AED,Active
ACC_1002455,CUST_102093,AED,Active
ACC_1002456,CUST_102094,AED,Active
ACC_1002457,CUST_102094,AED,Active
ACC_1002458,CUST_102095,AED,Active
ACC_1002459,CUST_102095,USD,Active
ACC_1002460,CUST_102096,AED,Active
ACC_1002461,CUST_102097,AED,Active
ACC_1002462,CUST_102097,AED,Active
ACC_1002463,CUST_102098,AED,Active
ACC_1002464,CUST_102098,AED,Active
ACC_1002465,CUST_102099,USD,Active
ACC_1002466,CUST_102100,AED,Active
ACC_1002467,CUST_102101,AED,Active
ACC_1002468,CUST_102102,AED,Active
ACC_1002469,CUST_102102,AED,Active
ACC_1002470,CUST_102103,AED,Active
ACC_1002471,CUST_102104,AED,Active
ACC_1002472,CUST_102105,AED,Active
ACC_1002473,CUST_102106,AED,Active
ACC_1002474,CUST_102107,AED,Active
ACC_1002475,CUST_102108,EUR,Active
ACC_1002476,CUST_102108,AED,Active
ACC_1002477,CUST_102109,AED,Active
ACC_1002478,CUST_102109,AED,Active
ACC_1002479,CUST_102110,AED,Active
ACC_1002480,CUST_102111,AED,Active
ACC_1002481,CUST_102111,EUR,Active
ACC_1002482,CUST_102112,AED,Active
ACC_1002483,CUST_102113,AED,Active
ACC_1002484,CUST_102114,AED,Active
ACC_1002485,CUST_102115,AED,Active
ACC_1002486,CUST_102116,AED,Active
ACC_1002487,CUST_102116,AED,Active
ACC_1002488,CUST_102117,AED,Active
ACC_1002489,CUST_102118,AED,Active
ACC_1002490,CUST_102118,AED,Active
ACC_1002491,CUST_102119,AED,Active
ACC_1002492,CUST_102119,AED,Active
ACC_1002493,CUST_102120,AED,Active
ACC_1002494,CUST_102121,AED,Active
ACC_1002495,CUST_102122,AED,Active
ACC_1002496,CUST_102123,AED,Active
ACC_1002497,CUST_102124,EUR,Active
ACC_1002498,CUST_102125,USD,Active
ACC_1002499,CUST_102126,AED,Active
ACC_1002500,CUST_102126,AED,Active
ACC_1002501,CUST_102127,AED,Active
ACC_1002502,CUST_102128,AED,Active
ACC_1002503,CUST_102129,AED,Active
ACC_1002504,CUST_102130,AED,Active
ACC_1002505,CUST_102131,AED,Active
ACC_1002506,CUST_102132,AED,Active
ACC_1002507,CUST_102132,AED,Active
ACC_1002508,CUST_102133,AED,Active
ACC_1002509,CUST_102134,AED,Active
ACC_1002510,CUST_102135,AED,Active
ACC_1002511,CUST_102135,AED,Active
ACC_1002512,CUST_102136,AED,Active
ACC_1002513,CUST_102137,AED,Active
ACC_1002514,CUST_102138,AED,Active
ACC_1002515,CUST_102138,AED,Active
ACC_1002516,CUST_102139,AED,Active
ACC_1002517,CUST_102140,AED,Active
ACC_1002518,CUST_102141,AED,Active
ACC_1002519,CUST_102142,AED,Active
ACC_1002520,CUST_102143,AED,Active
ACC_1002521,CUST_102144,AED,Active
ACC_1002522,CUST_102145,AED,Active
ACC_1002523,CUST_102146,AED,Active
ACC_1002524,CUST_102147,EUR,Active
ACC_1002525,CUST_102148,AED,Active
ACC_1002526,CUST_102149,AED,Active
ACC_1002527,CUST_102150,AED,Active
ACC_1002528,CUST_102151,AED,Active
ACC_1002529,CUST_102152,AED,Active
ACC_1002530,CUST_102153,AED,Active
ACC_1002531,CUST_102153,AED,Active
ACC_1002532,CUST_102154,AED,Active
ACC_1002533,CUST_102155,AED,Active
ACC_1002534,CUST_102156,AED,Active
ACC_1002535,CUST_102157,AED,Active
ACC_1002536,CUST_102158,AED,Active
ACC_1002537,CUST_102159,AED,Active
ACC_1002538,CUST_102160,AED,Active
ACC_1002539,CUST_102161,AED,Active
ACC_1002540,CUST_102162,AED,Active
ACC_1002541,CUST_102163,AED,Active
ACC_1002542,CUST_102164,AED,Active
ACC_1002543,CUST_102165,AED,Active
ACC_1002544,CUST_102166,AED,Active
ACC_1002545,CUST_102167,AED,Active
ACC_1002546,CUST_102167,AED,Active
ACC_1002547,CUST_102168,AED,Active
ACC_1002548,CUST_102169,EUR,Active
ACC_1002549,CUST_102170,AED,Active
ACC_1002550,CUST_102171,USD,Active
ACC_1002551,CUST_102172,AED,Active
ACC_1002552,CUST_102173,AED,Active
ACC_1002553,CUST_102173,AED,Active
ACC_1002554,CUST_102174,AED,Active
ACC_1002555,CUST_102175,AED,Active
ACC_1002556,CUST_102176,AED,Active
ACC_1002557,CUST_102177,AED,Active
ACC_1002558,CUST_102178,AED,Active
ACC_1002559,CUST_102178,AED,Active
ACC_1002560,CUST_102179,USD,Active
ACC_1002561,CUST_102180,USD,Active
ACC_1002562,CUST_102181,USD,Active
ACC_1002563,CUST_102181,AED,Active
ACC_1002564,CUST_102182,AED,Active
ACC_1002565,CUST_102183,AED,Active
ACC_1002566,CUST_102183,AED,Active
ACC_1002567,CUST_102184,AED,Active
ACC_1002568,CUST_102184,AED,Active
ACC_1002569,CUST_102185,USD,Active
ACC_1002570,CUST_102186,AED,Active
ACC_1002571,CUST_102187,AED,Active
ACC_1002572,CUST_102187,AED,Active
ACC_1002573,CUST_102188,AED,Active
ACC_1002574,CUST_102188,AED,Active
ACC_1002575,CUST_102189,AED,Active
ACC_1002576,CUST_102190,EUR,Active
ACC_1002577,CUST_102191,AED,Active
ACC_1002578,CUST_102192,AED,Active
ACC_1002579,CUST_102193,AED,Active
ACC_1002580,CUST_102194,AED,Active
ACC_1002581,CUST_102194,AED,Active
ACC_1002582,CUST_102195,AED,Active
ACC_1002583,CUST_102196,AED,Active
ACC_1002584,CUST_102197,AED,Active
ACC_1002585,CUST_102198,AED,Active
ACC_1002586,CUST_102198,AED,Active
ACC_1002587,CUST_102199,EUR,Active
ACC_1002588,CUST_102200,AED,Active
ACC_1002589,CUST_102200,AED,Active
ACC_1002590,CUST_102201,AED,Active
ACC_1002591,CUST_102201,AED,Active
ACC_1002592,CUST_102202,AED,Active
ACC_1002593,CUST_102203,AED,Active
ACC_1002594,CUST_102204,AED,Active
ACC_1002595,CUST_102205,EUR,Active
ACC_1002596,CUST_102206,AED,Active
ACC_1002597,CUST_102207,AED,Active
ACC_1002598,CUST_102208,AED,Active
ACC_1002599,CUST_102209,AED,Active
ACC_1002600,CUST_102210,USD,Active
ACC_1002601,CUST_102211,AED,Active
ACC_1002602,CUST_102212,AED,Active
ACC_1002603,CUST_102213,EUR,Active
ACC_1002604,CUST_102214,AED,Active
ACC_1002605,CUST_102214,AED,Active
ACC_1002606,CUST_102215,AED,Active
ACC_1002607,CUST_102216,AED,Active
ACC_1002608,CUST_102217,AED,Active
ACC_1002609,CUST_102217,AED,Active
ACC_1002610,CUST_102218,USD,Active
ACC_1002611,CUST_102219,AED,Active
ACC_1002612,CUST_102220,AED,Active
ACC_1002613,CUST_102221,AED,Active
ACC_1002614,CUST_102222,AED,Active
ACC_1002615,CUST_102223,AED,Active
ACC_1002616,CUST_102224,AED,Active
ACC_1002617,CUST_102225,AED,Active
ACC_1002618,CUST_102225,USD,Active
ACC_1002619,CUST_102226,AED,Active
ACC_1002620,CUST_102227,AED,Active
ACC_1002621,CUST_102228,AED,Active
ACC_1002622,CUST_102229,AED,Active
ACC_1002623,CUST_102229,AED,Active
ACC_1002624,CUST_102230,AED,Active
ACC_1002625,CUST_102231,AED,Active
ACC_1002626,CUST_102232,AED,Active
ACC_1002627,CUST_102233,AED,Active
ACC_1002628,CUST_102234,AED,Active
ACC_1002629,CUST_102235,AED,Active
ACC_1002630,CUST_102236,AED,Active
ACC_1002631,CUST_102237,AED,Active
ACC_1002632,CUST_102238,AED,Active
ACC_1002633,CUST_102239,AED,Active
ACC_1002634,CUST_102240,USD,Active
ACC_1002635,CUST_102241,AED,Active
ACC_1002636,CUST_102241,AED,Active
ACC_1002637,CUST_102242,AED,Active
ACC_1002638,CUST_102243,EUR,Active
ACC_1002639,CUST_102243,AED,Active
ACC_1002640,CUST_102244,AED,Active
ACC_1002641,CUST_102245,AED,Active
ACC_1002642,CUST_102246,AED,Active
ACC_1002643,CUST_102247,AED,Active
ACC_1002644,CUST_102248,AED,Active
ACC_1002645,CUST_102249,USD,Active
ACC_1002646,CUST_102250,USD,Active
ACC_1002647,CUST_102250,AED,Active
ACC_1002648,CUST_102251,AED,Active
ACC_1002649,CUST_102252,AED,Active
ACC_1002650,CUST_102253,AED,Active
ACC_1002651,CUST_102254,AED,Active
ACC_1002652,CUST_102254,AED,Active
ACC_1002653,CUST_102255,AED,Active
ACC_1002654,CUST_102255,AED,Active
ACC_1002655,CUST_102256,AED,Active
ACC_1002656,CUST_102257,AED,Active
ACC_1002657,CUST_102258,AED,Active
ACC_1002658,CUST_102259,AED,Active
ACC_1002659,CUST_102260,AED,Active
ACC_1002660,CUST_102261,AED,Active
ACC_1002661,CUST_102262,AED,Active
ACC_1002662,CUST_102263,EUR,Active
ACC_1002663,CUST_102264,AED,Active
ACC_1002664,CUST_102265,AED,Active
ACC_1002665,CUST_102266,AED,Active
ACC_1002666,CUST_102267,AED,Active
ACC_1002667,CUST_102268,AED,Active
ACC_1002668,CUST_102269,USD,Active
ACC_1002669,CUST_102270,AED,Active
ACC_1002670,CUST_102271,AED,Active
ACC_1002671,CUST_102271,AED,Active
ACC_1002672,CUST_102272,AED,Active
ACC_1002673,CUST_102272,AED,Active
ACC_1002674,CUST_102273,AED,Active
ACC_1002675,CUST_102274,AED,Active
ACC_1002676,CUST_102275,AED,Active
ACC_1002677,CUST_102275,AED,Active
ACC_1002678,CUST_102276,AED,Active
ACC_1002679,CUST_102277,AED,Active
ACC_1002680,CUST_102277,AED,Active
ACC_1002681,CUST_102278,AED,Active
ACC_1002682,CUST_102278,AED,Active
ACC_1002683,CUST_102279,AED,Active
ACC_1002684,CUST_102280,AED,Active
ACC_1002685,CUST_102281,USD,Active
ACC_1002686,CUST_102282,AED,Active
ACC_1002687,CUST_102283,AED,Active
ACC_1002688,CUST_102284,AED,Active
ACC_1002689,CUST_102284,AED,Active
ACC_1002690,CUST_102285,AED,Active
ACC_1002691,CUST_102285,EUR,Active
ACC_1002692,CUST_102286,AED,Active
ACC_1002693,CUST_102287,AED,Active
ACC_1002694,CUST_102287,AED,Active
ACC_1002695,CUST_102288,AED,Active
ACC_1002696,CUST_102289,AED,Active
ACC_1002697,CUST_102290,AED,Active
ACC_1002698,CUST_102291,AED,Active
ACC_1002699,CUST_102292,EUR,Active
ACC_1002700,CUST_102292,AED,Active
ACC_1002701,CUST_102293,AED,Active
ACC_1002702,CUST_102294,AED,Active
ACC_1002703,CUST_102295,AED,Active
ACC_1002704,CUST_102296,AED,Active
ACC_1002705,CUST_102296,EUR,Active
ACC_1002706,CUST_102297,USD,Active
ACC_1002707,CUST_102298,AED,Active
ACC_1002708,CUST_102299,AED,Active
ACC_1002709,CUST_102300,AED,Active
ACC_1002710,CUST_102301,AED,Active
ACC_1002711,CUST_102302,AED,Active
ACC_1002712,CUST_102303,AED,Active
ACC_1002713,CUST_102304,AED,Active
ACC_1002714,CUST_102305,AED,Active
ACC_1002715,CUST_102306,EUR,Active
ACC_1002716,CUST_102307,AED,Active
ACC_1002717,CUST_102307,AED,Active
ACC_1002718,CUST_102308,AED,Active
ACC_1002719,CUST_102308,AED,Active
ACC_1002720,CUST_102309,USD,Active
ACC_1002721,CUST_102310,AED,Active
ACC_1002722,CUST_102311,USD,Active
ACC_1002723,CUST_102312,AED,Active
ACC_1002724,CUST_102313,AED,Active
ACC_1002725,CUST_102314,AED,Active
ACC_1002726,CUST_102315,USD,Active
ACC_1002727,CUST_102316,AED,Active
ACC_1002728,CUST_102317,AED,Active
ACC_1002729,CUST_102317,AED,Active
ACC_1002730,CUST_102318,USD,Active
ACC_1002731,CUST_102319,EUR,Active
ACC_1002732,CUST_102320,AED,Active
ACC_1002733,CUST_102321,AED,Active
ACC_1002734,CUST_102322,AED,Active
ACC_1002735,CUST_102323,AED,Active
ACC_1002736,CUST_102324,AED,Active
ACC_1002737,CUST_102324,AED,Active
ACC_1002738,CUST_102325,AED,Active
ACC_1002739,CUST_102326,USD,Active
ACC_1002740,CUST_102327,AED,Active
ACC_1002741,CUST_102328,AED,Active
ACC_1002742,CUST_102329,AED,Active
ACC_1002743,CUST_102330,AED,Active
ACC_1002744,CUST_102331,AED,Active
ACC_1002745,CUST_102332,AED,Active
ACC_1002746,CUST_102332,AED,Active
ACC_1002747,CUST_102333,USD,Active
ACC_1002748,CUST_102333,AED,Active
ACC_1002749,CUST_102334,AED,Active
ACC_1002750,CUST_102335,AED,Active
ACC_1002751,CUST_102336,AED,Active
ACC_1002752,CUST_102337,USD,Active
ACC_1002753,CUST_102337,AED,Active
ACC_1002754,CUST_102338,EUR,Active
ACC_1002755,CUST_102339,AED,Active
ACC_1002756,CUST_102340,USD,Active
ACC_1002757,CUST_102341,AED,Active
ACC_1002758,CUST_102342,USD,Active
ACC_1002759,CUST_102343,AED,Active
ACC_1002760,CUST_102344,AED,Active
ACC_1002761,CUST_102345,AED,Active
ACC_1002762,CUST_102346,USD,Active
ACC_1002763,CUST_102347,USD,Active
ACC_1002764,CUST_102348,USD,Active
ACC_1002765,CUST_102349,AED,Active
ACC_1002766,CUST_102349,AED,Active
ACC_1002767,CUST_102350,AED,Active
ACC_1002768,CUST_102351,EUR,Active
ACC_1002769,CUST_102352,AED,Active
ACC_1002770,CUST_102353,AED,Active
ACC_1002771,CUST_102353,AED,Active
ACC_1002772,CUST_102354,AED,Active
ACC_1002773,CUST_102355,AED,Active
ACC_1002774,CUST_102356,AED,Active
ACC_1002775,CUST_102357,AED,Active
ACC_1002776,CUST_102358,AED,Active
ACC_1002777,CUST_102358,AED,Active
ACC_1002778,CUST_102359,AED,Active
ACC_1002779,CUST_102360,AED,Active
ACC_1002780,CUST_102361,AED,Active
ACC_1002781,CUST_102362,USD,Active
ACC_1002782,CUST_102363,AED,Active
ACC_1002783,CUST_102364,AED,Active
ACC_1002784,CUST_102364,AED,Active
ACC_1002785,CUST_102365,AED,Active
ACC_1002786,CUST_102366,USD,Active
ACC_1002787,CUST_102366,AED,Active
ACC_1002788,CUST_102367,USD,Active
ACC_1002789,CUST_102368,AED,Active
ACC_1002790,CUST_102369,AED,Active
ACC_1002791,CUST_102369,USD,Active
ACC_1002792,CUST_102370,USD,Active
ACC_1002793,CUST_102371,AED,Active
ACC_1002794,CUST_102372,AED,Active
ACC_1002795,CUST_102373,AED,Active
ACC_1002796,CUST_102374,AED,Active
ACC_1002797,CUST_102375,AED,Active
ACC_1002798,CUST_102376,AED,Active
ACC_1002799,CUST_102377,AED,Active
ACC_1002800,CUST_102378,EUR,Active
ACC_1002801,CUST_102379,AED,Active
ACC_1002802,CUST_102379,AED,Active
ACC_1002803,CUST_102380,AED,Active
ACC_1002804,CUST_102381,AED,Active
ACC_1002805,CUST_102382,AED,Active
ACC_1002806,CUST_102382,USD,Active
ACC_1002807,CUST_102383,AED,Active
ACC_1002808,CUST_102384,USD,Active
ACC_1002809,CUST_102385,USD,Active
ACC_1002810,CUST_102385,AED,Active
ACC_1002811,CUST_102386,AED,Active
ACC_1002812,CUST_102387,AED,Active
ACC_1002813,CUST_102387,AED,Active
ACC_1002814,CUST_102388,AED,Active
ACC_1002815,CUST_102389,AED,Active
ACC_1002816,CUST_102389,AED,Active
ACC_1002817,CUST_102390,AED,Active
ACC_1002818,CUST_102390,AED,Active
ACC_1002819,CUST_102391,AED,Active
ACC_1002820,CUST_102392,AED,Active
ACC_1002821,CUST_102393,AED,Active
ACC_1002822,CUST_102394,AED,Active
ACC_1002823,CUST_102395,AED,Active
ACC_1002824,CUST_102396,AED,Active
ACC_1002825,CUST_102397,AED,Active
ACC_1002826,CUST_102398,EUR,Active
ACC_1002827,CUST_102399,AED,Active
ACC_1002828,CUST_102399,AED,Active
ACC_1002829,CUST_102400,AED,Active
ACC_1002830,CUST_102401,USD,Active
ACC_1002831,CUST_102402,AED,Active
ACC_1002832,CUST_102403,AED,Active
ACC_1002833,CUST_102403,AED,Active
ACC_1002834,CUST_102404,AED,Active
ACC_1002835,CUST_102405,EUR,Active
ACC_1002836,CUST_102406,AED,Active
ACC_1002837,CUST_102407,AED,Active
ACC_1002838,CUST_102408,AED,Active
ACC_1002839,CUST_102409,AED,Active
ACC_1002840,CUST_102410,AED,Active
ACC_1002841,CUST_102411,EUR,Active
ACC_1002842,CUST_102412,AED,Active
ACC_1002843,CUST_102413,AED,Active
ACC_1002844,CUST_102414,AED,Active
ACC_1002845,CUST_102415,AED,Active
ACC_1002846,CUST_102416,AED,Active
ACC_1002847,CUST_102416,AED,Active
ACC_1002848,CUST_102417,AED,Active
ACC_1002849,CUST_102418,AED,Active
ACC_1002850,CUST_102418,AED,Active
ACC_1002851,CUST_102419,AED,Active
ACC_1002852,CUST_102420,AED,Active
ACC_1002853,CUST_102420,AED,Active
ACC_1002854,CUST_102421,AED,Active
ACC_1002855,CUST_102422,AED,Active
ACC_1002856,CUST_102422,AED,Active
ACC_1002857,CUST_102423,AED,Active
ACC_1002858,CUST_102423,AED,Active
ACC_1002859,CUST_102424,AED,Active
ACC_1002860,CUST_102425,AED,Active
ACC_1002861,CUST_102426,AED,Active
ACC_1002862,CUST_102427,AED,Active
ACC_1002863,CUST_102428,AED,Active
ACC_1002864,CUST_102428,AED,Active
ACC_1002865,CUST_102429,AED,Active
ACC_1002866,CUST_102429,EUR,Active
ACC_1002867,CUST_102430,USD,Active
ACC_1002868,CUST_102430,AED,Active
ACC_1002869,CUST_102431,AED,Active
ACC_1002870,CUST_102432,AED,Active
ACC_1002871,CUST_102433,AED,Active
ACC_1002872,CUST_102434,AED,Active
ACC_1002873,CUST_102435,AED,Active
ACC_1002874,CUST_102435,AED,Active
ACC_1002875,CUST_102436,AED,Active
ACC_1002876,CUST_102437,AED,Active
ACC_1002877,CUST_102438,AED,Active
ACC_1002878,CUST_102439,AED,Active
ACC_1002879,CUST_102439,AED,Active
ACC_1002880,CUST_102440,AED,Active
ACC_1002881,CUST_102441,AED,Active
ACC_1002882,CUST_102441,AED,Active
ACC_1002883,CUST_102442,AED,Active
ACC_1002884,CUST_102443,AED,Active
ACC_1002885,CUST_102443,AED,Active
ACC_1002886,CUST_102444,AED,Active
ACC_1002887,CUST_102445,AED,Active
ACC_1002888,CUST_102446,AED,Active
ACC_1002889,CUST_102447,AED,Active
ACC_1002890,CUST_102448,AED,Active
ACC_1002891,CUST_102448,AED,Active
ACC_1002892,CUST_102449,AED,Active
ACC_1002893,CUST_102450,AED,Active
ACC_1002894,CUST_102450,AED,Active
ACC_1002895,CUST_102451,AED,Active
ACC_1002896,CUST_102452,EUR,Active
ACC_1002897,CUST_102453,AED,Active
ACC_1002898,CUST_102454,AED,Active
ACC_1002899,CUST_102455,USD,Active
ACC_1002900,CUST_102456,AED,Active
ACC_1002901,CUST_102456,AED,Active
ACC_1002902,CUST_102457,AED,Active
ACC_1002903,CUST_102458,AED,Active
ACC_1002904,CUST_102459,AED,Active
ACC_1002905,CUST_102460,AED,Active
ACC_1002906,CUST_102461,AED,Active
ACC_1002907,CUST_102462,AED,Active
ACC_1002908,CUST_102462,AED,Active
ACC_1002909,CUST_102463,AED,Active
ACC_1002910,CUST_102464,AED,Active
ACC_1002911,CUST_102465,AED,Active
ACC_1002912,CUST_102465,AED,Active
ACC_1002913,CUST_102466,AED,Active
ACC_1002914,CUST_102467,AED,Active
ACC_1002915,CUST_102468,AED,Active
ACC_1002916,CUST_102469,AED,Active
ACC_1002917,CUST_102469,AED,Active
ACC_1002918,CUST_102470,AED,Active
ACC_1002919,CUST_102471,EUR,Active
ACC_1002920,CUST_102472,AED,Active
ACC_1002921,CUST_102473,USD,Active
ACC_1002922,CUST_102474,AED,Active
ACC_1002923,CUST_102475,AED,Active
ACC_1002924,CUST_102475,AED,Active
ACC_1002925,CUST_102476,AED,Active
ACC_1002926,CUST_102476,AED,Active
ACC_1002927,CUST_102477,AED,Active
ACC_1002928,CUST_102478,AED,Active
ACC_1002929,CUST_102478,AED,Active
ACC_1002930,CUST_102479,AED,Active
ACC_1002931,CUST_102480,USD,Active
ACC_1002932,CUST_102480,AED,Active
ACC_1002933,CUST_102481,USD,Active
ACC_1002934,CUST_102482,AED,Active
ACC_1002935,CUST_102483,AED,Active
ACC_1002936,CUST_102484,AED,Active
ACC_1002937,CUST_102485,AED,Active
ACC_1002938,CUST_102486,AED,Active
ACC_1002939,CUST_102486,AED,Active
ACC_1002940,CUST_102487,AED,Active
ACC_1002941,CUST_102488,AED,Active
ACC_1002942,CUST_102488,AED,Active
ACC_1002943,CUST_102489,AED,Active
ACC_1002944,CUST_102490,AED,Active
ACC_1002945,CUST_102491,AED,Active
ACC_1002946,CUST_102492,AED,Active
ACC_1002947,CUST_102493,AED,Active
ACC_1002948,CUST_102494,USD,Active
ACC_1002949,CUST_102495,AED,Active
ACC_1002950,CUST_102495,AED,Active
ACC_1002951,CUST_102496,AED,Active
ACC_1002952,CUST_102497,AED,Active
ACC_1002953,CUST_102498,EUR,Active
ACC_1002954,CUST_102499,AED,Active
ACC_1002955,CUST_102500,AED,Active
ACC_1002956,CUST_102501,AED,Active
ACC_1002957,CUST_102501,AED,Active
ACC_1002958,CUST_102502,AED,Active
ACC_1002959,CUST_102502,AED,Active
ACC_1002960,CUST_102503,AED,Active
ACC_1002961,CUST_102504,AED,Active
ACC_1002962,CUST_102505,AED,Active
ACC_1002963,CUST_102506,USD,Active
ACC_1002964,CUST_102507,AED,Active
ACC_1002965,CUST_102508,AED,Active
ACC_1002966,CUST_102509,AED,Active
ACC_1002967,CUST_102509,USD,Active
ACC_1002968,CUST_102510,AED,Active
ACC_1002969,CUST_102511,AED,Active
ACC_1002970,CUST_102512,AED,Active
ACC_1002971,CUST_102513,AED,Active
ACC_1002972,CUST_102514,AED,Active
ACC_1002973,CUST_102515,AED,Active
ACC_1002974,CUST_102516,AED,Active
ACC_1002975,CUST_102517,AED,Active
ACC_1002976,CUST_102518,AED,Active
ACC_1002977,CUST_102518,AED,Active
ACC_1002978,CUST_102519,AED,Active
ACC_1002979,CUST_102520,AED,Active
ACC_1002980,CUST_102521,AED,Active
ACC_1002981,CUST_102522,AED,Active
ACC_1002982,CUST_102523,AED,Active
ACC_1002983,CUST_102524,AED,Active
ACC_1002984,CUST_102525,EUR,Active
ACC_1002985,CUST_102526,AED,Active
ACC_1002986,CUST_102527,AED,Active
ACC_1002987,CUST_102528,AED,Active
ACC_1002988,CUST_102528,AED,Active
ACC_1002989,CUST_102529,AED,Active
ACC_1002990,CUST_102530,EUR,Active
ACC_1002991,CUST_102531,USD,Active
ACC_1002992,CUST_102532,AED,Active
ACC_1002993,CUST_102533,AED,Active
ACC_1002994,CUST_102534,AED,Active
ACC_1002995,CUST_102535,AED,Active
ACC_1002996,CUST_102536,AED,Active
ACC_1002997,CUST_102537,USD,Active
ACC_1002998,CUST_102538,AED,Active
ACC_1002999,CUST_102539,USD,Active
ACC_1003000,CUST_102540,AED,Active
ACC_1003001,CUST_102541,AED,Active
ACC_1003002,CUST_102541,EUR,Active
ACC_1003003,CUST_102542,USD,Active
ACC_1003004,CUST_102543,AED,Active
ACC_1003005,CUST_102544,AED,Active
ACC_1003006,CUST_102545,AED,Active
ACC_1003007,CUST_102545,USD,Active
ACC_1003008,CUST_102546,EUR,Active
ACC_1003009,CUST_102547,USD,Active
ACC_1003010,CUST_102548,AED,Active
ACC_1003011,CUST_102549,AED,Active
ACC_1003012,CUST_102549,AED,Active
ACC_1003013,CUST_102550,AED,Active
ACC_1003014,CUST_102551,AED,Active
ACC_1003015,CUST_102552,AED,Active
ACC_1003016,CUST_102553,AED,Active
ACC_1003017,CUST_102554,AED,Active
ACC_1003018,CUST_102555,USD,Active
ACC_1003019,CUST_102556,AED,Active
ACC_1003020,CUST_102557,AED,Active
ACC_1003021,CUST_102558,AED,Active
ACC_1003022,CUST_102558,AED,Active
ACC_1003023,CUST_102559,AED,Active
ACC_1003024,CUST_102559,AED,Active
ACC_1003025,CUST_102560,AED,Active
ACC_1003026,CUST_102561,AED,Active
ACC_1003027,CUST_102562,AED,Active
ACC_1003028,CUST_102562,AED,Active
ACC_1003029,CUST_102563,AED,Active
ACC_1003030,CUST_102563,AED,Active
ACC_1003031,CUST_102564,AED,Active
ACC_1003032,CUST_102565,AED,Active
ACC_1003033,CUST_102565,AED,Active
ACC_1003034,CUST_102566,AED,Active
ACC_1003035,CUST_102567,AED,Active
ACC_1003036,CUST_102568,AED,Active
ACC_1003037,CUST_102569,AED,Active
ACC_1003038,CUST_102569,AED,Active
ACC_1003039,CUST_102570,USD,Active
ACC_1003040,CUST_102571,AED,Active
ACC_1003041,CUST_102572,AED,Active
ACC_1003042,CUST_102573,AED,Active
ACC_1003043,CUST_102574,AED,Active
ACC_1003044,CUST_102575,AED,Active
ACC_1003045,CUST_102575,AED,Active
ACC_1003046,CUST_102576,AED,Active
ACC_1003047,CUST_102577,AED,Active
ACC_1003048,CUST_102578,AED,Active
ACC_1003049,CUST_102578,AED,Active
ACC_1003050,CUST_102579,AED,Active
ACC_1003051,CUST_102580,AED,Active
ACC_1003052,CUST_102581,AED,Active
ACC_1003053,CUST_102582,USD,Active
ACC_1003054,CUST_102583,AED,Active
ACC_1003055,CUST_102583,AED,Active
ACC_1003056,CUST_102584,AED,Active
ACC_1003057,CUST_102584,AED,Active
ACC_1003058,CUST_102585,USD,Active
ACC_1003059,CUST_102586,AED,Active
ACC_1003060,CUST_102587,AED,Active
ACC_1003061,CUST_102588,AED,Active
ACC_1003062,CUST_102589,AED,Active
ACC_1003063,CUST_102590,AED,Active
ACC_1003064,CUST_102591,AED,Active
ACC_1003065,CUST_102592,AED,Active
ACC_1003066,CUST_102593,USD,Active
ACC_1003067,CUST_102593,AED,Active
ACC_1003068,CUST_102594,AED,Active
ACC_1003069,CUST_102595,AED,Active
ACC_1003070,CUST_102595,USD,Active
ACC_1003071,CUST_102596,AED,Active
ACC_1003072,CUST_102596,AED,Active
ACC_1003073,CUST_102597,AED,Active
ACC_1003074,CUST_102598,AED,Active
ACC_1003075,CUST_102599,AED,Active
ACC_1003076,CUST_102600,USD,Active
ACC_1003077,CUST_102600,AED,Active
ACC_1003078,CUST_102601,AED,Active
ACC_1003079,CUST_102602,AED,Active
ACC_1003080,CUST_102603,EUR,Active
ACC_1003081,CUST_102604,AED,Active
ACC_1003082,CUST_102605,AED,Active
ACC_1003083,CUST_102606,AED,Active
ACC_1003084,CUST_102607,AED,Active
ACC_1003085,CUST_102608,AED,Active
ACC_1003086,CUST_102609,AED,Active
ACC_1003087,CUST_102610,AED,Active
ACC_1003088,CUST_102611,AED,Active
ACC_1003089,CUST_102612,AED,Active
ACC_1003090,CUST_102613,AED,Active
ACC_1003091,CUST_102613,AED,Active
ACC_1003092,CUST_102614,AED,Active
ACC_1003093,CUST_102615,USD,Active
ACC_1003094,CUST_102616,EUR,Active
ACC_1003095,CUST_102617,AED,Active
ACC_1003096,CUST_102618,USD,Active
ACC_1003097,CUST_102619,AED,Active
ACC_1003098,CUST_102620,AED,Active
ACC_1003099,CUST_102621,AED,Active
ACC_1003100,CUST_102621,USD,Active
ACC_1003101,CUST_102622,AED,Active
ACC_1003102,CUST_102622,AED,Active
ACC_1003103,CUST_102623,AED,Active
ACC_1003104,CUST_102624,AED,Active
ACC_1003105,CUST_102624,AED,Active
ACC_1003106,CUST_102625,EUR,Active
ACC_1003107,CUST_102626,AED,Active
ACC_1003108,CUST_102626,AED,Active
ACC_1003109,CUST_102627,AED,Active
ACC_1003110,CUST_102628,AED,Active
ACC_1003111,CUST_102629,AED,Active
ACC_1003112,CUST_102629,AED,Active
ACC_1003113,CUST_102630,AED,Active
ACC_1003114,CUST_102631,AED,Active
ACC_1003115,CUST_102632,AED,Active
ACC_1003116,CUST_102633,AED,Active
ACC_1003117,CUST_102634,AED,Active
ACC_1003118,CUST_102634,AED,Active
ACC_1003119,CUST_102635,AED,Active
ACC_1003120,CUST_102636,AED,Active
ACC_1003121,CUST_102637,AED,Active
ACC_1003122,CUST_102638,AED,Active
ACC_1003123,CUST_102639,USD,Active
ACC_1003124,CUST_102640,AED,Active
ACC_1003125,CUST_102641,AED,Active
ACC_1003126,CUST_102642,AED,Active
ACC_1003127,CUST_102643,AED,Active
ACC_1003128,CUST_102643,AED,Active
ACC_1003129,CUST_102644,AED,Active
ACC_1003130,CUST_102645,AED,Active
ACC_1003131,CUST_102645,AED,Active
ACC_1003132,CUST_102646,AED,Active
ACC_1003133,CUST_102647,AED,Active
ACC_1003134,CUST_102647,AED,Active
ACC_1003135,CUST_102648,AED,Active
ACC_1003136,CUST_102649,AED,Active
ACC_1003137,CUST_102649,AED,Active
ACC_1003138,CUST_102650,USD,Active
ACC_1003139,CUST_102651,AED,Active
ACC_1003140,CUST_102652,USD,Active
ACC_1003141,CUST_102653,AED,Active
ACC_1003142,CUST_102653,AED,Active
ACC_1003143,CUST_102654,AED,Active
ACC_1003144,CUST_102654,AED,Active
ACC_1003145,CUST_102655,AED,Active
ACC_1003146,CUST_102656,USD,Active
ACC_1003147,CUST_102657,EUR,Active
ACC_1003148,CUST_102658,AED,Active
ACC_1003149,CUST_102659,AED,Active
ACC_1003150,CUST_102660,AED,Active
ACC_1003151,CUST_102661,AED,Active
ACC_1003152,CUST_102662,AED,Active
ACC_1003153,CUST_102663,AED,Active
ACC_1003154,CUST_102664,AED,Active
ACC_1003155,CUST_102665,EUR,Active
ACC_1003156,CUST_102666,AED,Active
ACC_1003157,CUST_102666,USD,Active
ACC_1003158,CUST_102667,AED,Active
ACC_1003159,CUST_102668,AED,Active
ACC_1003160,CUST_102669,AED,Active
ACC_1003161,CUST_102670,AED,Active
ACC_1003162,CUST_102671,AED,Active
ACC_1003163,CUST_102672,USD,Active
ACC_1003164,CUST_102673,AED,Active
ACC_1003165,CUST_102674,AED,Active
ACC_1003166,CUST_102675,AED,Active
ACC_1003167,CUST_102676,AED,Active
ACC_1003168,CUST_102677,AED,Active
ACC_1003169,CUST_102678,AED,Active
ACC_1003170,CUST_102679,AED,Active
ACC_1003171,CUST_102680,AED,Active
ACC_1003172,CUST_102680,AED,Active
ACC_1003173,CUST_102681,AED,Active
ACC_1003174,CUST_102682,USD,Active
ACC_1003175,CUST_102683,AED,Active
ACC_1003176,CUST_102684,AED,Active
ACC_1003177,CUST_102685,AED,Active
ACC_1003178,CUST_102686,AED,Active
ACC_1003179,CUST_102687,AED,Active
ACC_1003180,CUST_102687,AED,Active
ACC_1003181,CUST_102688,AED,Active
ACC_1003182,CUST_102689,AED,Active
ACC_1003183,CUST_102690,EUR,Active
ACC_1003184,CUST_102691,AED,Active
ACC_1003185,CUST_102692,AED,Active
ACC_1003186,CUST_102693,AED,Active
ACC_1003187,CUST_102694,AED,Active
ACC_1003188,CUST_102695,AED,Active
ACC_1003189,CUST_102696,AED,Active
ACC_1003190,CUST_102697,AED,Active
ACC_1003191,CUST_102698,AED,Active
ACC_1003192,CUST_102699,AED,Active
ACC_1003193,CUST_102700,AED,Active
ACC_1003194,CUST_102701,USD,Active
ACC_1003195,CUST_102702,AED,Active
ACC_1003196,CUST_102703,AED,Active
ACC_1003197,CUST_102704,AED,Active
ACC_1003198,CUST_102705,AED,Active
ACC_1003199,CUST_102706,AED,Active
ACC_1003200,CUST_102707,AED,Active
ACC_1003201,CUST_102708,AED,Active
ACC_1003202,CUST_102709,AED,Active
ACC_1003203,CUST_102710,USD,Active
ACC_1003204,CUST_102710,AED,Active
ACC_1003205,CUST_102711,AED,Active
ACC_1003206,CUST_102711,AED,Active
ACC_1003207,CUST_102712,AED,Active
ACC_1003208,CUST_102713,AED,Active
ACC_1003209,CUST_102714,AED,Active
ACC_1003210,CUST_102715,AED,Active
ACC_1003211,CUST_102715,USD,Active
ACC_1003212,CUST_102716,AED,Active
ACC_1003213,CUST_102717,AED,Active
ACC_1003214,CUST_102718,EUR,Active
ACC_1003215,CUST_102719,AED,Active
ACC_1003216,CUST_102720,AED,Active
ACC_1003217,CUST_102720,AED,Active
ACC_1003218,CUST_102721,USD,Active
ACC_1003219,CUST_102722,AED,Active
ACC_1003220,CUST_102723,AED,Active
ACC_1003221,CUST_102724,AED,Active
ACC_1003222,CUST_102724,AED,Active
ACC_1003223,CUST_102725,AED,Active
ACC_1003224,CUST_102726,AED,Active
ACC_1003225,CUST_102727,AED,Active
ACC_1003226,CUST_102728,AED,Active
ACC_1003227,CUST_102729,AED,Active
ACC_1003228,CUST_102729,AED,Active
ACC_1003229,CUST_102730,AED,Active
ACC_1003230,CUST_102731,EUR,Active
ACC_1003231,CUST_102732,AED,Active
ACC_1003232,CUST_102733,AED,Active
ACC_1003233,CUST_102734,EUR,Active
ACC_1003234,CUST_102735,AED,Active
ACC_1003235,CUST_102736,AED,Active
ACC_1003236,CUST_102737,AED,Active
ACC_1003237,CUST_102738,AED,Active
ACC_1003238,CUST_102739,AED,Active
ACC_1003239,CUST_102740,AED,Active
ACC_1003240,CUST_102741,AED,Active
ACC_1003241,CUST_102741,AED,Active
ACC_1003242,CUST_102742,AED,Active
ACC_1003243,CUST_102743,USD,Active
ACC_1003244,CUST_102744,AED,Active
ACC_1003245,CUST_102745,AED,Active
ACC_1003246,CUST_102746,AED,Active
ACC_1003247,CUST_102747,AED,Active
ACC_1003248,CUST_102748,USD,Active
ACC_1003249,CUST_102749,AED,Active
ACC_1003250,CUST_102750,AED,Active
ACC_1003251,CUST_102751,AED,Active
ACC_1003252,CUST_102752,AED,Active
ACC_1003253,CUST_102752,AED,Active
ACC_1003254,CUST_102753,AED,Active
ACC_1003255,CUST_102754,AED,Active
ACC_1003256,CUST_102755,AED,Active
ACC_1003257,CUST_102756,USD,Active
ACC_1003258,CUST_102757,AED,Active
ACC_1003259,CUST_102757,AED,Active
ACC_1003260,CUST_102758,AED,Active
ACC_1003261,CUST_102759,AED,Active
ACC_1003262,CUST_102759,AED,Active
ACC_1003263,CUST_102760,AED,Active
ACC_1003264,CUST_102760,AED,Active
ACC_1003265,CUST_102761,AED,Active
ACC_1003266,CUST_102761,AED,Active
ACC_1003267,CUST_102762,AED,Active
ACC_1003268,CUST_102763,AED,Active
ACC_1003269,CUST_102764,AED,Active
ACC_1003270,CUST_102765,EUR,Active
ACC_1003271,CUST_102766,USD,Active
ACC_1003272,CUST_102767,USD,Active
ACC_1003273,CUST_102768,AED,Active
ACC_1003274,CUST_102769,AED,Active
ACC_1003275,CUST_102770,AED,Active
ACC_1003276,CUST_102771,AED,Active
ACC_1003277,CUST_102772,AED,Active
ACC_1003278,CUST_102773,AED,Active
ACC_1003279,CUST_102773,AED,Active
ACC_1003280,CUST_102774,AED,Active
ACC_1003281,CUST_102775,AED,Active
ACC_1003282,CUST_102776,AED,Active
ACC_1003283,CUST_102777,AED,Active
ACC_1003284,CUST_102778,EUR,Active
ACC_1003285,CUST_102779,AED,Active
ACC_1003286,CUST_102780,AED,Active
ACC_1003287,CUST_102780,AED,Active
ACC_1003288,CUST_102781,AED,Active
ACC_1003289,CUST_102782,AED,Active
ACC_1003290,CUST_102782,AED,Active
ACC_1003291,CUST_102783,AED,Active
ACC_1003292,CUST_102784,AED,Active
ACC_1003293,CUST_102785,AED,Active
ACC_1003294,CUST_102786,USD,Active
ACC_1003295,CUST_102787,AED,Active
ACC_1003296,CUST_102788,AED,Active
ACC_1003297,CUST_102789,AED,Active
ACC_1003298,CUST_102790,AED,Active
ACC_1003299,CUST_102791,AED,Active
ACC_1003300,CUST_102791,AED,Active
ACC_1003301,CUST_102792,AED,Active
ACC_1003302,CUST_102793,AED,Active
ACC_1003303,CUST_102794,AED,Active
ACC_1003304,CUST_102795,AED,Active
ACC_1003305,CUST_102796,AED,Active
ACC_1003306,CUST_102797,AED,Active
ACC_1003307,CUST_102798,AED,Active
ACC_1003308,CUST_102799,AED,Active
ACC_1003309,CUST_102800,EUR,Active
ACC_1003310,CUST_102801,AED,Active
ACC_1003311,CUST_102802,AED,Active
ACC_1003312,CUST_102803,AED,Active
ACC_1003313,CUST_102804,AED,Active
ACC_1003314,CUST_102805,AED,Active
ACC_1003315,CUST_102806,AED,Active
ACC_1003316,CUST_102806,AED,Active
ACC_1003317,CUST_102807,EUR,Active
ACC_1003318,CUST_102807,AED,Active
ACC_1003319,CUST_102808,AED,Active
ACC_1003320,CUST_102809,AED,Active
ACC_1003321,CUST_102810,USD,Active
ACC_1003322,CUST_102811,AED,Active
ACC_1003323,CUST_102812,AED,Active
ACC_1003324,CUST_102812,AED,Active
ACC_1003325,CUST_102813,AED,Active
ACC_1003326,CUST_102813,AED,Active
ACC_1003327,CUST_102814,AED,Active
ACC_1003328,CUST_102815,AED,Active
ACC_1003329,CUST_102816,AED,Active
ACC_1003330,CUST_102817,AED,Active
ACC_1003331,CUST_102818,AED,Active
ACC_1003332,CUST_102819,AED,Active
ACC_1003333,CUST_102820,AED,Active
ACC_1003334,CUST_102821,AED,Active
ACC_1003335,CUST_102822,AED,Active
ACC_1003336,CUST_102823,AED,Active
ACC_1003337,CUST_102824,AED,Active
ACC_1003338,CUST_102825,AED,Active
ACC_1003339,CUST_102826,USD,Active
ACC_1003340,CUST_102827,AED,Active
ACC_1003341,CUST_102828,AED,Active
ACC_1003342,CUST_102829,AED,Active
ACC_1003343,CUST_102830,AED,Active
ACC_1003344,CUST_102831,AED,Active
ACC_1003345,CUST_102832,EUR,Active
ACC_1003346,CUST_102833,USD,Active
ACC_1003347,CUST_102834,AED,Active
ACC_1003348,CUST_102835,AED,Active
ACC_1003349,CUST_102835,AED,Active
ACC_1003350,CUST_102836,AED,Active
ACC_1003351,CUST_102837,AED,Active
ACC_1003352,CUST_102838,AED,Active
ACC_1003353,CUST_102839,AED,Active
ACC_1003354,CUST_102840,AED,Active
ACC_1003355,CUST_102840,AED,Active
ACC_1003356,CUST_102841,AED,Active
ACC_1003357,CUST_102841,USD,Active
ACC_1003358,CUST_102842,AED,Active
ACC_1003359,CUST_102843,AED,Active
ACC_1003360,CUST_102844,AED,Active
ACC_1003361,CUST_102845,AED,Active
ACC_1003362,CUST_102846,AED,Active
ACC_1003363,CUST_102846,AED,Active
ACC_1003364,CUST_102847,AED,Active
ACC_1003365,CUST_102848,AED,Active
ACC_1003366,CUST_102848,AED,Active
ACC_1003367,CUST_102849,AED,Active
ACC_1003368,CUST_102850,USD,Active
ACC_1003369,CUST_102851,AED,Active
ACC_1003370,CUST_102852,AED,Active
ACC_1003371,CUST_102853,AED,Active
ACC_1003372,CUST_102854,AED,Active
ACC_1003373,CUST_102855,EUR,Active
ACC_1003374,CUST_102856,EUR,Active
ACC_1003375,CUST_102857,USD,Active
ACC_1003376,CUST_102858,USD,Active
ACC_1003377,CUST_102859,USD,Active
ACC_1003378,CUST_102860,AED,Active
ACC_1003379,CUST_102861,AED,Active
ACC_1003380,CUST_102862,AED,Active
ACC_1003381,CUST_102862,AED,Active
ACC_1003382,CUST_102863,USD,Active
ACC_1003383,CUST_102863,AED,Active
ACC_1003384,CUST_102864,AED,Active
ACC_1003385,CUST_102865,USD,Active
ACC_1003386,CUST_102866,AED,Active
ACC_1003387,CUST_102867,AED,Active
ACC_1003388,CUST_102868,AED,Active
ACC_1003389,CUST_102869,AED,Active
ACC_1003390,CUST_102870,AED,Active
ACC_1003391,CUST_102870,AED,Active
ACC_1003392,CUST_102871,AED,Active
ACC_1003393,CUST_102871,USD,Active
ACC_1003394,CUST_102872,USD,Active
ACC_1003395,CUST_102872,USD,Active
ACC_1003396,CUST_102873,EUR,Active
ACC_1003397,CUST_102874,AED,Active
ACC_1003398,CUST_102875,USD,Active
ACC_1003399,CUST_102875,AED,Active
ACC_1003400,CUST_102876,AED,Active
ACC_1003401,CUST_102877,AED,Active
ACC_1003402,CUST_102878,AED,Active
ACC_1003403,CUST_102879,AED,Active
ACC_1003404,CUST_102880,AED,Active
ACC_1003405,CUST_102881,USD,Active
ACC_1003406,CUST_102882,AED,Active
ACC_1003407,CUST_102883,AED,Active
ACC_1003408,CUST_102884,AED,Active
ACC_1003409,CUST_102884,USD,Active
ACC_1003410,CUST_102885,AED,Active
ACC_1003411,CUST_102886,EUR,Active
ACC_1003412,CUST_102887,AED,Active
ACC_1003413,CUST_102888,AED,Active
ACC_1003414,CUST_102889,AED,Active
ACC_1003415,CUST_102890,AED,Active
ACC_1003416,CUST_102891,AED,Active
ACC_1003417,CUST_102892,AED,Active
ACC_1003418,CUST_102893,AED,Active
ACC_1003419,CUST_102894,EUR,Active
ACC_1003420,CUST_102895,AED,Active
ACC_1003421,CUST_102896,AED,Active
ACC_1003422,CUST_102897,AED,Active
ACC_1003423,CUST_102898,AED,Active
ACC_1003424,CUST_102899,AED,Active
ACC_1003425,CUST_102899,AED,Active
ACC_1003426,CUST_102900,AED,Active
ACC_1003427,CUST_102901,AED,Active
ACC_1003428,CUST_102902,AED,Active
ACC_1003429,CUST_102903,AED,Active
ACC_1003430,CUST_102904,AED,Active
ACC_1003431,CUST_102904,AED,Active
ACC_1003432,CUST_102905,AED,Active
ACC_1003433,CUST_102905,AED,Active
ACC_1003434,CUST_102906,EUR,Active
ACC_1003435,CUST_102906,AED,Active
ACC_1003436,CUST_102907,USD,Active
ACC_1003437,CUST_102907,AED,Active
ACC_1003438,CUST_102908,AED,Active
ACC_1003439,CUST_102908,AED,Active
ACC_1003440,CUST_102909,AED,Active
ACC_1003441,CUST_102910,AED,Active
ACC_1003442,CUST_102911,AED,Active
ACC_1003443,CUST_102912,AED,Active
ACC_1003444,CUST_102913,AED,Active
ACC_1003445,CUST_102913,AED,Active
ACC_1003446,CUST_102914,AED,Active
ACC_1003447,CUST_102915,AED,Active
ACC_1003448,CUST_102916,AED,Active
ACC_1003449,CUST_102917,AED,Active
ACC_1003450,CUST_102918,AED,Active
ACC_1003451,CUST_102919,AED,Active
ACC_1003452,CUST_102920,USD,Active
ACC_1003453,CUST_102921,AED,Active
ACC_1003454,CUST_102922,EUR,Active
ACC_1003455,CUST_102923,AED,Active
ACC_1003456,CUST_102924,AED,Active
ACC_1003457,CUST_102925,AED,Active
ACC_1003458,CUST_102926,EUR,Active
ACC_1003459,CUST_102926,AED,Active
ACC_1003460,CUST_102927,AED,Active
ACC_1003461,CUST_102928,AED,Active
ACC_1003462,CUST_102929,AED,Active
ACC_1003463,CUST_102930,AED,Active
ACC_1003464,CUST_102931,AED,Active
ACC_1003465,CUST_102932,AED,Active
ACC_1003466,CUST_102932,AED,Active
ACC_1003467,CUST_102933,AED,Active
ACC_1003468,CUST_102934,AED,Active
ACC_1003469,CUST_102935,AED,Active
ACC_1003470,CUST_102936,AED,Active
ACC_1003471,CUST_102937,AED,Active
ACC_1003472,CUST_102938,AED,Active
ACC_1003473,CUST_102939,AED,Active
ACC_1003474,CUST_102939,AED,Active
ACC_1003475,CUST_102940,AED,Active
ACC_1003476,CUST_102941,EUR,Active
ACC_1003477,CUST_102942,AED,Active
ACC_1003478,CUST_102943,AED,Active
ACC_1003479,CUST_102944,USD,Active
ACC_1003480,CUST_102945,AED,Active
ACC_1003481,CUST_102946,USD,Active
ACC_1003482,CUST_102947,EUR,Active
ACC_1003483,CUST_102948,AED,Active
ACC_1003484,CUST_102949,AED,Active
ACC_1003485,CUST_102950,EUR,Active
ACC_1003486,CUST_102951,AED,Active
ACC_1003487,CUST_102951,AED,Active
ACC_1003488,CUST_102952,AED,Active
ACC_1003489,CUST_102953,USD,Active
ACC_1003490,CUST_102953,AED,Active
ACC_1003491,CUST_102954,AED,Active
ACC_1003492,CUST_102955,AED,Active
ACC_1003493,CUST_102956,EUR,Active
ACC_1003494,CUST_102957,AED,Active
ACC_1003495,CUST_102958,AED,Active
ACC_1003496,CUST_102959,AED,Active
ACC_1003497,CUST_102960,AED,Active
ACC_1003498,CUST_102960,AED,Active
ACC_1003499,CUST_102961,AED,Active
ACC_1003500,CUST_102961,AED,Active
ACC_1003501,CUST_102962,AED,Active
ACC_1003502,CUST_102963,AED,Active
ACC_1003503,CUST_102964,AED,Active
ACC_1003504,CUST_102964,AED,Active
ACC_1003505,CUST_102965,AED,Active
ACC_1003506,CUST_102966,AED,Active
ACC_1003507,CUST_102967,EUR,Active
ACC_1003508,CUST_102968,AED,Active
ACC_1003509,CUST_102968,AED,Active
ACC_1003510,CUST_102969,AED,Active
ACC_1003511,CUST_102970,AED,Active
ACC_1003512,CUST_102971,USD,Active
ACC_1003513,CUST_102971,AED,Active
ACC_1003514,CUST_102972,AED,Active
ACC_1003515,CUST_102973,AED,Active
ACC_1003516,CUST_102974,EUR,Active
ACC_1003517,CUST_102975,AED,Active
ACC_1003518,CUST_102976,AED,Active
ACC_1003519,CUST_102976,AED,Active
ACC_1003520,CUST_102977,AED,Active
ACC_1003521,CUST_102978,AED,Active
ACC_1003522,CUST_102979,AED,Active
ACC_1003523,CUST_102980,AED,Active
ACC_1003524,CUST_102980,AED,Active
ACC_1003525,CUST_102981,AED,Active
ACC_1003526,CUST_102982,AED,Active
ACC_1003527,CUST_102982,USD,Active
ACC_1003528,CUST_102983,AED,Active
ACC_1003529,CUST_102984,EUR,Active
ACC_1003530,CUST_102985,AED,Active
ACC_1003531,CUST_102986,AED,Active
ACC_1003532,CUST_102986,AED,Active
ACC_1003533,CUST_102987,AED,Active
ACC_1003534,CUST_102988,EUR,Active
ACC_1003535,CUST_102989,USD,Active
ACC_1003536,CUST_102990,AED,Active
ACC_1003537,CUST_102991,AED,Active
ACC_1003538,CUST_102992,AED,Active
ACC_1003539,CUST_102993,AED,Active
ACC_1003540,CUST_102994,AED,Active
ACC_1003541,CUST_102995,AED,Active
ACC_1003542,CUST_102996,AED,Active
ACC_1003543,CUST_102997,AED,Active
ACC_1003544,CUST_102998,AED,Active
ACC_1003545,CUST_102999,USD,Active
ACC_1003546,CUST_103000,AED,Active
ACC_1003547,CUST_103001,AED,Active
ACC_1003548,CUST_103002,AED,Active
ACC_1003549,CUST_103003,EUR,Active
ACC_1003550,CUST_103004,AED,Active
ACC_1003551,CUST_103005,AED,Active
ACC_1003552,CUST_103006,AED,Active
ACC_1003553,CUST_103007,AED,Active
ACC_1003554,CUST_103008,AED,Active
ACC_1003555,CUST_103009,AED,Active
ACC_1003556,CUST_103009,USD,Active
ACC_1003557,CUST_103010,USD,Active
ACC_1003558,CUST_103010,AED,Active
ACC_1003559,CUST_103011,AED,Active
ACC_1003560,CUST_103012,AED,Active
ACC_1003561,CUST_103013,AED,Active
ACC_1003562,CUST_103014,AED,Active
ACC_1003563,CUST_103015,AED,Active
ACC_1003564,CUST_103016,AED,Active
ACC_1003565,CUST_103017,USD,Active
ACC_1003566,CUST_103018,AED,Active
ACC_1003567,CUST_103019,AED,Active
ACC_1003568,CUST_103020,AED,Active
ACC_1003569,CUST_103021,USD,Active
ACC_1003570,CUST_103021,AED,Active
ACC_1003571,CUST_103022,USD,Active
ACC_1003572,CUST_103023,AED,Active
ACC_1003573,CUST_103023,USD,Active
ACC_1003574,CUST_103024,AED,Active
ACC_1003575,CUST_103025,AED,Active
ACC_1003576,CUST_103026,AED,Active
ACC_1003577,CUST_103027,AED,Active
ACC_1003578,CUST_103028,AED,Active
ACC_1003579,CUST_103029,AED,Active
ACC_1003580,CUST_103030,AED,Active
ACC_1003581,CUST_103031,AED,Active
ACC_1003582,CUST_103032,AED,Active
ACC_1003583,CUST_103033,AED,Active
ACC_1003584,CUST_103034,AED,Active
ACC_1003585,CUST_103035,AED,Active
ACC_1003586,CUST_103036,AED,Active
ACC_1003587,CUST_103037,AED,Active
ACC_1003588,CUST_103038,EUR,Active
ACC_1003589,CUST_103039,AED,Active
ACC_1003590,CUST_103040,AED,Active
ACC_1003591,CUST_103040,EUR,Active
ACC_1003592,CUST_103041,AED,Active
ACC_1003593,CUST_103042,AED,Active
ACC_1003594,CUST_103043,AED,Active
ACC_1003595,CUST_103044,AED,Active
ACC_1003596,CUST_103045,AED,Active
ACC_1003597,CUST_103046,AED,Active
ACC_1003598,CUST_103047,AED,Active
ACC_1003599,CUST_103048,AED,Active
ACC_1003600,CUST_103049,AED,Active
ACC_1003601,CUST_103050,AED,Active
ACC_1003602,CUST_103051,AED,Active
ACC_1003603,CUST_103051,AED,Active
ACC_1003604,CUST_103052,AED,Active
ACC_1003605,CUST_103052,AED,Active
ACC_1003606,CUST_103053,AED,Active
ACC_1003607,CUST_103054,AED,Active
ACC_1003608,CUST_103055,AED,Active
ACC_1003609,CUST_103056,USD,Active
ACC_1003610,CUST_103057,AED,Active
ACC_1003611,CUST_103058,USD,Active
ACC_1003612,CUST_103059,AED,Active
ACC_1003613,CUST_103060,AED,Active
ACC_1003614,CUST_103061,AED,Active
ACC_1003615,CUST_103061,AED,Active
ACC_1003616,CUST_103062,AED,Active
ACC_1003617,CUST_103063,AED,Active
ACC_1003618,CUST_103064,AED,Active
ACC_1003619,CUST_103065,AED,Active
ACC_1003620,CUST_103066,AED,Active
ACC_1003621,CUST_103067,AED,Active
ACC_1003622,CUST_103068,AED,Active
ACC_1003623,CUST_103068,AED,Active
ACC_1003624,CUST_103069,USD,Active
ACC_1003625,CUST_103070,USD,Active
ACC_1003626,CUST_103071,AED,Active
ACC_1003627,CUST_103072,AED,Active
ACC_1003628,CUST_103073,AED,Active
ACC_1003629,CUST_103073,AED,Active
ACC_1003630,CUST_103074,USD,Active
ACC_1003631,CUST_103075,EUR,Active
ACC_1003632,CUST_103076,AED,Active
ACC_1003633,CUST_103077,AED,Active
ACC_1003634,CUST_103077,AED,Active
ACC_1003635,CUST_103078,AED,Active
ACC_1003636,CUST_103079,AED,Active
ACC_1003637,CUST_103080,AED,Active
ACC_1003638,CUST_103081,AED,Active
ACC_1003639,CUST_103082,AED,Active
ACC_1003640,CUST_103083,AED,Active
ACC_1003641,CUST_103084,AED,Active
ACC_1003642,CUST_103085,AED,Active
ACC_1003643,CUST_103086,USD,Active
ACC_1003644,CUST_103086,AED,Active
ACC_1003645,CUST_103087,AED,Active
ACC_1003646,CUST_103088,AED,Active
ACC_1003647,CUST_103089,AED,Active
ACC_1003648,CUST_103089,AED,Active
ACC_1003649,CUST_103090,AED,Active
ACC_1003650,CUST_103091,AED,Active
ACC_1003651,CUST_103092,USD,Active
ACC_1003652,CUST_103093,AED,Active
ACC_1003653,CUST_103094,AED,Active
ACC_1003654,CUST_103095,AED,Active
ACC_1003655,CUST_103095,AED,Active
ACC_1003656,CUST_103096,AED,Active
ACC_1003657,CUST_103097,AED,Active
ACC_1003658,CUST_103098,AED,Active
ACC_1003659,CUST_103099,AED,Active
ACC_1003660,CUST_103100,AED,Active
ACC_1003661,CUST_103101,AED,Active
ACC_1003662,CUST_103101,USD,Active
ACC_1003663,CUST_103102,AED,Active
ACC_1003664,CUST_103103,AED,Active
ACC_1003665,CUST_103103,AED,Active
ACC_1003666,CUST_103104,AED,Active
ACC_1003667,CUST_103105,AED,Active
ACC_1003668,CUST_103106,AED,Active
ACC_1003669,CUST_103107,AED,Active
ACC_1003670,CUST_103107,USD,Active
ACC_1003671,CUST_103108,AED,Active
ACC_1003672,CUST_103109,AED,Active
ACC_1003673,CUST_103109,AED,Active
ACC_1003674,CUST_103110,AED,Active
ACC_1003675,CUST_103111,AED,Active
ACC_1003676,CUST_103111,AED,Active
ACC_1003677,CUST_103112,AED,Active
ACC_1003678,CUST_103113,AED,Active
ACC_1003679,CUST_103113,AED,Active
ACC_1003680,CUST_103114,AED,Active
ACC_1003681,CUST_103115,AED,Active
ACC_1003682,CUST_103116,AED,Active
ACC_1003683,CUST_103117,AED,Active
ACC_1003684,CUST_103118,AED,Active
ACC_1003685,CUST_103119,EUR,Active
ACC_1003686,CUST_103119,AED,Active
ACC_1003687,CUST_103120,AED,Active
ACC_1003688,CUST_103121,AED,Active
ACC_1003689,CUST_103122,AED,Active
ACC_1003690,CUST_103123,AED,Active
ACC_1003691,CUST_103124,EUR,Active
ACC_1003692,CUST_103125,AED,Active
ACC_1003693,CUST_103126,AED,Active
ACC_1003694,CUST_103127,AED,Active
ACC_1003695,CUST_103128,AED,Active
ACC_1003696,CUST_103129,AED,Active
ACC_1003697,CUST_103130,AED,Active
ACC_1003698,CUST_103131,AED,Active
ACC_1003699,CUST_103132,AED,Active
ACC_1003700,CUST_103132,AED,Active
ACC_1003701,CUST_103133,AED,Active
ACC_1003702,CUST_103134,AED,Active
ACC_1003703,CUST_103135,AED,Active
ACC_1003704,CUST_103136,AED,Active
ACC_1003705,CUST_103137,AED,Active
ACC_1003706,CUST_103137,AED,Active
ACC_1003707,CUST_103138,AED,Active
ACC_1003708,CUST_103139,USD,Active
ACC_1003709,CUST_103140,AED,Active
ACC_1003710,CUST_103141,AED,Active
ACC_1003711,CUST_103142,AED,Active
ACC_1003712,CUST_103143,AED,Active
ACC_1003713,CUST_103144,AED,Active
ACC_1003714,CUST_103145,AED,Active
ACC_1003715,CUST_103146,USD,Active
ACC_1003716,CUST_103146,AED,Active
ACC_1003717,CUST_103147,AED,Active
ACC_1003718,CUST_103147,AED,Active
ACC_1003719,CUST_103148,AED,Active
ACC_1003720,CUST_103149,USD,Active
ACC_1003721,CUST_103150,AED,Active
ACC_1003722,CUST_103150,AED,Active
ACC_1003723,CUST_103151,AED,Active
ACC_1003724,CUST_103152,AED,Active
ACC_1003725,CUST_103153,USD,Active
ACC_1003726,CUST_103153,AED,Active
ACC_1003727,CUST_103154,AED,Active
ACC_1003728,CUST_103155,AED,Active
ACC_1003729,CUST_103156,AED,Active
ACC_1003730,CUST_103157,AED,Active
ACC_1003731,CUST_103158,AED,Active
ACC_1003732,CUST_103159,AED,Active
ACC_1003733,CUST_103160,USD,Active
ACC_1003734,CUST_103161,AED,Active
ACC_1003735,CUST_103161,AED,Active
ACC_1003736,CUST_103162,USD,Active
ACC_1003737,CUST_103163,AED,Active
ACC_1003738,CUST_103163,AED,Active
ACC_1003739,CUST_103164,AED,Active
ACC_1003740,CUST_103165,USD,Active
ACC_1003741,CUST_103166,AED,Active
ACC_1003742,CUST_103167,AED,Active
ACC_1003743,CUST_103168,AED,Active
ACC_1003744,CUST_103169,AED,Active
ACC_1003745,CUST_103170,AED,Active
ACC_1003746,CUST_103171,AED,Active
ACC_1003747,CUST_103172,AED,Active
ACC_1003748,CUST_103173,AED,Active
ACC_1003749,CUST_103174,AED,Active
ACC_1003750,CUST_103175,AED,Active
ACC_1003751,CUST_103175,EUR,Active
ACC_1003752,CUST_103176,AED,Active
ACC_1003753,CUST_103177,AED,Active
ACC_1003754,CUST_103178,AED,Active
ACC_1003755,CUST_103179,USD,Active
ACC_1003756,CUST_103180,AED,Active
ACC_1003757,CUST_103180,AED,Active
ACC_1003758,CUST_103181,AED,Active
ACC_1003759,CUST_103182,AED,Active
ACC_1003760,CUST_103183,AED,Active
ACC_1003761,CUST_103183,AED,Active
ACC_1003762,CUST_103184,AED,Active
ACC_1003763,CUST_103185,EUR,Active
ACC_1003764,CUST_103186,AED,Active
ACC_1003765,CUST_103187,AED,Active
ACC_1003766,CUST_103188,AED,Active
ACC_1003767,CUST_103189,AED,Active
ACC_1003768,CUST_103190,AED,Active
ACC_1003769,CUST_103191,AED,Active
ACC_1003770,CUST_103192,AED,Active
ACC_1003771,CUST_103193,AED,Active
ACC_1003772,CUST_103194,USD,Active
ACC_1003773,CUST_103195,EUR,Active
ACC_1003774,CUST_103195,AED,Active
ACC_1003775,CUST_103196,AED,Active
ACC_1003776,CUST_103197,AED,Active
ACC_1003777,CUST_103198,AED,Active
ACC_1003778,CUST_103199,AED,Active
ACC_1003779,CUST_103200,AED,Active
ACC_1003780,CUST_103201,AED,Active
ACC_1003781,CUST_103202,AED,Active
ACC_1003782,CUST_103203,AED,Active
ACC_1003783,CUST_103203,AED,Active
ACC_1003784,CUST_103204,AED,Active
ACC_1003785,CUST_103205,AED,Active
ACC_1003786,CUST_103205,AED,Active
ACC_1003787,CUST_103206,AED,Active
ACC_1003788,CUST_103207,AED,Active
ACC_1003789,CUST_103208,USD,Active
ACC_1003790,CUST_103208,AED,Active
ACC_1003791,CUST_103209,AED,Active
ACC_1003792,CUST_103210,AED,Active
ACC_1003793,CUST_103211,AED,Active
ACC_1003794,CUST_103212,AED,Active
ACC_1003795,CUST_103213,AED,Active
ACC_1003796,CUST_103214,USD,Active
ACC_1003797,CUST_103215,AED,Active
ACC_1003798,CUST_103216,AED,Active
ACC_1003799,CUST_103217,USD,Active
ACC_1003800,CUST_103218,AED,Active
ACC_1003801,CUST_103219,AED,Active
ACC_1003802,CUST_103220,AED,Active
ACC_1003803,CUST_103221,USD,Active
ACC_1003804,CUST_103222,AED,Active
ACC_1003805,CUST_103223,AED,Active
ACC_1003806,CUST_103223,AED,Active
ACC_1003807,CUST_103224,AED,Active
ACC_1003808,CUST_103225,USD,Active
ACC_1003809,CUST_103226,AED,Active
ACC_1003810,CUST_103226,AED,Active
ACC_1003811,CUST_103227,AED,Active
ACC_1003812,CUST_103228,AED,Active
ACC_1003813,CUST_103229,AED,Active
ACC_1003814,CUST_103230,AED,Active
ACC_1003815,CUST_103231,USD,Active
ACC_1003816,CUST_103232,AED,Active
ACC_1003817,CUST_103233,EUR,Active
ACC_1003818,CUST_103234,AED,Active
ACC_1003819,CUST_103235,AED,Active
ACC_1003820,CUST_103236,AED,Active
ACC_1003821,CUST_103236,AED,Active
ACC_1003822,CUST_103237,AED,Active
ACC_1003823,CUST_103238,AED,Active
ACC_1003824,CUST_103239,EUR,Active
ACC_1003825,CUST_103240,AED,Active
ACC_1003826,CUST_103240,EUR,Active
ACC_1003827,CUST_103241,AED,Active
ACC_1003828,CUST_103242,AED,Active
ACC_1003829,CUST_103243,AED,Active
ACC_1003830,CUST_103244,AED,Active
ACC_1003831,CUST_103245,AED,Active
ACC_1003832,CUST_103246,AED,Active
ACC_1003833,CUST_103247,AED,Active
ACC_1003834,CUST_103247,AED,Active
ACC_1003835,CUST_103248,AED,Active
ACC_1003836,CUST_103249,AED,Active
ACC_1003837,CUST_103250,AED,Active
ACC_1003838,CUST_103251,AED,Active
ACC_1003839,CUST_103252,AED,Active
ACC_1003840,CUST_103253,AED,Active
ACC_1003841,CUST_103253,EUR,Active
ACC_1003842,CUST_103254,USD,Active
ACC_1003843,CUST_103255,USD,Active
ACC_1003844,CUST_103256,EUR,Active
ACC_1003845,CUST_103257,AED,Active
ACC_1003846,CUST_103258,AED,Active
ACC_1003847,CUST_103258,AED,Active
ACC_1003848,CUST_103259,AED,Active
ACC_1003849,CUST_103259,AED,Active
ACC_1003850,CUST_103260,AED,Active
ACC_1003851,CUST_103261,AED,Active
ACC_1003852,CUST_103262,USD,Active
ACC_1003853,CUST_103263,AED,Active
ACC_1003854,CUST_103264,AED,Active
ACC_1003855,CUST_103265,USD,Active
ACC_1003856,CUST_103265,AED,Active
ACC_1003857,CUST_103266,AED,Active
ACC_1003858,CUST_103267,AED,Active
ACC_1003859,CUST_103268,AED,Active
ACC_1003860,CUST_103269,AED,Active
ACC_1003861,CUST_103270,AED,Active
ACC_1003862,CUST_103270,AED,Active
ACC_1003863,CUST_103271,AED,Active
ACC_1003864,CUST_103272,AED,Active
ACC_1003865,CUST_103273,AED,Active
ACC_1003866,CUST_103274,EUR,Active
ACC_1003867,CUST_103275,AED,Active
ACC_1003868,CUST_103276,USD,Active
ACC_1003869,CUST_103276,AED,Active
ACC_1003870,CUST_103277,USD,Active
ACC_1003871,CUST_103278,AED,Active
ACC_1003872,CUST_103279,EUR,Active
ACC_1003873,CUST_103280,AED,Active
ACC_1003874,CUST_103280,AED,Active
ACC_1003875,CUST_103281,AED,Active
ACC_1003876,CUST_103282,AED,Active
ACC_1003877,CUST_103283,AED,Active
ACC_1003878,CUST_103284,AED,Active
ACC_1003879,CUST_103285,AED,Active
ACC_1003880,CUST_103286,AED,Active
ACC_1003881,CUST_103287,AED,Active
ACC_1003882,CUST_103287,AED,Active
ACC_1003883,CUST_103288,AED,Active
ACC_1003884,CUST_103289,AED,Active
ACC_1003885,CUST_103290,AED,Active
ACC_1003886,CUST_103291,EUR,Active
ACC_1003887,CUST_103292,AED,Active
ACC_1003888,CUST_103293,USD,Active
ACC_1003889,CUST_103294,AED,Active
ACC_1003890,CUST_103294,EUR,Active
ACC_1003891,CUST_103295,AED,Active
ACC_1003892,CUST_103296,AED,Active
ACC_1003893,CUST_103297,AED,Active
ACC_1003894,CUST_103298,USD,Active
ACC_1003895,CUST_103299,AED,Active
ACC_1003896,CUST_103300,USD,Active
ACC_1003897,CUST_103301,AED,Active
ACC_1003898,CUST_103301,AED,Active
ACC_1003899,CUST_103302,AED,Active
ACC_1003900,CUST_103303,AED,Active
ACC_1003901,CUST_103304,AED,Active
ACC_1003902,CUST_103305,EUR,Active
ACC_1003903,CUST_103306,USD,Active
ACC_1003904,CUST_103307,AED,Active
ACC_1003905,CUST_103308,AED,Active
ACC_1003906,CUST_103309,AED,Active
ACC_1003907,CUST_103310,AED,Active
ACC_1003908,CUST_103311,AED,Active
ACC_1003909,CUST_103312,AED,Active
ACC_1003910,CUST_103313,AED,Active
ACC_1003911,CUST_103314,AED,Active
ACC_1003912,CUST_103315,AED,Active
ACC_1003913,CUST_103316,AED,Active
ACC_1003914,CUST_103317,AED,Active
ACC_1003915,CUST_103318,AED,Active
ACC_1003916,CUST_103318,AED,Active
ACC_1003917,CUST_103319,AED,Active
ACC_1003918,CUST_103320,AED,Active
ACC_1003919,CUST_103321,AED,Active
ACC_1003920,CUST_103322,AED,Active
ACC_1003921,CUST_103323,AED,Active
ACC_1003922,CUST_103324,AED,Active
ACC_1003923,CUST_103325,AED,Active
ACC_1003924,CUST_103325,AED,Active
ACC_1003925,CUST_103326,AED,Active
ACC_1003926,CUST_103327,AED,Active
ACC_1003927,CUST_103328,AED,Active
ACC_1003928,CUST_103329,EUR,Active
ACC_1003929,CUST_103330,AED,Active
ACC_1003930,CUST_103331,AED,Active
ACC_1003931,CUST_103332,AED,Active
ACC_1003932,CUST_103333,EUR,Active
ACC_1003933,CUST_103334,AED,Active
ACC_1003934,CUST_103335,AED,Active
ACC_1003935,CUST_103335,AED,Active
ACC_1003936,CUST_103336,AED,Active
ACC_1003937,CUST_103337,USD,Active
ACC_1003938,CUST_103338,AED,Active
ACC_1003939,CUST_103339,AED,Active
ACC_1003940,CUST_103339,AED,Active
ACC_1003941,CUST_103340,AED,Active
ACC_1003942,CUST_103341,AED,Active
ACC_1003943,CUST_103342,AED,Active
ACC_1003944,CUST_103343,AED,Active
ACC_1003945,CUST_103343,AED,Active
ACC_1003946,CUST_103344,AED,Active
ACC_1003947,CUST_103345,AED,Active
ACC_1003948,CUST_103346,AED,Active
ACC_1003949,CUST_103347,AED,Active
ACC_1003950,CUST_103348,AED,Active
ACC_1003951,CUST_103349,USD,Active
ACC_1003952,CUST_103350,AED,Active
ACC_1003953,CUST_103351,AED,Active
ACC_1003954,CUST_103351,AED,Active
ACC_1003955,CUST_103352,USD,Active
ACC_1003956,CUST_103353,AED,Active
ACC_1003957,CUST_103354,AED,Active
ACC_1003958,CUST_103355,AED,Active
ACC_1003959,CUST_103356,AED,Active
ACC_1003960,CUST_103357,AED,Active
ACC_1003961,CUST_103358,AED,Active
ACC_1003962,CUST_103359,AED,Active
ACC_1003963,CUST_103360,AED,Active
ACC_1003964,CUST_103361,AED,Active
ACC_1003965,CUST_103362,AED,Active
ACC_1003966,CUST_103363,AED,Active
ACC_1003967,CUST_103364,AED,Active
ACC_1003968,CUST_103365,AED,Active
ACC_1003969,CUST_103366,AED,Active
ACC_1003970,CUST_103366,AED,Active
ACC_1003971,CUST_103367,AED,Active
ACC_1003972,CUST_103367,USD,Active
ACC_1003973,CUST_103368,AED,Active
ACC_1003974,CUST_103368,AED,Active
ACC_1003975,CUST_103369,USD,Active
ACC_1003976,CUST_103370,USD,Active
ACC_1003977,CUST_103371,AED,Active
ACC_1003978,CUST_103372,AED,Active
ACC_1003979,CUST_103373,AED,Active
ACC_1003980,CUST_103374,AED,Active
ACC_1003981,CUST_103375,AED,Active
ACC_1003982,CUST_103376,AED,Active
ACC_1003983,CUST_103376,AED,Active
ACC_1003984,CUST_103377,AED,Active
ACC_1003985,CUST_103378,EUR,Active
ACC_1003986,CUST_103378,AED,Active
ACC_1003987,CUST_103379,AED,Active
ACC_1003988,CUST_103379,AED,Active
ACC_1003989,CUST_103380,USD,Active
ACC_1003990,CUST_103380,AED,Active
ACC_1003991,CUST_103381,AED,Active
ACC_1003992,CUST_103382,AED,Active
ACC_1003993,CUST_103383,AED,Active
ACC_1003994,CUST_103384,AED,Active
ACC_1003995,CUST_103384,AED,Active
ACC_1003996,CUST_103385,AED,Active
ACC_1003997,CUST_103386,AED,Active
ACC_1003998,CUST_103387,AED,Active
ACC_1003999,CUST_103387,AED,Active
ACC_1004000,CUST_103388,AED,Active
ACC_1004001,CUST_103389,EUR,Active
ACC_1004002,CUST_103389,AED,Active
ACC_1004003,CUST_103390,AED,Active
ACC_1004004,CUST_103391,AED,Active
ACC_1004005,CUST_103392,AED,Active
ACC_1004006,CUST_103393,AED,Active
ACC_1004007,CUST_103394,AED,Active
ACC_1004008,CUST_103395,AED,Active
ACC_1004009,CUST_103396,AED,Active
ACC_1004010,CUST_103397,AED,Active
ACC_1004011,CUST_103398,AED,Active
ACC_1004012,CUST_103399,AED,Active
ACC_1004013,CUST_103400,AED,Active
ACC_1004014,CUST_103400,USD,Active
ACC_1004015,CUST_103401,USD,Active
ACC_1004016,CUST_103402,AED,Active
ACC_1004017,CUST_103403,AED,Active
ACC_1004018,CUST_103404,AED,Active
ACC_1004019,CUST_103405,AED,Active
ACC_1004020,CUST_103406,AED,Active
ACC_1004021,CUST_103407,AED,Active
ACC_1004022,CUST_103408,AED,Active
ACC_1004023,CUST_103409,AED,Active
ACC_1004024,CUST_103410,USD,Active
ACC_1004025,CUST_103410,AED,Active
ACC_1004026,CUST_103411,AED,Active
ACC_1004027,CUST_103412,AED,Active
ACC_1004028,CUST_103412,AED,Active
ACC_1004029,CUST_103413,AED,Active
ACC_1004030,CUST_103414,AED,Active
ACC_1004031,CUST_103414,USD,Active
ACC_1004032,CUST_103415,AED,Active
ACC_1004033,CUST_103416,AED,Active
ACC_1004034,CUST_103417,AED,Active
ACC_1004035,CUST_103417,EUR,Active
ACC_1004036,CUST_103418,USD,Active
ACC_1004037,CUST_103418,AED,Active
ACC_1004038,CUST_103419,AED,Active
ACC_1004039,CUST_103420,AED,Active
ACC_1004040,CUST_103421,AED,Active
ACC_1004041,CUST_103421,AED,Active
ACC_1004042,CUST_103422,USD,Active
ACC_1004043,CUST_103423,USD,Active
ACC_1004044,CUST_103424,AED,Active
ACC_1004045,CUST_103425,AED,Active
ACC_1004046,CUST_103426,AED,Active
ACC_1004047,CUST_103426,USD,Active
ACC_1004048,CUST_103427,AED,Active
ACC_1004049,CUST_103428,AED,Active
ACC_1004050,CUST_103429,AED,Active
ACC_1004051,CUST_103430,AED,Active
ACC_1004052,CUST_103431,USD,Active
ACC_1004053,CUST_103432,USD,Active
ACC_1004054,CUST_103433,AED,Active
ACC_1004055,CUST_103434,AED,Active
ACC_1004056,CUST_103435,AED,Active
ACC_1004057,CUST_103436,AED,Active
ACC_1004058,CUST_103437,USD,Active
ACC_1004059,CUST_103438,EUR,Active
ACC_1004060,CUST_103439,AED,Active
ACC_1004061,CUST_103440,AED,Active
ACC_1004062,CUST_103441,AED,Active
ACC_1004063,CUST_103442,AED,Active
ACC_1004064,CUST_103442,AED,Active
ACC_1004065,CUST_103443,AED,Active
ACC_1004066,CUST_103444,AED,Active
ACC_1004067,CUST_103445,AED,Active
ACC_1004068,CUST_103446,AED,Active
ACC_1004069,CUST_103447,AED,Active
ACC_1004070,CUST_103448,USD,Active
ACC_1004071,CUST_103449,AED,Active
ACC_1004072,CUST_103450,AED,Active
ACC_1004073,CUST_103451,AED,Active
ACC_1004074,CUST_103452,AED,Active
ACC_1004075,CUST_103452,AED,Active
ACC_1004076,CUST_103453,AED,Active
ACC_1004077,CUST_103454,AED,Active
ACC_1004078,CUST_103455,AED,Active
ACC_1004079,CUST_103455,USD,Active
ACC_1004080,CUST_103456,AED,Active
ACC_1004081,CUST_103457,AED,Active
ACC_1004082,CUST_103458,AED,Active
ACC_1004083,CUST_103459,AED,Active
ACC_1004084,CUST_103460,AED,Active
ACC_1004085,CUST_103461,AED,Active
ACC_1004086,CUST_103462,AED,Active
ACC_1004087,CUST_103463,AED,Active
ACC_1004088,CUST_103464,AED,Active
ACC_1004089,CUST_103465,AED,Active
ACC_1004090,CUST_103466,AED,Active
ACC_1004091,CUST_103467,EUR,Active
ACC_1004092,CUST_103468,AED,Active
ACC_1004093,CUST_103469,EUR,Active
ACC_1004094,CUST_103470,AED,Active
ACC_1004095,CUST_103471,EUR,Active
ACC_1004096,CUST_103472,AED,Active
ACC_1004097,CUST_103472,AED,Active
ACC_1004098,CUST_103473,AED,Active
ACC_1004099,CUST_103474,AED,Active
ACC_1004100,CUST_103474,AED,Active
ACC_1004101,CUST_103475,AED,Active
ACC_1004102,CUST_103476,AED,Active
ACC_1004103,CUST_103477,AED,Active
ACC_1004104,CUST_103478,AED,Active
ACC_1004105,CUST_103479,AED,Active
ACC_1004106,CUST_103480,AED,Active
ACC_1004107,CUST_103481,AED,Active
ACC_1004108,CUST_103481,AED,Active
ACC_1004109,CUST_103482,AED,Active
ACC_1004110,CUST_103483,AED,Active
ACC_1004111,CUST_103484,AED,Active
ACC_1004112,CUST_103484,AED,Active
ACC_1004113,CUST_103485,AED,Active
ACC_1004114,CUST_103486,AED,Active
ACC_1004115,CUST_103487,AED,Active
ACC_1004116,CUST_103488,AED,Active
ACC_1004117,CUST_103489,AED,Active
ACC_1004118,CUST_103490,AED,Active
ACC_1004119,CUST_103491,AED,Active
ACC_1004120,CUST_103491,AED,Active
ACC_1004121,CUST_103492,AED,Active
ACC_1004122,CUST_103493,EUR,Active
ACC_1004123,CUST_103494,AED,Active
ACC_1004124,CUST_103495,AED,Active
ACC_1004125,CUST_103496,AED,Active
ACC_1004126,CUST_103497,AED,Active
ACC_1004127,CUST_103498,AED,Active
ACC_1004128,CUST_103499,AED,Active
ACC_1004129,CUST_103500,AED,Active
ACC_1004130,CUST_103500,AED,Active
ACC_1004131,CUST_103501,AED,Active
ACC_1004132,CUST_103502,AED,Active
ACC_1004133,CUST_103503,AED,Active
ACC_1004134,CUST_103504,AED,Active
ACC_1004135,CUST_103504,AED,Active
ACC_1004136,CUST_103505,USD,Active
ACC_1004137,CUST_103506,AED,Active
ACC_1004138,CUST_103507,AED,Active
ACC_1004139,CUST_103508,AED,Active
ACC_1004140,CUST_103509,AED,Active
ACC_1004141,CUST_103510,AED,Active
ACC_1004142,CUST_103511,AED,Active
ACC_1004143,CUST_103512,AED,Active
ACC_1004144,CUST_103513,AED,Active
ACC_1004145,CUST_103514,USD,Active
ACC_1004146,CUST_103515,AED,Active
ACC_1004147,CUST_103516,AED,Active
ACC_1004148,CUST_103517,USD,Active
ACC_1004149,CUST_103518,AED,Active
ACC_1004150,CUST_103519,AED,Active
ACC_1004151,CUST_103519,AED,Active
ACC_1004152,CUST_103520,AED,Active
ACC_1004153,CUST_103521,AED,Active
ACC_1004154,CUST_103521,AED,Active
ACC_1004155,CUST_103522,USD,Active
ACC_1004156,CUST_103523,AED,Active
ACC_1004157,CUST_103524,AED,Active
ACC_1004158,CUST_103524,AED,Active
ACC_1004159,CUST_103525,AED,Active
ACC_1004160,CUST_103526,USD,Active
ACC_1004161,CUST_103527,AED,Active
ACC_1004162,CUST_103528,AED,Active
ACC_1004163,CUST_103529,USD,Active
ACC_1004164,CUST_103529,AED,Active
ACC_1004165,CUST_103530,AED,Active
ACC_1004166,CUST_103531,AED,Active
ACC_1004167,CUST_103531,AED,Active
ACC_1004168,CUST_103532,EUR,Active
ACC_1004169,CUST_103533,AED,Active
ACC_1004170,CUST_103534,AED,Active
ACC_1004171,CUST_103535,AED,Active
ACC_1004172,CUST_103536,AED,Active
ACC_1004173,CUST_103536,AED,Active
ACC_1004174,CUST_103537,EUR,Active
ACC_1004175,CUST_103538,AED,Active
ACC_1004176,CUST_103538,AED,Active
ACC_1004177,CUST_103539,AED,Active
ACC_1004178,CUST_103540,AED,Active
ACC_1004179,CUST_103541,USD,Active
ACC_1004180,CUST_103542,AED,Active
ACC_1004181,CUST_103543,AED,Active
ACC_1004182,CUST_103543,AED,Active
ACC_1004183,CUST_103544,AED,Active
ACC_1004184,CUST_103545,AED,Active
ACC_1004185,CUST_103546,EUR,Active
ACC_1004186,CUST_103547,AED,Active
ACC_1004187,CUST_103548,AED,Active
ACC_1004188,CUST_103549,AED,Active
ACC_1004189,CUST_103550,AED,Active
ACC_1004190,CUST_103551,AED,Active
ACC_1004191,CUST_103552,AED,Active
ACC_1004192,CUST_103553,AED,Active
ACC_1004193,CUST_103554,AED,Active
ACC_1004194,CUST_103555,AED,Active
ACC_1004195,CUST_103556,AED,Active
ACC_1004196,CUST_103557,AED,Active
ACC_1004197,CUST_103558,AED,Active
ACC_1004198,CUST_103558,AED,Active
ACC_1004199,CUST_103559,AED,Active
ACC_1004200,CUST_103559,EUR,Active
ACC_1004201,CUST_103560,AED,Active
ACC_1004202,CUST_103561,AED,Active
ACC_1004203,CUST_103562,AED,Active
ACC_1004204,CUST_103563,AED,Active
ACC_1004205,CUST_103564,USD,Active
ACC_1004206,CUST_103564,AED,Active
ACC_1004207,CUST_103565,AED,Active
ACC_1004208,CUST_103565,AED,Active
ACC_1004209,CUST_103566,USD,Active
ACC_1004210,CUST_103567,USD,Active
ACC_1004211,CUST_103568,AED,Active
ACC_1004212,CUST_103569,AED,Active
ACC_1004213,CUST_103569,AED,Active
ACC_1004214,CUST_103570,AED,Active
ACC_1004215,CUST_103571,AED,Active
ACC_1004216,CUST_103572,AED,Active
ACC_1004217,CUST_103573,AED,Active
ACC_1004218,CUST_103574,AED,Active
ACC_1004219,CUST_103575,AED,Active
ACC_1004220,CUST_103576,AED,Active
ACC_1004221,CUST_103576,EUR,Active
ACC_1004222,CUST_103577,AED,Active
ACC_1004223,CUST_103578,AED,Active
ACC_1004224,CUST_103578,AED,Active
ACC_1004225,CUST_103579,AED,Active
ACC_1004226,CUST_103580,AED,Active
ACC_1004227,CUST_103581,AED,Active
ACC_1004228,CUST_103582,USD,Active
ACC_1004229,CUST_103583,AED,Active
ACC_1004230,CUST_103583,AED,Active
ACC_1004231,CUST_103584,AED,Active
ACC_1004232,CUST_103585,AED,Active
ACC_1004233,CUST_103586,AED,Active
ACC_1004234,CUST_103587,AED,Active
ACC_1004235,CUST_103588,AED,Active
ACC_1004236,CUST_103589,AED,Active
ACC_1004237,CUST_103589,AED,Active
ACC_1004238,CUST_103590,AED,Active
ACC_1004239,CUST_103591,AED,Active
ACC_1004240,CUST_103591,USD,Active
ACC_1004241,CUST_103592,USD,Active
ACC_1004242,CUST_103593,AED,Active
ACC_1004243,CUST_103594,AED,Active
ACC_1004244,CUST_103595,AED,Active
ACC_1004245,CUST_103596,USD,Active
ACC_1004246,CUST_103597,AED,Active
ACC_1004247,CUST_103598,AED,Active
ACC_1004248,CUST_103599,AED,Active
ACC_1004249,CUST_103600,AED,Active
ACC_1004250,CUST_103601,AED,Active
ACC_1004251,CUST_103601,AED,Active
ACC_1004252,CUST_103602,AED,Active
ACC_1004253,CUST_103603,AED,Active
ACC_1004254,CUST_103604,AED,Active
ACC_1004255,CUST_103605,AED,Active
ACC_1004256,CUST_103606,AED,Active
ACC_1004257,CUST_103606,AED,Active
ACC_1004258,CUST_103607,AED,Active
ACC_1004259,CUST_103608,AED,Active
ACC_1004260,CUST_103609,AED,Active
ACC_1004261,CUST_103610,USD,Active
ACC_1004262,CUST_103611,AED,Active
ACC_1004263,CUST_103611,EUR,Active
ACC_1004264,CUST_103612,AED,Active
ACC_1004265,CUST_103613,EUR,Active
ACC_1004266,CUST_103613,AED,Active
ACC_1004267,CUST_103614,AED,Active
ACC_1004268,CUST_103615,AED,Active
ACC_1004269,CUST_103616,AED,Active
ACC_1004270,CUST_103617,EUR,Active
ACC_1004271,CUST_103618,AED,Active
ACC_1004272,CUST_103618,AED,Active
ACC_1004273,CUST_103619,EUR,Active
ACC_1004274,CUST_103620,AED,Active
ACC_1004275,CUST_103621,AED,Active
ACC_1004276,CUST_103622,AED,Active
ACC_1004277,CUST_103622,AED,Active
ACC_1004278,CUST_103623,AED,Active
ACC_1004279,CUST_103624,AED,Active
ACC_1004280,CUST_103625,AED,Active
ACC_1004281,CUST_103625,EUR,Active
ACC_1004282,CUST_103626,AED,Active
ACC_1004283,CUST_103627,AED,Active
ACC_1004284,CUST_103628,AED,Active
ACC_1004285,CUST_103629,AED,Active
ACC_1004286,CUST_103630,AED,Active
ACC_1004287,CUST_103631,AED,Active
ACC_1004288,CUST_103631,AED,Active
ACC_1004289,CUST_103632,AED,Active
ACC_1004290,CUST_103633,AED,Active
ACC_1004291,CUST_103633,AED,Active
ACC_1004292,CUST_103634,AED,Active
ACC_1004293,CUST_103635,AED,Active
ACC_1004294,CUST_103636,AED,Active
ACC_1004295,CUST_103637,AED,Active
ACC_1004296,CUST_103638,AED,Active
ACC_1004297,CUST_103639,AED,Active
ACC_1004298,CUST_103640,AED,Active
ACC_1004299,CUST_103641,AED,Active
ACC_1004300,CUST_103642,AED,Active
ACC_1004301,CUST_103643,AED,Active
ACC_1004302,CUST_103644,AED,Active
ACC_1004303,CUST_103644,AED,Active
ACC_1004304,CUST_103645,AED,Active
ACC_1004305,CUST_103646,AED,Active
ACC_1004306,CUST_103647,AED,Active
ACC_1004307,CUST_103648,AED,Active
ACC_1004308,CUST_103648,EUR,Active
ACC_1004309,CUST_103649,AED,Active
ACC_1004310,CUST_103650,AED,Active
ACC_1004311,CUST_103651,AED,Active
ACC_1004312,CUST_103652,AED,Active
ACC_1004313,CUST_103653,AED,Active
ACC_1004314,CUST_103654,AED,Active
ACC_1004315,CUST_103655,EUR,Active
ACC_1004316,CUST_103656,AED,Active
ACC_1004317,CUST_103657,AED,Active
ACC_1004318,CUST_103658,AED,Active
ACC_1004319,CUST_103659,AED,Active
ACC_1004320,CUST_103659,EUR,Active
ACC_1004321,CUST_103660,USD,Active
ACC_1004322,CUST_103660,AED,Active
ACC_1004323,CUST_103661,AED,Active
ACC_1004324,CUST_103662,AED,Active
ACC_1004325,CUST_103663,AED,Active
ACC_1004326,CUST_103664,AED,Active
ACC_1004327,CUST_103665,AED,Active
ACC_1004328,CUST_103665,AED,Active
ACC_1004329,CUST_103666,AED,Active
ACC_1004330,CUST_103667,AED,Active
ACC_1004331,CUST_103667,AED,Active
ACC_1004332,CUST_103668,AED,Active
ACC_1004333,CUST_103669,AED,Active
ACC_1004334,CUST_103670,USD,Active
ACC_1004335,CUST_103671,AED,Active
ACC_1004336,CUST_103672,AED,Active
ACC_1004337,CUST_103673,AED,Active
ACC_1004338,CUST_103674,AED,Active
ACC_1004339,CUST_103675,AED,Active
ACC_1004340,CUST_103676,AED,Active
ACC_1004341,CUST_103677,AED,Active
ACC_1004342,CUST_103678,AED,Active
ACC_1004343,CUST_103679,AED,Active
ACC_1004344,CUST_103680,AED,Active
ACC_1004345,CUST_103680,AED,Active
ACC_1004346,CUST_103681,AED,Active
ACC_1004347,CUST_103682,EUR,Active
ACC_1004348,CUST_103682,AED,Active
ACC_1004349,CUST_103683,AED,Active
ACC_1004350,CUST_103683,AED,Active
ACC_1004351,CUST_103684,AED,Active
ACC_1004352,CUST_103685,AED,Active
ACC_1004353,CUST_103686,AED,Active
ACC_1004354,CUST_103687,AED,Active
ACC_1004355,CUST_103688,USD,Active
ACC_1004356,CUST_103688,AED,Active
ACC_1004357,CUST_103689,AED,Active
ACC_1004358,CUST_103690,AED,Active
ACC_1004359,CUST_103691,AED,Active
ACC_1004360,CUST_103692,AED,Active
ACC_1004361,CUST_103693,AED,Active
ACC_1004362,CUST_103694,AED,Active
ACC_1004363,CUST_103695,AED,Active
ACC_1004364,CUST_103696,USD,Active
ACC_1004365,CUST_103696,AED,Active
ACC_1004366,CUST_103697,USD,Active
ACC_1004367,CUST_103698,AED,Active
ACC_1004368,CUST_103699,USD,Active
ACC_1004369,CUST_103700,AED,Active
ACC_1004370,CUST_103701,AED,Active
ACC_1004371,CUST_103702,AED,Active
ACC_1004372,CUST_103703,AED,Active
ACC_1004373,CUST_103704,AED,Active
ACC_1004374,CUST_103705,AED,Active
ACC_1004375,CUST_103706,AED,Active
ACC_1004376,CUST_103707,USD,Active
ACC_1004377,CUST_103708,AED,Active
ACC_1004378,CUST_103709,AED,Active
ACC_1004379,CUST_103710,AED,Active
ACC_1004380,CUST_103711,AED,Active
ACC_1004381,CUST_103711,AED,Active
ACC_1004382,CUST_103712,AED,Active
ACC_1004383,CUST_103713,AED,Active
ACC_1004384,CUST_103714,AED,Active
ACC_1004385,CUST_103715,AED,Active
ACC_1004386,CUST_103715,AED,Active
ACC_1004387,CUST_103716,AED,Active
ACC_1004388,CUST_103717,AED,Active
ACC_1004389,CUST_103718,AED,Active
ACC_1004390,CUST_103719,AED,Active
ACC_1004391,CUST_103720,AED,Active
ACC_1004392,CUST_103721,AED,Active
ACC_1004393,CUST_103722,AED,Active
ACC_1004394,CUST_103722,AED,Active
ACC_1004395,CUST_103723,AED,Active
ACC_1004396,CUST_103724,AED,Active
ACC_1004397,CUST_103725,AED,Active
ACC_1004398,CUST_103726,AED,Active
ACC_1004399,CUST_103727,AED,Active
ACC_1004400,CUST_103727,AED,Active
ACC_1004401,CUST_103728,AED,Active
ACC_1004402,CUST_103729,AED,Active
ACC_1004403,CUST_103730,AED,Active
ACC_1004404,CUST_103731,AED,Active
ACC_1004405,CUST_103732,USD,Active
ACC_1004406,CUST_103733,AED,Active
ACC_1004407,CUST_103734,AED,Active
ACC_1004408,CUST_103735,AED,Active
ACC_1004409,CUST_103736,AED,Active
ACC_1004410,CUST_103737,AED,Active
ACC_1004411,CUST_103738,AED,Active
ACC_1004412,CUST_103739,AED,Active
ACC_1004413,CUST_103740,AED,Active
ACC_1004414,CUST_103741,AED,Active
ACC_1004415,CUST_103741,AED,Active
ACC_1004416,CUST_103742,AED,Active
ACC_1004417,CUST_103742,AED,Active
ACC_1004418,CUST_103743,AED,Active
ACC_1004419,CUST_103743,AED,Active
ACC_1004420,CUST_103744,AED,Active
ACC_1004421,CUST_103744,AED,Active
ACC_1004422,CUST_103745,AED,Active
ACC_1004423,CUST_103746,AED,Active
ACC_1004424,CUST_103747,AED,Active
ACC_1004425,CUST_103748,AED,Active
ACC_1004426,CUST_103749,AED,Active
ACC_1004427,CUST_103750,USD,Active
ACC_1004428,CUST_103751,AED,Active
ACC_1004429,CUST_103752,AED,Active
ACC_1004430,CUST_103752,AED,Active
ACC_1004431,CUST_103753,AED,Active
ACC_1004432,CUST_103754,AED,Active
ACC_1004433,CUST_103755,AED,Active
ACC_1004434,CUST_103756,AED,Active
ACC_1004435,CUST_103757,AED,Active
ACC_1004436,CUST_103757,AED,Active
ACC_1004437,CUST_103758,AED,Active
ACC_1004438,CUST_103759,USD,Active
ACC_1004439,CUST_103760,AED,Active
ACC_1004440,CUST_103761,AED,Active
ACC_1004441,CUST_103762,AED,Active
ACC_1004442,CUST_103763,USD,Active
ACC_1004443,CUST_103764,AED,Active
ACC_1004444,CUST_103765,AED,Active
ACC_1004445,CUST_103766,AED,Active
ACC_1004446,CUST_103767,AED,Active
ACC_1004447,CUST_103767,AED,Active
ACC_1004448,CUST_103768,AED,Active
ACC_1004449,CUST_103769,AED,Active
ACC_1004450,CUST_103770,AED,Active
ACC_1004451,CUST_103771,USD,Active
ACC_1004452,CUST_103772,AED,Active
ACC_1004453,CUST_103773,AED,Active
ACC_1004454,CUST_103773,AED,Active
ACC_1004455,CUST_103774,AED,Active
ACC_1004456,CUST_103775,USD,Active
ACC_1004457,CUST_103775,AED,Active
ACC_1004458,CUST_103776,AED,Active
ACC_1004459,CUST_103777,AED,Active
ACC_1004460,CUST_103778,AED,Active
ACC_1004461,CUST_103779,AED,Active
ACC_1004462,CUST_103779,EUR,Active
ACC_1004463,CUST_103780,AED,Active
ACC_1004464,CUST_103781,AED,Active
ACC_1004465,CUST_103782,AED,Active
ACC_1004466,CUST_103783,USD,Active
ACC_1004467,CUST_103784,AED,Active
ACC_1004468,CUST_103785,AED,Active
ACC_1004469,CUST_103786,AED,Active
ACC_1004470,CUST_103787,AED,Active
ACC_1004471,CUST_103788,AED,Active
ACC_1004472,CUST_103789,AED,Active
ACC_1004473,CUST_103790,AED,Active
ACC_1004474,CUST_103790,AED,Active
ACC_1004475,CUST_103791,EUR,Active
ACC_1004476,CUST_103792,AED,Active
ACC_1004477,CUST_103793,AED,Active
ACC_1004478,CUST_103793,AED,Active
ACC_1004479,CUST_103794,EUR,Active
ACC_1004480,CUST_103795,AED,Active
ACC_1004481,CUST_103796,AED,Active
ACC_1004482,CUST_103797,AED,Active
ACC_1004483,CUST_103798,AED,Active
ACC_1004484,CUST_103799,AED,Active
ACC_1004485,CUST_103800,AED,Active
ACC_1004486,CUST_103801,USD,Active
ACC_1004487,CUST_103801,AED,Active
ACC_1004488,CUST_103802,AED,Active
ACC_1004489,CUST_103803,AED,Active
ACC_1004490,CUST_103804,AED,Active
ACC_1004491,CUST_103805,AED,Active
ACC_1004492,CUST_103806,AED,Active
ACC_1004493,CUST_103807,USD,Active
ACC_1004494,CUST_103808,AED,Active
ACC_1004495,CUST_103809,AED,Active
ACC_1004496,CUST_103809,AED,Active
ACC_1004497,CUST_103810,AED,Active
ACC_1004498,CUST_103811,AED,Active
ACC_1004499,CUST_103812,AED,Active
ACC_1004500,CUST_103813,AED,Active
ACC_1004501,CUST_103814,AED,Active
ACC_1004502,CUST_103815,AED,Active
ACC_1004503,CUST_103816,AED,Active
ACC_1004504,CUST_103816,USD,Active
ACC_1004505,CUST_103817,USD,Active
ACC_1004506,CUST_103817,AED,Active
ACC_1004507,CUST_103818,AED,Active
ACC_1004508,CUST_103819,AED,Active
ACC_1004509,CUST_103820,EUR,Active
ACC_1004510,CUST_103821,AED,Active
ACC_1004511,CUST_103821,AED,Active
ACC_1004512,CUST_103822,USD,Active
ACC_1004513,CUST_103823,AED,Active
ACC_1004514,CUST_103824,AED,Active
ACC_1004515,CUST_103825,AED,Active
ACC_1004516,CUST_103825,AED,Active
ACC_1004517,CUST_103826,AED,Active
ACC_1004518,CUST_103826,AED,Active
ACC_1004519,CUST_103827,AED,Active
ACC_1004520,CUST_103828,AED,Active
ACC_1004521,CUST_103829,AED,Active
ACC_1004522,CUST_103830,USD,Active
ACC_1004523,CUST_103831,AED,Active
ACC_1004524,CUST_103832,AED,Active
ACC_1004525,CUST_103833,AED,Active
ACC_1004526,CUST_103834,USD,Active
ACC_1004527,CUST_103835,AED,Active
ACC_1004528,CUST_103836,AED,Active
ACC_1004529,CUST_103837,AED,Active
ACC_1004530,CUST_103837,AED,Active
ACC_1004531,CUST_103838,AED,Active
ACC_1004532,CUST_103838,AED,Active
ACC_1004533,CUST_103839,EUR,Active
ACC_1004534,CUST_103840,AED,Active
ACC_1004535,CUST_103840,EUR,Active
ACC_1004536,CUST_103841,AED,Active
ACC_1004537,CUST_103841,AED,Active
ACC_1004538,CUST_103842,AED,Active
ACC_1004539,CUST_103843,AED,Active
ACC_1004540,CUST_103843,AED,Active
ACC_1004541,CUST_103844,AED,Active
ACC_1004542,CUST_103845,AED,Active
ACC_1004543,CUST_103846,AED,Active
ACC_1004544,CUST_103847,AED,Active
ACC_1004545,CUST_103848,AED,Active
ACC_1004546,CUST_103849,AED,Active
ACC_1004547,CUST_103849,EUR,Active
ACC_1004548,CUST_103850,AED,Active
ACC_1004549,CUST_103851,AED,Active
ACC_1004550,CUST_103852,AED,Active
ACC_1004551,CUST_103853,AED,Active
ACC_1004552,CUST_103854,AED,Active
ACC_1004553,CUST_103855,AED,Active
ACC_1004554,CUST_103856,USD,Active
ACC_1004555,CUST_103857,AED,Active
ACC_1004556,CUST_103858,AED,Active
ACC_1004557,CUST_103859,USD,Active
ACC_1004558,CUST_103859,AED,Active
ACC_1004559,CUST_103860,AED,Active
ACC_1004560,CUST_103860,AED,Active
ACC_1004561,CUST_103861,AED,Active
ACC_1004562,CUST_103862,AED,Active
ACC_1004563,CUST_103863,AED,Active
ACC_1004564,CUST_103864,AED,Active
ACC_1004565,CUST_103865,AED,Active
ACC_1004566,CUST_103866,AED,Active
ACC_1004567,CUST_103867,AED,Active
ACC_1004568,CUST_103868,AED,Active
ACC_1004569,CUST_103868,AED,Active
ACC_1004570,CUST_103869,AED,Active
ACC_1004571,CUST_103870,AED,Active
ACC_1004572,CUST_103871,AED,Active
ACC_1004573,CUST_103872,AED,Active
ACC_1004574,CUST_103873,AED,Active
ACC_1004575,CUST_103874,USD,Active
ACC_1004576,CUST_103874,AED,Active
ACC_1004577,CUST_103875,AED,Active
ACC_1004578,CUST_103876,AED,Active
ACC_1004579,CUST_103877,AED,Active
ACC_1004580,CUST_103878,AED,Active
ACC_1004581,CUST_103878,AED,Active
ACC_1004582,CUST_103879,AED,Active
ACC_1004583,CUST_103880,AED,Active
ACC_1004584,CUST_103881,AED,Active
ACC_1004585,CUST_103882,AED,Active
ACC_1004586,CUST_103883,AED,Active
ACC_1004587,CUST_103884,AED,Active
ACC_1004588,CUST_103885,AED,Active
ACC_1004589,CUST_103885,AED,Active
ACC_1004590,CUST_103886,AED,Active
ACC_1004591,CUST_103887,AED,Active
ACC_1004592,CUST_103887,AED,Active
ACC_1004593,CUST_103888,AED,Active
ACC_1004594,CUST_103889,AED,Active
ACC_1004595,CUST_103890,AED,Active
ACC_1004596,CUST_103891,AED,Active
ACC_1004597,CUST_103892,AED,Active
ACC_1004598,CUST_103893,USD,Active
ACC_1004599,CUST_103893,AED,Active
ACC_1004600,CUST_103894,AED,Active
ACC_1004601,CUST_103895,AED,Active
ACC_1004602,CUST_103896,USD,Active
ACC_1004603,CUST_103896,AED,Active
ACC_1004604,CUST_103897,AED,Active
ACC_1004605,CUST_103898,AED,Active
ACC_1004606,CUST_103898,AED,Active
ACC_1004607,CUST_103899,AED,Active
ACC_1004608,CUST_103900,AED,Active
ACC_1004609,CUST_103901,AED,Active
ACC_1004610,CUST_103901,AED,Active
ACC_1004611,CUST_103902,AED,Active
ACC_1004612,CUST_103903,AED,Active
ACC_1004613,CUST_103903,EUR,Active
ACC_1004614,CUST_103904,AED,Active
ACC_1004615,CUST_103905,AED,Active
ACC_1004616,CUST_103906,EUR,Active
ACC_1004617,CUST_103907,AED,Active
ACC_1004618,CUST_103907,AED,Active
ACC_1004619,CUST_103908,AED,Active
ACC_1004620,CUST_103909,AED,Active
ACC_1004621,CUST_103910,AED,Active
ACC_1004622,CUST_103910,AED,Active
ACC_1004623,CUST_103911,AED,Active
ACC_1004624,CUST_103912,USD,Active
ACC_1004625,CUST_103913,AED,Active
ACC_1004626,CUST_103914,AED,Active
ACC_1004627,CUST_103914,AED,Active
ACC_1004628,CUST_103915,AED,Active
ACC_1004629,CUST_103916,AED,Active
ACC_1004630,CUST_103917,AED,Active
ACC_1004631,CUST_103918,AED,Active
ACC_1004632,CUST_103918,AED,Active
ACC_1004633,CUST_103919,AED,Active
ACC_1004634,CUST_103920,AED,Active
ACC_1004635,CUST_103920,AED,Active
ACC_1004636,CUST_103921,AED,Active
ACC_1004637,CUST_103922,AED,Active
ACC_1004638,CUST_103923,USD,Active
ACC_1004639,CUST_103924,AED,Active
ACC_1004640,CUST_103925,AED,Active
ACC_1004641,CUST_103926,AED,Active
ACC_1004642,CUST_103926,AED,Active
ACC_1004643,CUST_103927,USD,Active
ACC_1004644,CUST_103927,AED,Active
ACC_1004645,CUST_103928,AED,Active
ACC_1004646,CUST_103929,AED,Active
ACC_1004647,CUST_103930,EUR,Active
ACC_1004648,CUST_103930,AED,Active
ACC_1004649,CUST_103931,AED,Active
ACC_1004650,CUST_103932,EUR,Active
ACC_1004651,CUST_103933,AED,Active
ACC_1004652,CUST_103934,AED,Active
ACC_1004653,CUST_103935,AED,Active
ACC_1004654,CUST_103936,AED,Active
ACC_1004655,CUST_103937,AED,Active
ACC_1004656,CUST_103937,AED,Active
ACC_1004657,CUST_103938,AED,Active
ACC_1004658,CUST_103938,AED,Active
ACC_1004659,CUST_103939,AED,Active
ACC_1004660,CUST_103940,AED,Active
ACC_1004661,CUST_103941,AED,Active
ACC_1004662,CUST_103942,AED,Active
ACC_1004663,CUST_103943,AED,Active
ACC_1004664,CUST_103944,AED,Active
ACC_1004665,CUST_103945,AED,Active
ACC_1004666,CUST_103946,USD,Active
ACC_1004667,CUST_103947,AED,Active
ACC_1004668,CUST_103948,USD,Active
ACC_1004669,CUST_103949,USD,Active
ACC_1004670,CUST_103950,AED,Active
ACC_1004671,CUST_103951,AED,Active
ACC_1004672,CUST_103952,AED,Active
ACC_1004673,CUST_103952,AED,Active
ACC_1004674,CUST_103953,AED,Active
ACC_1004675,CUST_103954,AED,Active
ACC_1004676,CUST_103955,AED,Active
ACC_1004677,CUST_103956,AED,Active
ACC_1004678,CUST_103956,AED,Active
ACC_1004679,CUST_103957,AED,Active
ACC_1004680,CUST_103958,AED,Active
ACC_1004681,CUST_103959,AED,Active
ACC_1004682,CUST_103960,AED,Active
ACC_1004683,CUST_103961,EUR,Active
ACC_1004684,CUST_103962,USD,Active
ACC_1004685,CUST_103962,AED,Active
ACC_1004686,CUST_103963,AED,Active
ACC_1004687,CUST_103964,AED,Active
ACC_1004688,CUST_103965,AED,Active
ACC_1004689,CUST_103966,AED,Active
ACC_1004690,CUST_103967,AED,Active
ACC_1004691,CUST_103968,EUR,Active
ACC_1004692,CUST_103969,AED,Active
ACC_1004693,CUST_103969,EUR,Active
ACC_1004694,CUST_103970,AED,Active
ACC_1004695,CUST_103971,USD,Active
ACC_1004696,CUST_103972,AED,Active
ACC_1004697,CUST_103973,AED,Active
ACC_1004698,CUST_103974,AED,Active
ACC_1004699,CUST_103974,AED,Active
ACC_1004700,CUST_103975,AED,Active
ACC_1004701,CUST_103975,AED,Active
ACC_1004702,CUST_103976,AED,Active
ACC_1004703,CUST_103977,AED,Active
ACC_1004704,CUST_103978,AED,Active
ACC_1004705,CUST_103979,AED,Active
ACC_1004706,CUST_103980,AED,Active
ACC_1004707,CUST_103981,AED,Active
ACC_1004708,CUST_103982,AED,Active
ACC_1004709,CUST_103983,AED,Active
ACC_1004710,CUST_103983,AED,Active
ACC_1004711,CUST_103984,AED,Active
ACC_1004712,CUST_103985,AED,Active
ACC_1004713,CUST_103985,AED,Active
ACC_1004714,CUST_103986,AED,Active
ACC_1004715,CUST_103986,USD,Active
ACC_1004716,CUST_103987,USD,Active
ACC_1004717,CUST_103988,AED,Active
ACC_1004718,CUST_103989,AED,Active
ACC_1004719,CUST_103990,AED,Active
ACC_1004720,CUST_103991,AED,Active
ACC_1004721,CUST_103992,AED,Active
ACC_1004722,CUST_103992,AED,Active
ACC_1004723,CUST_103993,AED,Active
ACC_1004724,CUST_103994,AED,Active
ACC_1004725,CUST_103995,AED,Active
ACC_1004726,CUST_103995,AED,Active
ACC_1004727,CUST_103996,AED,Active
ACC_1004728,CUST_103997,AED,Active
ACC_1004729,CUST_103998,AED,Active
ACC_1004730,CUST_103998,AED,Active
ACC_1004731,CUST_103999,AED,Active
ACC_1004732,CUST_103999,AED,Active
ACC_1004733,CUST_104000,USD,Active
ACC_1004734,CUST_104001,AED,Active
ACC_1004735,CUST_104002,AED,Active
ACC_1004736,CUST_104003,AED,Active
ACC_1004737,CUST_104004,AED,Active
ACC_1004738,CUST_104005,AED,Active
ACC_1004739,CUST_104006,AED,Active
ACC_1004740,CUST_104007,AED,Active
ACC_1004741,CUST_104008,AED,Active
ACC_1004742,CUST_104009,AED,Active
ACC_1004743,CUST_104010,USD,Active
ACC_1004744,CUST_104010,AED,Active
ACC_1004745,CUST_104011,AED,Active
ACC_1004746,CUST_104012,AED,Active
ACC_1004747,CUST_104013,AED,Active
ACC_1004748,CUST_104014,AED,Active
ACC_1004749,CUST_104015,AED,Active
ACC_1004750,CUST_104016,USD,Active
ACC_1004751,CUST_104017,AED,Active
ACC_1004752,CUST_104017,EUR,Active
ACC_1004753,CUST_104018,AED,Active
ACC_1004754,CUST_104018,AED,Active
ACC_1004755,CUST_104019,AED,Active
ACC_1004756,CUST_104020,USD,Active
ACC_1004757,CUST_104021,AED,Active
ACC_1004758,CUST_104022,AED,Active
ACC_1004759,CUST_104023,AED,Active
ACC_1004760,CUST_104023,AED,Active
ACC_1004761,CUST_104024,AED,Active
ACC_1004762,CUST_104025,AED,Active
ACC_1004763,CUST_104026,USD,Active
ACC_1004764,CUST_104027,AED,Active
ACC_1004765,CUST_104028,AED,Active
ACC_1004766,CUST_104028,AED,Active
ACC_1004767,CUST_104029,AED,Active
ACC_1004768,CUST_104030,AED,Active
ACC_1004769,CUST_104031,AED,Active
ACC_1004770,CUST_104032,EUR,Active
ACC_1004771,CUST_104033,AED,Active
ACC_1004772,CUST_104034,USD,Active
ACC_1004773,CUST_104034,USD,Active
ACC_1004774,CUST_104035,AED,Active
ACC_1004775,CUST_104036,EUR,Active
ACC_1004776,CUST_104037,AED,Active
ACC_1004777,CUST_104037,AED,Active
ACC_1004778,CUST_104038,AED,Active
ACC_1004779,CUST_104039,AED,Active
ACC_1004780,CUST_104040,AED,Active
ACC_1004781,CUST_104040,AED,Active
ACC_1004782,CUST_104041,AED,Active
ACC_1004783,CUST_104042,AED,Active
ACC_1004784,CUST_104042,AED,Active
ACC_1004785,CUST_104043,AED,Active
ACC_1004786,CUST_104044,AED,Active
ACC_1004787,CUST_104045,AED,Active
ACC_1004788,CUST_104045,USD,Active
ACC_1004789,CUST_104046,EUR,Active
ACC_1004790,CUST_104047,AED,Active
ACC_1004791,CUST_104047,AED,Active
ACC_1004792,CUST_104048,AED,Active
ACC_1004793,CUST_104048,EUR,Active
ACC_1004794,CUST_104049,AED,Active
ACC_1004795,CUST_104050,AED,Active
ACC_1004796,CUST_104051,AED,Active
ACC_1004797,CUST_104052,AED,Active
ACC_1004798,CUST_104052,AED,Active
ACC_1004799,CUST_104053,AED,Active
ACC_1004800,CUST_104054,AED,Active
ACC_1004801,CUST_104055,AED,Active
ACC_1004802,CUST_104056,AED,Active
ACC_1004803,CUST_104056,AED,Active
ACC_1004804,CUST_104057,EUR,Active
ACC_1004805,CUST_104058,AED,Active
ACC_1004806,CUST_104059,AED,Active
ACC_1004807,CUST_104060,AED,Active
ACC_1004808,CUST_104061,AED,Active
ACC_1004809,CUST_104062,AED,Active
ACC_1004810,CUST_104062,AED,Active
ACC_1004811,CUST_104063,AED,Active
ACC_1004812,CUST_104064,AED,Active
ACC_1004813,CUST_104064,AED,Active
ACC_1004814,CUST_104065,AED,Active
ACC_1004815,CUST_104066,AED,Active
ACC_1004816,CUST_104067,AED,Active
ACC_1004817,CUST_104068,AED,Active
ACC_1004818,CUST_104068,AED,Active
ACC_1004819,CUST_104069,AED,Active
ACC_1004820,CUST_104069,USD,Active
ACC_1004821,CUST_104070,AED,Active
ACC_1004822,CUST_104071,AED,Active
ACC_1004823,CUST_104071,AED,Active
ACC_1004824,CUST_104072,AED,Active
ACC_1004825,CUST_104073,EUR,Active
ACC_1004826,CUST_104073,AED,Active
ACC_1004827,CUST_104074,AED,Active
ACC_1004828,CUST_104075,AED,Active
ACC_1004829,CUST_104076,AED,Active
ACC_1004830,CUST_104076,EUR,Active
ACC_1004831,CUST_104077,AED,Active
ACC_1004832,CUST_104078,AED,Active
ACC_1004833,CUST_104079,AED,Active
ACC_1004834,CUST_104079,AED,Active
ACC_1004835,CUST_104080,AED,Active
ACC_1004836,CUST_104081,AED,Active
ACC_1004837,CUST_104082,AED,Active
ACC_1004838,CUST_104082,USD,Active
ACC_1004839,CUST_104083,AED,Active
ACC_1004840,CUST_104084,AED,Active
ACC_1004841,CUST_104085,AED,Active
ACC_1004842,CUST_104085,AED,Active
ACC_1004843,CUST_104086,AED,Active
ACC_1004844,CUST_104087,AED,Active
ACC_1004845,CUST_104088,AED,Active
ACC_1004846,CUST_104088,USD,Active
ACC_1004847,CUST_104089,AED,Active
ACC_1004848,CUST_104089,AED,Active
ACC_1004849,CUST_104090,AED,Active
ACC_1004850,CUST_104091,AED,Active
ACC_1004851,CUST_104091,AED,Active
ACC_1004852,CUST_104092,USD,Active
ACC_1004853,CUST_104093,AED,Active
ACC_1004854,CUST_104094,AED,Active
ACC_1004855,CUST_104095,AED,Active
ACC_1004856,CUST_104096,AED,Active
ACC_1004857,CUST_104097,AED,Active
ACC_1004858,CUST_104098,EUR,Active
ACC_1004859,CUST_104098,AED,Active
ACC_1004860,CUST_104099,AED,Active
ACC_1004861,CUST_104100,AED,Active
ACC_1004862,CUST_104101,AED,Active
ACC_1004863,CUST_104101,AED,Active
ACC_1004864,CUST_104102,USD,Active
ACC_1004865,CUST_104103,EUR,Active
ACC_1004866,CUST_104104,USD,Active
ACC_1004867,CUST_104105,AED,Active
ACC_1004868,CUST_104106,AED,Active
ACC_1004869,CUST_104106,AED,Active
ACC_1004870,CUST_104107,AED,Active
ACC_1004871,CUST_104108,AED,Active
ACC_1004872,CUST_104109,AED,Active
ACC_1004873,CUST_104110,AED,Active
ACC_1004874,CUST_104111,EUR,Active
ACC_1004875,CUST_104112,AED,Active
ACC_1004876,CUST_104113,AED,Active
ACC_1004877,CUST_104113,USD,Active
ACC_1004878,CUST_104114,AED,Active
ACC_1004879,CUST_104115,EUR,Active
ACC_1004880,CUST_104115,AED,Active
ACC_1004881,CUST_104116,AED,Active
ACC_1004882,CUST_104117,AED,Active
ACC_1004883,CUST_104118,AED,Active
ACC_1004884,CUST_104118,AED,Active
ACC_1004885,CUST_104119,AED,Active
ACC_1004886,CUST_104120,EUR,Active
ACC_1004887,CUST_104121,AED,Active
ACC_1004888,CUST_104122,AED,Active
ACC_1004889,CUST_104123,USD,Active
ACC_1004890,CUST_104124,EUR,Active
ACC_1004891,CUST_104125,AED,Active
ACC_1004892,CUST_104126,AED,Active
ACC_1004893,CUST_104127,AED,Active
ACC_1004894,CUST_104128,AED,Active
ACC_1004895,CUST_104129,AED,Active
ACC_1004896,CUST_104130,AED,Active
ACC_1004897,CUST_104130,AED,Active
ACC_1004898,CUST_104131,USD,Active
ACC_1004899,CUST_104132,AED,Active
ACC_1004900,CUST_104133,AED,Active
ACC_1004901,CUST_104133,AED,Active
ACC_1004902,CUST_104134,AED,Active
ACC_1004903,CUST_104135,AED,Active
ACC_1004904,CUST_104135,USD,Active
ACC_1004905,CUST_104136,EUR,Active
ACC_1004906,CUST_104136,AED,Active
ACC_1004907,CUST_104137,USD,Active
ACC_1004908,CUST_104138,EUR,Active
ACC_1004909,CUST_104139,AED,Active
ACC_1004910,CUST_104140,AED,Active
ACC_1004911,CUST_104141,AED,Active
ACC_1004912,CUST_104142,AED,Active
ACC_1004913,CUST_104143,AED,Active
ACC_1004914,CUST_104144,AED,Active
ACC_1004915,CUST_104145,AED,Active
ACC_1004916,CUST_104146,AED,Active
ACC_1004917,CUST_104147,AED,Active
ACC_1004918,CUST_104147,AED,Active
ACC_1004919,CUST_104148,EUR,Active
ACC_1004920,CUST_104149,AED,Active
ACC_1004921,CUST_104150,AED,Active
ACC_1004922,CUST_104151,AED,Active
ACC_1004923,CUST_104152,AED,Active
ACC_1004924,CUST_104153,AED,Active
ACC_1004925,CUST_104154,AED,Active
ACC_1004926,CUST_104155,AED,Active
ACC_1004927,CUST_104156,AED,Active
ACC_1004928,CUST_104157,USD,Active
ACC_1004929,CUST_104158,USD,Active
ACC_1004930,CUST_104159,AED,Active
ACC_1004931,CUST_104160,AED,Active
ACC_1004932,CUST_104161,AED,Active
ACC_1004933,CUST_104162,AED,Active
ACC_1004934,CUST_104162,AED,Active
ACC_1004935,CUST_104163,AED,Active
ACC_1004936,CUST_104163,AED,Active
ACC_1004937,CUST_104164,AED,Active
ACC_1004938,CUST_104165,AED,Active
ACC_1004939,CUST_104166,AED,Active
ACC_1004940,CUST_104167,AED,Active
ACC_1004941,CUST_104168,AED,Active
ACC_1004942,CUST_104169,AED,Active
ACC_1004943,CUST_104169,AED,Active
ACC_1004944,CUST_104170,AED,Active
ACC_1004945,CUST_104171,AED,Active
ACC_1004946,CUST_104172,AED,Active
ACC_1004947,CUST_104173,AED,Active
ACC_1004948,CUST_104174,USD,Active
ACC_1004949,CUST_104174,AED,Active
ACC_1004950,CUST_104175,AED,Active
ACC_1004951,CUST_104176,AED,Active
ACC_1004952,CUST_104176,AED,Active
ACC_1004953,CUST_104177,AED,Active
ACC_1004954,CUST_104178,AED,Active
ACC_1004955,CUST_104179,AED,Active
ACC_1004956,CUST_104180,AED,Active
ACC_1004957,CUST_104181,AED,Active
ACC_1004958,CUST_104182,AED,Active
ACC_1004959,CUST_104183,AED,Active
ACC_1004960,CUST_104184,AED,Active
ACC_1004961,CUST_104185,AED,Active
ACC_1004962,CUST_104186,AED,Active
ACC_1004963,CUST_104187,AED,Active
ACC_1004964,CUST_104188,AED,Active
ACC_1004965,CUST_104189,EUR,Active
ACC_1004966,CUST_104190,AED,Active
ACC_1004967,CUST_104191,AED,Active
ACC_1004968,CUST_104192,USD,Active
ACC_1004969,CUST_104193,AED,Active
ACC_1004970,CUST_104194,AED,Active
ACC_1004971,CUST_104195,AED,Active
ACC_1004972,CUST_104196,AED,Active
ACC_1004973,CUST_104197,AED,Active
ACC_1004974,CUST_104198,AED,Active
ACC_1004975,CUST_104199,AED,Active
ACC_1004976,CUST_104200,AED,Active
ACC_1004977,CUST_104201,AED,Active
ACC_1004978,CUST_104202,AED,Active
ACC_1004979,CUST_104203,AED,Active
ACC_1004980,CUST_104204,AED,Active
ACC_1004981,CUST_104205,AED,Active
ACC_1004982,CUST_104205,AED,Active
ACC_1004983,CUST_104206,AED,Active
ACC_1004984,CUST_104207,AED,Active
ACC_1004985,CUST_104208,AED,Active
ACC_1004986,CUST_104208,AED,Active
ACC_1004987,CUST_104209,USD,Active
ACC_1004988,CUST_104209,AED,Active
ACC_1004989,CUST_104210,USD,Active
ACC_1004990,CUST_104211,AED,Active
ACC_1004991,CUST_104212,AED,Active
ACC_1004992,CUST_104213,AED,Active
ACC_1004993,CUST_104214,AED,Active
ACC_1004994,CUST_104215,AED,Active
ACC_1004995,CUST_104216,AED,Active
ACC_1004996,CUST_104217,AED,Active
ACC_1004997,CUST_104218,AED,Active
ACC_1004998,CUST_104219,EUR,Active
ACC_1004999,CUST_104220,EUR,Active
ACC_1005000,CUST_104221,AED,Active
ACC_1005001,CUST_104222,AED,Active
ACC_1005002,CUST_104223,AED,Active
ACC_1005003,CUST_104224,AED,Active
ACC_1005004,CUST_104224,AED,Active
ACC_1005005,CUST_104225,AED,Active
ACC_1005006,CUST_104226,AED,Active
ACC_1005007,CUST_104227,AED,Active
ACC_1005008,CUST_104228,AED,Active
ACC_1005009,CUST_104229,AED,Active
ACC_1005010,CUST_104230,AED,Active
ACC_1005011,CUST_104231,AED,Active
ACC_1005012,CUST_104231,AED,Active
ACC_1005013,CUST_104232,AED,Active
ACC_1005014,CUST_104233,AED,Active
ACC_1005015,CUST_104234,AED,Active
ACC_1005016,CUST_104234,AED,Active
ACC_1005017,CUST_104235,AED,Active
ACC_1005018,CUST_104235,AED,Active
ACC_1005019,CUST_104236,AED,Active
ACC_1005020,CUST_104236,AED,Active
ACC_1005021,CUST_104237,AED,Active
ACC_1005022,CUST_104238,AED,Active
ACC_1005023,CUST_104239,AED,Active
ACC_1005024,CUST_104240,EUR,Active
ACC_1005025,CUST_104241,USD,Active
ACC_1005026,CUST_104242,USD,Active
ACC_1005027,CUST_104242,USD,Active
ACC_1005028,CUST_104243,AED,Active
ACC_1005029,CUST_104244,AED,Active
ACC_1005030,CUST_104245,AED,Active
ACC_1005031,CUST_104245,AED,Active
ACC_1005032,CUST_104246,AED,Active
ACC_1005033,CUST_104246,AED,Active
ACC_1005034,CUST_104247,AED,Active
ACC_1005035,CUST_104248,AED,Active
ACC_1005036,CUST_104249,AED,Active
ACC_1005037,CUST_104250,AED,Active
ACC_1005038,CUST_104250,AED,Active
ACC_1005039,CUST_104251,AED,Active
ACC_1005040,CUST_104251,AED,Active
ACC_1005041,CUST_104252,AED,Active
ACC_1005042,CUST_104253,AED,Active
ACC_1005043,CUST_104254,AED,Active
ACC_1005044,CUST_104255,AED,Active
ACC_1005045,CUST_104256,AED,Active
ACC_1005046,CUST_104257,AED,Active
ACC_1005047,CUST_104258,USD,Active
ACC_1005048,CUST_104259,AED,Active
ACC_1005049,CUST_104260,AED,Active
ACC_1005050,CUST_104260,AED,Active
ACC_1005051,CUST_104261,AED,Active
ACC_1005052,CUST_104261,USD,Active
ACC_1005053,CUST_104262,AED,Active
ACC_1005054,CUST_104263,AED,Active
ACC_1005055,CUST_104263,AED,Active
ACC_1005056,CUST_104264,AED,Active
ACC_1005057,CUST_104264,AED,Active
ACC_1005058,CUST_104265,USD,Active
ACC_1005059,CUST_104265,AED,Active
ACC_1005060,CUST_104266,AED,Active
ACC_1005061,CUST_104267,AED,Active
ACC_1005062,CUST_104268,AED,Active
ACC_1005063,CUST_104269,USD,Active
ACC_1005064,CUST_104270,AED,Active
ACC_1005065,CUST_104271,AED,Active
ACC_1005066,CUST_104271,AED,Active
ACC_1005067,CUST_104272,AED,Active
ACC_1005068,CUST_104273,AED,Active
ACC_1005069,CUST_104274,AED,Active
ACC_1005070,CUST_104275,AED,Active
ACC_1005071,CUST_104276,AED,Active
ACC_1005072,CUST_104277,AED,Active
ACC_1005073,CUST_104278,AED,Active
ACC_1005074,CUST_104278,AED,Active
ACC_1005075,CUST_104279,USD,Active
ACC_1005076,CUST_104280,AED,Active
ACC_1005077,CUST_104281,AED,Active
ACC_1005078,CUST_104281,AED,Active
ACC_1005079,CUST_104282,AED,Active
ACC_1005080,CUST_104283,USD,Active
ACC_1005081,CUST_104284,AED,Active
ACC_1005082,CUST_104285,AED,Active
ACC_1005083,CUST_104286,USD,Active
ACC_1005084,CUST_104286,AED,Active
ACC_1005085,CUST_104287,USD,Active
ACC_1005086,CUST_104288,USD,Active
ACC_1005087,CUST_104289,AED,Active
ACC_1005088,CUST_104290,AED,Active
ACC_1005089,CUST_104290,AED,Active
ACC_1005090,CUST_104291,AED,Active
ACC_1005091,CUST_104292,AED,Active
ACC_1005092,CUST_104292,AED,Active
ACC_1005093,CUST_104293,AED,Active
ACC_1005094,CUST_104294,AED,Active
ACC_1005095,CUST_104295,AED,Active
ACC_1005096,CUST_104296,AED,Active
ACC_1005097,CUST_104297,AED,Active
ACC_1005098,CUST_104298,AED,Active
ACC_1005099,CUST_104298,EUR,Active
ACC_1005100,CUST_104299,AED,Active
ACC_1005101,CUST_104300,AED,Active
ACC_1005102,CUST_104301,AED,Active
ACC_1005103,CUST_104302,AED,Active
ACC_1005104,CUST_104303,AED,Active
ACC_1005105,CUST_104304,AED,Active
ACC_1005106,CUST_104305,AED,Active
ACC_1005107,CUST_104306,AED,Active
ACC_1005108,CUST_104307,AED,Active
ACC_1005109,CUST_104307,AED,Active
ACC_1005110,CUST_104308,AED,Active
ACC_1005111,CUST_104309,AED,Active
ACC_1005112,CUST_104309,AED,Active
ACC_1005113,CUST_104310,EUR,Active
ACC_1005114,CUST_104311,AED,Active
ACC_1005115,CUST_104312,AED,Active
ACC_1005116,CUST_104312,AED,Active
ACC_1005117,CUST_104313,USD,Active
ACC_1005118,CUST_104313,AED,Active
ACC_1005119,CUST_104314,AED,Active
ACC_1005120,CUST_104315,AED,Active
ACC_1005121,CUST_104316,USD,Active
ACC_1005122,CUST_104316,USD,Active
ACC_1005123,CUST_104317,USD,Active
ACC_1005124,CUST_104318,AED,Active
ACC_1005125,CUST_104319,AED,Active
ACC_1005126,CUST_104320,AED,Active
ACC_1005127,CUST_104320,USD,Active
ACC_1005128,CUST_104321,AED,Active
ACC_1005129,CUST_104322,AED,Active
ACC_1005130,CUST_104322,AED,Active
ACC_1005131,CUST_104323,AED,Active
ACC_1005132,CUST_104323,AED,Active
ACC_1005133,CUST_104324,AED,Active
ACC_1005134,CUST_104325,AED,Active
ACC_1005135,CUST_104326,AED,Active
ACC_1005136,CUST_104327,AED,Active
ACC_1005137,CUST_104328,AED,Active
ACC_1005138,CUST_104329,AED,Active
ACC_1005139,CUST_104329,AED,Active
ACC_1005140,CUST_104330,AED,Active
ACC_1005141,CUST_104331,AED,Active
ACC_1005142,CUST_104332,AED,Active
ACC_1005143,CUST_104332,AED,Active
ACC_1005144,CUST_104333,AED,Active
ACC_1005145,CUST_104334,EUR,Active
ACC_1005146,CUST_104335,AED,Active
ACC_1005147,CUST_104336,AED,Active
ACC_1005148,CUST_104337,AED,Active
ACC_1005149,CUST_104338,AED,Active
ACC_1005150,CUST_104339,AED,Active
ACC_1005151,CUST_104340,AED,Active
ACC_1005152,CUST_104341,AED,Active
ACC_1005153,CUST_104341,AED,Active
ACC_1005154,CUST_104342,AED,Active
ACC_1005155,CUST_104343,AED,Active
ACC_1005156,CUST_104344,AED,Active
ACC_1005157,CUST_104345,AED,Active
ACC_1005158,CUST_104346,AED,Active
ACC_1005159,CUST_104347,AED,Active
ACC_1005160,CUST_104348,AED,Active
ACC_1005161,CUST_104349,EUR,Active
ACC_1005162,CUST_104350,AED,Active
ACC_1005163,CUST_104351,AED,Active
ACC_1005164,CUST_104352,AED,Active
ACC_1005165,CUST_104353,AED,Active
ACC_1005166,CUST_104353,AED,Active
ACC_1005167,CUST_104354,AED,Active
ACC_1005168,CUST_104355,AED,Active
ACC_1005169,CUST_104356,AED,Active
ACC_1005170,CUST_104356,USD,Active
ACC_1005171,CUST_104357,AED,Active
ACC_1005172,CUST_104357,AED,Active
ACC_1005173,CUST_104358,AED,Active
ACC_1005174,CUST_104358,AED,Active
ACC_1005175,CUST_104359,USD,Active
ACC_1005176,CUST_104360,AED,Active
ACC_1005177,CUST_104361,AED,Active
ACC_1005178,CUST_104361,AED,Active
ACC_1005179,CUST_104362,AED,Active
ACC_1005180,CUST_104363,AED,Active
ACC_1005181,CUST_104364,AED,Active
ACC_1005182,CUST_104365,AED,Active
ACC_1005183,CUST_104366,EUR,Active
ACC_1005184,CUST_104367,AED,Active
ACC_1005185,CUST_104368,AED,Active
ACC_1005186,CUST_104369,AED,Active
ACC_1005187,CUST_104370,AED,Active
ACC_1005188,CUST_104371,EUR,Active
ACC_1005189,CUST_104372,AED,Active
ACC_1005190,CUST_104373,AED,Active
ACC_1005191,CUST_104374,AED,Active
ACC_1005192,CUST_104375,AED,Active
ACC_1005193,CUST_104376,AED,Active
ACC_1005194,CUST_104377,AED,Active
ACC_1005195,CUST_104377,AED,Active
ACC_1005196,CUST_104378,AED,Active
ACC_1005197,CUST_104379,AED,Active
ACC_1005198,CUST_104380,USD,Active
ACC_1005199,CUST_104380,AED,Active
ACC_1005200,CUST_104381,AED,Active
ACC_1005201,CUST_104381,AED,Active
ACC_1005202,CUST_104382,AED,Active
ACC_1005203,CUST_104383,USD,Active
ACC_1005204,CUST_104384,AED,Active
ACC_1005205,CUST_104385,AED,Active
ACC_1005206,CUST_104386,AED,Active
ACC_1005207,CUST_104387,AED,Active
ACC_1005208,CUST_104388,AED,Active
ACC_1005209,CUST_104388,AED,Active
ACC_1005210,CUST_104389,AED,Active
ACC_1005211,CUST_104390,USD,Active
ACC_1005212,CUST_104391,AED,Active
ACC_1005213,CUST_104391,AED,Active
ACC_1005214,CUST_104392,AED,Active
ACC_1005215,CUST_104392,AED,Active
ACC_1005216,CUST_104393,AED,Active
ACC_1005217,CUST_104393,AED,Active
ACC_1005218,CUST_104394,AED,Active
ACC_1005219,CUST_104395,AED,Active
ACC_1005220,CUST_104396,AED,Active
ACC_1005221,CUST_104396,AED,Active
ACC_1005222,CUST_104397,AED,Active
ACC_1005223,CUST_104398,USD,Active
ACC_1005224,CUST_104398,AED,Active
ACC_1005225,CUST_104399,AED,Active
ACC_1005226,CUST_104400,AED,Active
ACC_1005227,CUST_104401,USD,Active
ACC_1005228,CUST_104402,AED,Active
ACC_1005229,CUST_104403,AED,Active
ACC_1005230,CUST_104404,AED,Active
ACC_1005231,CUST_104405,AED,Active
ACC_1005232,CUST_104406,AED,Active
ACC_1005233,CUST_104407,AED,Active
ACC_1005234,CUST_104408,AED,Active
ACC_1005235,CUST_104409,EUR,Active
ACC_1005236,CUST_104410,AED,Active
ACC_1005237,CUST_104411,USD,Active
ACC_1005238,CUST_104412,AED,Active
ACC_1005239,CUST_104413,USD,Active
ACC_1005240,CUST_104414,AED,Active
ACC_1005241,CUST_104415,AED,Active
ACC_1005242,CUST_104416,AED,Active
ACC_1005243,CUST_104416,AED,Active
ACC_1005244,CUST_104417,AED,Active
ACC_1005245,CUST_104418,USD,Active
ACC_1005246,CUST_104419,AED,Active
ACC_1005247,CUST_104420,AED,Active
ACC_1005248,CUST_104420,AED,Active
ACC_1005249,CUST_104421,AED,Active
ACC_1005250,CUST_104422,AED,Active
ACC_1005251,CUST_104422,USD,Active
ACC_1005252,CUST_104423,AED,Active
ACC_1005253,CUST_104423,AED,Active
ACC_1005254,CUST_104424,AED,Active
ACC_1005255,CUST_104425,AED,Active
ACC_1005256,CUST_104425,AED,Active
ACC_1005257,CUST_104426,AED,Active
ACC_1005258,CUST_104426,USD,Active
ACC_1005259,CUST_104427,AED,Active
ACC_1005260,CUST_104428,AED,Active
ACC_1005261,CUST_104429,AED,Active
ACC_1005262,CUST_104430,AED,Active
ACC_1005263,CUST_104431,AED,Active
ACC_1005264,CUST_104432,AED,Active
ACC_1005265,CUST_104433,AED,Active
ACC_1005266,CUST_104434,AED,Active
ACC_1005267,CUST_104435,AED,Active
ACC_1005268,CUST_104436,AED,Active
ACC_1005269,CUST_104436,AED,Active
ACC_1005270,CUST_104437,AED,Active
ACC_1005271,CUST_104438,AED,Active
ACC_1005272,CUST_104439,AED,Active
ACC_1005273,CUST_104439,EUR,Active
ACC_1005274,CUST_104440,AED,Active
ACC_1005275,CUST_104441,AED,Active
ACC_1005276,CUST_104442,AED,Active
ACC_1005277,CUST_104443,AED,Active
ACC_1005278,CUST_104444,AED,Active
ACC_1005279,CUST_104445,AED,Active
ACC_1005280,CUST_104446,AED,Active
ACC_1005281,CUST_104447,AED,Active
ACC_1005282,CUST_104448,AED,Active
ACC_1005283,CUST_104449,AED,Active
ACC_1005284,CUST_104450,AED,Active
ACC_1005285,CUST_104451,AED,Active
ACC_1005286,CUST_104452,AED,Active
ACC_1005287,CUST_104453,AED,Active
ACC_1005288,CUST_104454,USD,Active
ACC_1005289,CUST_104455,AED,Active
ACC_1005290,CUST_104456,AED,Active
ACC_1005291,CUST_104457,AED,Active
ACC_1005292,CUST_104458,AED,Active
ACC_1005293,CUST_104459,AED,Active
ACC_1005294,CUST_104460,AED,Active
ACC_1005295,CUST_104461,AED,Active
ACC_1005296,CUST_104462,AED,Active
ACC_1005297,CUST_104463,AED,Active
ACC_1005298,CUST_104464,AED,Active
ACC_1005299,CUST_104465,AED,Active
ACC_1005300,CUST_104466,AED,Active
ACC_1005301,CUST_104466,USD,Active
ACC_1005302,CUST_104467,AED,Active
ACC_1005303,CUST_104468,USD,Active
ACC_1005304,CUST_104469,AED,Active
ACC_1005305,CUST_104469,AED,Active
ACC_1005306,CUST_104470,USD,Active
ACC_1005307,CUST_104471,USD,Active
ACC_1005308,CUST_104472,AED,Active
ACC_1005309,CUST_104473,USD,Active
ACC_1005310,CUST_104473,AED,Active
ACC_1005311,CUST_104474,AED,Active
ACC_1005312,CUST_104475,AED,Active
ACC_1005313,CUST_104476,AED,Active
ACC_1005314,CUST_104477,AED,Active
ACC_1005315,CUST_104478,AED,Active
ACC_1005316,CUST_104479,AED,Active
ACC_1005317,CUST_104480,AED,Active
ACC_1005318,CUST_104481,AED,Active
ACC_1005319,CUST_104482,USD,Active
ACC_1005320,CUST_104482,USD,Active
ACC_1005321,CUST_104483,AED,Active
ACC_1005322,CUST_104483,AED,Active
ACC_1005323,CUST_104484,AED,Active
ACC_1005324,CUST_104485,AED,Active
ACC_1005325,CUST_104486,AED,Active
ACC_1005326,CUST_104487,AED,Active
ACC_1005327,CUST_104488,AED,Active
ACC_1005328,CUST_104489,AED,Active
ACC_1005329,CUST_104490,AED,Active
ACC_1005330,CUST_104490,AED,Active
ACC_1005331,CUST_104491,EUR,Active
ACC_1005332,CUST_104492,AED,Active
ACC_1005333,CUST_104492,AED,Active
ACC_1005334,CUST_104493,AED,Active
ACC_1005335,CUST_104494,AED,Active
ACC_1005336,CUST_104495,AED,Active
ACC_1005337,CUST_104495,AED,Active
ACC_1005338,CUST_104496,AED,Active
ACC_1005339,CUST_104497,AED,Active
ACC_1005340,CUST_104498,AED,Active
ACC_1005341,CUST_104499,AED,Active
ACC_1005342,CUST_104500,AED,Active
ACC_1005343,CUST_104501,AED,Active
ACC_1005344,CUST_104502,AED,Active
ACC_1005345,CUST_104503,AED,Active
ACC_1005346,CUST_104504,AED,Active
ACC_1005347,CUST_104505,AED,Active
ACC_1005348,CUST_104506,AED,Active
ACC_1005349,CUST_104507,USD,Active
ACC_1005350,CUST_104508,AED,Active
ACC_1005351,CUST_104509,AED,Active
ACC_1005352,CUST_104510,AED,Active
ACC_1005353,CUST_104510,AED,Active
ACC_1005354,CUST_104511,AED,Active
ACC_1005355,CUST_104512,AED,Active
ACC_1005356,CUST_104512,USD,Active
ACC_1005357,CUST_104513,AED,Active
ACC_1005358,CUST_104514,AED,Active
ACC_1005359,CUST_104515,AED,Active
ACC_1005360,CUST_104516,AED,Active
ACC_1005361,CUST_104517,AED,Active
ACC_1005362,CUST_104518,AED,Active
ACC_1005363,CUST_104518,AED,Active
ACC_1005364,CUST_104519,AED,Active
ACC_1005365,CUST_104520,USD,Active
ACC_1005366,CUST_104521,AED,Active
ACC_1005367,CUST_104521,USD,Active
ACC_1005368,CUST_104522,AED,Active
ACC_1005369,CUST_104523,AED,Active
ACC_1005370,CUST_104524,AED,Active
ACC_1005371,CUST_104525,AED,Active
ACC_1005372,CUST_104526,AED,Active
ACC_1005373,CUST_104527,AED,Active
ACC_1005374,CUST_104527,AED,Active
ACC_1005375,CUST_104528,AED,Active
ACC_1005376,CUST_104528,AED,Active
ACC_1005377,CUST_104529,AED,Active
ACC_1005378,CUST_104530,AED,Active
ACC_1005379,CUST_104531,AED,Active
ACC_1005380,CUST_104532,AED,Active
ACC_1005381,CUST_104532,AED,Active
ACC_1005382,CUST_104533,AED,Active
ACC_1005383,CUST_104534,AED,Active
ACC_1005384,CUST_104535,USD,Active
ACC_1005385,CUST_104536,AED,Active
ACC_1005386,CUST_104537,AED,Active
ACC_1005387,CUST_104537,AED,Active
ACC_1005388,CUST_104538,EUR,Active
ACC_1005389,CUST_104539,AED,Active
ACC_1005390,CUST_104540,AED,Active
ACC_1005391,CUST_104541,AED,Active
ACC_1005392,CUST_104542,AED,Active
ACC_1005393,CUST_104543,AED,Active
ACC_1005394,CUST_104544,AED,Active
ACC_1005395,CUST_104545,AED,Active
ACC_1005396,CUST_104546,AED,Active
ACC_1005397,CUST_104547,AED,Active
ACC_1005398,CUST_104547,AED,Active
ACC_1005399,CUST_104548,AED,Active
ACC_1005400,CUST_104549,AED,Active
ACC_1005401,CUST_104550,AED,Active
ACC_1005402,CUST_104551,AED,Active
ACC_1005403,CUST_104552,AED,Active
ACC_1005404,CUST_104553,AED,Active
ACC_1005405,CUST_104554,AED,Active
ACC_1005406,CUST_104554,AED,Active
ACC_1005407,CUST_104555,AED,Active
ACC_1005408,CUST_104556,AED,Active
ACC_1005409,CUST_104557,AED,Active
ACC_1005410,CUST_104558,AED,Active
ACC_1005411,CUST_104559,AED,Active
ACC_1005412,CUST_104560,AED,Active
ACC_1005413,CUST_104561,AED,Active
ACC_1005414,CUST_104562,AED,Active
ACC_1005415,CUST_104563,AED,Active
ACC_1005416,CUST_104564,AED,Active
ACC_1005417,CUST_104565,AED,Active
ACC_1005418,CUST_104565,AED,Active
ACC_1005419,CUST_104566,USD,Active
ACC_1005420,CUST_104567,EUR,Active
ACC_1005421,CUST_104568,AED,Active
ACC_1005422,CUST_104569,USD,Active
ACC_1005423,CUST_104570,EUR,Active
ACC_1005424,CUST_104570,AED,Active
ACC_1005425,CUST_104571,EUR,Active
ACC_1005426,CUST_104572,AED,Active
ACC_1005427,CUST_104573,USD,Active
ACC_1005428,CUST_104574,AED,Active
ACC_1005429,CUST_104575,AED,Active
ACC_1005430,CUST_104576,AED,Active
ACC_1005431,CUST_104577,AED,Active
ACC_1005432,CUST_104578,AED,Active
ACC_1005433,CUST_104579,AED,Active
ACC_1005434,CUST_104580,AED,Active
ACC_1005435,CUST_104581,AED,Active
ACC_1005436,CUST_104582,AED,Active
ACC_1005437,CUST_104582,AED,Active
ACC_1005438,CUST_104583,AED,Active
ACC_1005439,CUST_104584,AED,Active
ACC_1005440,CUST_104585,AED,Active
ACC_1005441,CUST_104586,AED,Active
ACC_1005442,CUST_104587,AED,Active
ACC_1005443,CUST_104588,AED,Active
ACC_1005444,CUST_104588,USD,Active
ACC_1005445,CUST_104589,AED,Active
ACC_1005446,CUST_104590,AED,Active
ACC_1005447,CUST_104591,AED,Active
ACC_1005448,CUST_104592,AED,Active
ACC_1005449,CUST_104592,AED,Active
ACC_1005450,CUST_104593,AED,Active
ACC_1005451,CUST_104594,AED,Active
ACC_1005452,CUST_104595,AED,Active
ACC_1005453,CUST_104596,AED,Active
ACC_1005454,CUST_104597,AED,Active
ACC_1005455,CUST_104598,AED,Active
ACC_1005456,CUST_104599,AED,Active
ACC_1005457,CUST_104600,AED,Active
ACC_1005458,CUST_104601,AED,Active
ACC_1005459,CUST_104602,USD,Active
ACC_1005460,CUST_104603,AED,Active
ACC_1005461,CUST_104604,AED,Active
ACC_1005462,CUST_104605,AED,Active
ACC_1005463,CUST_104606,AED,Active
ACC_1005464,CUST_104607,AED,Active
ACC_1005465,CUST_104607,AED,Active
ACC_1005466,CUST_104608,AED,Active
ACC_1005467,CUST_104609,EUR,Active
ACC_1005468,CUST_104609,AED,Active
ACC_1005469,CUST_104610,AED,Active
ACC_1005470,CUST_104611,AED,Active
ACC_1005471,CUST_104612,AED,Active
ACC_1005472,CUST_104612,AED,Active
ACC_1005473,CUST_104613,EUR,Active
ACC_1005474,CUST_104613,EUR,Active
ACC_1005475,CUST_104614,EUR,Active
ACC_1005476,CUST_104615,AED,Active
ACC_1005477,CUST_104616,USD,Active
ACC_1005478,CUST_104617,AED,Active
ACC_1005479,CUST_104618,AED,Active
ACC_1005480,CUST_104619,AED,Active
ACC_1005481,CUST_104620,USD,Active
ACC_1005482,CUST_104621,AED,Active
ACC_1005483,CUST_104622,AED,Active
ACC_1005484,CUST_104623,AED,Active
ACC_1005485,CUST_104624,AED,Active
ACC_1005486,CUST_104625,AED,Active
ACC_1005487,CUST_104626,EUR,Active
ACC_1005488,CUST_104627,AED,Active
ACC_1005489,CUST_104628,AED,Active
ACC_1005490,CUST_104628,AED,Active
ACC_1005491,CUST_104629,AED,Active
ACC_1005492,CUST_104630,AED,Active
ACC_1005493,CUST_104631,AED,Active
ACC_1005494,CUST_104631,AED,Active
ACC_1005495,CUST_104632,USD,Active
ACC_1005496,CUST_104632,AED,Active
ACC_1005497,CUST_104633,AED,Active
ACC_1005498,CUST_104633,AED,Active
ACC_1005499,CUST_104634,AED,Active
ACC_1005500,CUST_104635,USD,Active
ACC_1005501,CUST_104636,USD,Active
ACC_1005502,CUST_104636,AED,Active
ACC_1005503,CUST_104637,AED,Active
ACC_1005504,CUST_104638,USD,Active
ACC_1005505,CUST_104639,AED,Active
ACC_1005506,CUST_104640,AED,Active
ACC_1005507,CUST_104640,AED,Active
ACC_1005508,CUST_104641,AED,Active
ACC_1005509,CUST_104642,AED,Active
ACC_1005510,CUST_104643,USD,Active
ACC_1005511,CUST_104644,EUR,Active
ACC_1005512,CUST_104645,AED,Active
ACC_1005513,CUST_104645,AED,Active
ACC_1005514,CUST_104646,AED,Active
ACC_1005515,CUST_104647,AED,Active
ACC_1005516,CUST_104648,AED,Active
ACC_1005517,CUST_104648,USD,Active
ACC_1005518,CUST_104649,AED,Active
ACC_1005519,CUST_104650,AED,Active
ACC_1005520,CUST_104651,AED,Active
ACC_1005521,CUST_104652,AED,Active
ACC_1005522,CUST_104653,AED,Active
ACC_1005523,CUST_104654,AED,Active
ACC_1005524,CUST_104654,AED,Active
ACC_1005525,CUST_104655,AED,Active
ACC_1005526,CUST_104656,AED,Active
ACC_1005527,CUST_104657,EUR,Active
ACC_1005528,CUST_104658,AED,Active
ACC_1005529,CUST_104659,AED,Active
ACC_1005530,CUST_104660,AED,Active
ACC_1005531,CUST_104661,AED,Active
ACC_1005532,CUST_104662,AED,Active
ACC_1005533,CUST_104663,AED,Active
ACC_1005534,CUST_104664,AED,Active
ACC_1005535,CUST_104665,AED,Active
ACC_1005536,CUST_104666,AED,Active
ACC_1005537,CUST_104667,AED,Active
ACC_1005538,CUST_104668,AED,Active
ACC_1005539,CUST_104668,AED,Active
ACC_1005540,CUST_104669,AED,Active
ACC_1005541,CUST_104670,AED,Active
ACC_1005542,CUST_104671,AED,Active
ACC_1005543,CUST_104672,USD,Active
ACC_1005544,CUST_104673,USD,Active
ACC_1005545,CUST_104674,AED,Active
ACC_1005546,CUST_104675,AED,Active
ACC_1005547,CUST_104676,AED,Active
ACC_1005548,CUST_104677,AED,Active
ACC_1005549,CUST_104678,AED,Active
ACC_1005550,CUST_104679,AED,Active
ACC_1005551,CUST_104680,AED,Active
ACC_1005552,CUST_104681,AED,Active
ACC_1005553,CUST_104682,AED,Active
ACC_1005554,CUST_104683,AED,Active
ACC_1005555,CUST_104684,AED,Active
ACC_1005556,CUST_104685,AED,Active
ACC_1005557,CUST_104686,AED,Active
ACC_1005558,CUST_104687,AED,Active
ACC_1005559,CUST_104688,AED,Active
ACC_1005560,CUST_104689,AED,Active
ACC_1005561,CUST_104689,AED,Active
ACC_1005562,CUST_104690,EUR,Active
ACC_1005563,CUST_104691,EUR,Active
ACC_1005564,CUST_104692,USD,Active
ACC_1005565,CUST_104693,AED,Active
ACC_1005566,CUST_104693,EUR,Active
ACC_1005567,CUST_104694,AED,Active
ACC_1005568,CUST_104695,AED,Active
ACC_1005569,CUST_104696,AED,Active
ACC_1005570,CUST_104697,AED,Active
ACC_1005571,CUST_104697,AED,Active
ACC_1005572,CUST_104698,AED,Active
ACC_1005573,CUST_104699,AED,Active
ACC_1005574,CUST_104699,AED,Active
ACC_1005575,CUST_104700,AED,Active
ACC_1005576,CUST_104701,USD,Active
ACC_1005577,CUST_104702,AED,Active
ACC_1005578,CUST_104703,AED,Active
ACC_1005579,CUST_104703,AED,Active
ACC_1005580,CUST_104704,AED,Active
ACC_1005581,CUST_104704,AED,Active
ACC_1005582,CUST_104705,AED,Active
ACC_1005583,CUST_104706,AED,Active
ACC_1005584,CUST_104707,AED,Active
ACC_1005585,CUST_104708,AED,Active
ACC_1005586,CUST_104709,AED,Active
ACC_1005587,CUST_104710,AED,Active
ACC_1005588,CUST_104711,AED,Active
ACC_1005589,CUST_104712,AED,Active
ACC_1005590,CUST_104713,EUR,Active
ACC_1005591,CUST_104714,AED,Active
ACC_1005592,CUST_104715,AED,Active
ACC_1005593,CUST_104716,AED,Active
ACC_1005594,CUST_104717,AED,Active
ACC_1005595,CUST_104717,AED,Active
ACC_1005596,CUST_104718,AED,Active
ACC_1005597,CUST_104719,AED,Active
ACC_1005598,CUST_104720,AED,Active
ACC_1005599,CUST_104721,AED,Active
ACC_1005600,CUST_104722,AED,Active
ACC_1005601,CUST_104722,AED,Active
ACC_1005602,CUST_104723,USD,Active
ACC_1005603,CUST_104723,USD,Active
ACC_1005604,CUST_104724,AED,Active
ACC_1005605,CUST_104725,USD,Active
ACC_1005606,CUST_104726,AED,Active
ACC_1005607,CUST_104726,AED,Active
ACC_1005608,CUST_104727,AED,Active
ACC_1005609,CUST_104728,AED,Active
ACC_1005610,CUST_104729,EUR,Active
ACC_1005611,CUST_104729,AED,Active
ACC_1005612,CUST_104730,EUR,Active
ACC_1005613,CUST_104731,AED,Active
ACC_1005614,CUST_104731,AED,Active
ACC_1005615,CUST_104732,USD,Active
ACC_1005616,CUST_104733,AED,Active
ACC_1005617,CUST_104733,AED,Active
ACC_1005618,CUST_104734,AED,Active
ACC_1005619,CUST_104735,AED,Active
ACC_1005620,CUST_104736,AED,Active
ACC_1005621,CUST_104736,AED,Active
ACC_1005622,CUST_104737,AED,Active
ACC_1005623,CUST_104738,AED,Active
ACC_1005624,CUST_104739,AED,Active
ACC_1005625,CUST_104740,AED,Active
ACC_1005626,CUST_104741,AED,Active
ACC_1005627,CUST_104742,AED,Active
ACC_1005628,CUST_104743,AED,Active
ACC_1005629,CUST_104744,AED,Active
ACC_1005630,CUST_104745,AED,Active
ACC_1005631,CUST_104746,AED,Active
ACC_1005632,CUST_104747,AED,Active
ACC_1005633,CUST_104748,AED,Active
ACC_1005634,CUST_104748,AED,Active
ACC_1005635,CUST_104749,AED,Active
ACC_1005636,CUST_104749,AED,Active
ACC_1005637,CUST_104750,AED,Active
ACC_1005638,CUST_104750,AED,Active
ACC_1005639,CUST_104751,AED,Active
ACC_1005640,CUST_104752,AED,Active
ACC_1005641,CUST_104753,AED,Active
ACC_1005642,CUST_104754,AED,Active
ACC_1005643,CUST_104755,USD,Active
ACC_1005644,CUST_104756,AED,Active
ACC_1005645,CUST_104757,AED,Active
ACC_1005646,CUST_104758,USD,Active
ACC_1005647,CUST_104759,AED,Active
ACC_1005648,CUST_104759,AED,Active
ACC_1005649,CUST_104760,AED,Active
ACC_1005650,CUST_104761,AED,Active
ACC_1005651,CUST_104762,USD,Active
ACC_1005652,CUST_104763,AED,Active
ACC_1005653,CUST_104764,AED,Active
ACC_1005654,CUST_104765,AED,Active
ACC_1005655,CUST_104766,EUR,Active
ACC_1005656,CUST_104767,AED,Active
ACC_1005657,CUST_104768,USD,Active
ACC_1005658,CUST_104769,USD,Active
ACC_1005659,CUST_104770,EUR,Active
ACC_1005660,CUST_104771,AED,Active
ACC_1005661,CUST_104772,AED,Active
ACC_1005662,CUST_104773,AED,Active
ACC_1005663,CUST_104774,AED,Active
ACC_1005664,CUST_104775,AED,Active
ACC_1005665,CUST_104775,AED,Active
ACC_1005666,CUST_104776,AED,Active
ACC_1005667,CUST_104777,AED,Active
ACC_1005668,CUST_104778,AED,Active
ACC_1005669,CUST_104779,AED,Active
ACC_1005670,CUST_104780,AED,Active
ACC_1005671,CUST_104781,AED,Active
ACC_1005672,CUST_104782,USD,Active
ACC_1005673,CUST_104783,AED,Active
ACC_1005674,CUST_104784,USD,Active
ACC_1005675,CUST_104785,AED,Active
ACC_1005676,CUST_104785,AED,Active
ACC_1005677,CUST_104786,USD,Active
ACC_1005678,CUST_104786,AED,Active
ACC_1005679,CUST_104787,AED,Active
ACC_1005680,CUST_104788,AED,Active
ACC_1005681,CUST_104789,AED,Active
ACC_1005682,CUST_104790,AED,Active
ACC_1005683,CUST_104791,AED,Active
ACC_1005684,CUST_104792,AED,Active
ACC_1005685,CUST_104793,AED,Active
ACC_1005686,CUST_104794,AED,Active
ACC_1005687,CUST_104794,AED,Active
ACC_1005688,CUST_104795,AED,Active
ACC_1005689,CUST_104796,AED,Active
ACC_1005690,CUST_104796,AED,Active
ACC_1005691,CUST_104797,AED,Active
ACC_1005692,CUST_104797,AED,Active
ACC_1005693,CUST_104798,AED,Active
ACC_1005694,CUST_104799,AED,Active
ACC_1005695,CUST_104800,AED,Active
ACC_1005696,CUST_104800,AED,Active
ACC_1005697,CUST_104801,AED,Active
ACC_1005698,CUST_104801,AED,Active
ACC_1005699,CUST_104802,AED,Active
ACC_1005700,CUST_104803,AED,Active
ACC_1005701,CUST_104803,AED,Active
ACC_1005702,CUST_104804,AED,Active
ACC_1005703,CUST_104805,AED,Active
ACC_1005704,CUST_104806,AED,Active
ACC_1005705,CUST_104806,USD,Active
ACC_1005706,CUST_104807,AED,Active
ACC_1005707,CUST_104808,USD,Active
ACC_1005708,CUST_104808,AED,Active
ACC_1005709,CUST_104809,AED,Active
ACC_1005710,CUST_104810,EUR,Active
ACC_1005711,CUST_104811,AED,Active
ACC_1005712,CUST_104811,AED,Active
ACC_1005713,CUST_104812,USD,Active
ACC_1005714,CUST_104813,USD,Active
ACC_1005715,CUST_104813,AED,Active
ACC_1005716,CUST_104814,AED,Active
ACC_1005717,CUST_104815,USD,Active
ACC_1005718,CUST_104816,AED,Active
ACC_1005719,CUST_104817,AED,Active
ACC_1005720,CUST_104818,AED,Active
ACC_1005721,CUST_104819,AED,Active
ACC_1005722,CUST_104820,AED,Active
ACC_1005723,CUST_104820,USD,Active
ACC_1005724,CUST_104821,AED,Active
ACC_1005725,CUST_104821,AED,Active
ACC_1005726,CUST_104822,AED,Active
ACC_1005727,CUST_104823,AED,Active
ACC_1005728,CUST_104823,AED,Active
ACC_1005729,CUST_104824,AED,Active
ACC_1005730,CUST_104825,AED,Active
ACC_1005731,CUST_104826,AED,Active
ACC_1005732,CUST_104827,AED,Active
ACC_1005733,CUST_104828,AED,Active
ACC_1005734,CUST_104829,AED,Active
ACC_1005735,CUST_104830,AED,Active
ACC_1005736,CUST_104831,AED,Active
ACC_1005737,CUST_104832,EUR,Active
ACC_1005738,CUST_104833,EUR,Active
ACC_1005739,CUST_104833,AED,Active
ACC_1005740,CUST_104834,AED,Active
ACC_1005741,CUST_104835,AED,Active
ACC_1005742,CUST_104836,AED,Active
ACC_1005743,CUST_104837,USD,Active
ACC_1005744,CUST_104838,AED,Active
ACC_1005745,CUST_104839,AED,Active
ACC_1005746,CUST_104840,AED,Active
ACC_1005747,CUST_104840,USD,Active
ACC_1005748,CUST_104841,AED,Active
ACC_1005749,CUST_104841,AED,Active
ACC_1005750,CUST_104842,AED,Active
ACC_1005751,CUST_104842,AED,Active
ACC_1005752,CUST_104843,AED,Active
ACC_1005753,CUST_104844,AED,Active
ACC_1005754,CUST_104845,AED,Active
ACC_1005755,CUST_104846,AED,Active
ACC_1005756,CUST_104847,AED,Active
ACC_1005757,CUST_104848,AED,Active
ACC_1005758,CUST_104849,EUR,Active
ACC_1005759,CUST_104850,USD,Active
ACC_1005760,CUST_104851,AED,Active
ACC_1005761,CUST_104852,AED,Active
ACC_1005762,CUST_104853,AED,Active
ACC_1005763,CUST_104853,AED,Active
ACC_1005764,CUST_104854,AED,Active
ACC_1005765,CUST_104855,AED,Active
ACC_1005766,CUST_104856,AED,Active
ACC_1005767,CUST_104857,AED,Active
ACC_1005768,CUST_104857,AED,Active
ACC_1005769,CUST_104858,AED,Active
ACC_1005770,CUST_104859,AED,Active
ACC_1005771,CUST_104859,AED,Active
ACC_1005772,CUST_104860,AED,Active
ACC_1005773,CUST_104860,AED,Active
ACC_1005774,CUST_104861,AED,Active
ACC_1005775,CUST_104862,AED,Active
ACC_1005776,CUST_104863,AED,Active
ACC_1005777,CUST_104863,AED,Active
ACC_1005778,CUST_104864,AED,Active
ACC_1005779,CUST_104865,AED,Active
ACC_1005780,CUST_104866,USD,Active
ACC_1005781,CUST_104867,AED,Active
ACC_1005782,CUST_104868,AED,Active
ACC_1005783,CUST_104869,AED,Active
ACC_1005784,CUST_104870,AED,Active
ACC_1005785,CUST_104871,EUR,Active
ACC_1005786,CUST_104872,AED,Active
ACC_1005787,CUST_104873,AED,Active
ACC_1005788,CUST_104874,AED,Active
ACC_1005789,CUST_104874,AED,Active
ACC_1005790,CUST_104875,AED,Active
ACC_1005791,CUST_104876,AED,Active
ACC_1005792,CUST_104877,USD,Active
ACC_1005793,CUST_104878,AED,Active
ACC_1005794,CUST_104879,AED,Active
ACC_1005795,CUST_104880,AED,Active
ACC_1005796,CUST_104881,AED,Active
ACC_1005797,CUST_104882,AED,Active
ACC_1005798,CUST_104883,AED,Active
ACC_1005799,CUST_104883,EUR,Active
ACC_1005800,CUST_104884,AED,Active
ACC_1005801,CUST_104885,AED,Active
ACC_1005802,CUST_104886,AED,Active
ACC_1005803,CUST_104887,AED,Active
ACC_1005804,CUST_104888,AED,Active
ACC_1005805,CUST_104889,AED,Active
ACC_1005806,CUST_104890,EUR,Active
ACC_1005807,CUST_104891,AED,Active
ACC_1005808,CUST_104892,AED,Active
ACC_1005809,CUST_104892,AED,Active
ACC_1005810,CUST_104893,AED,Active
ACC_1005811,CUST_104894,AED,Active
ACC_1005812,CUST_104895,AED,Active
ACC_1005813,CUST_104896,AED,Active
ACC_1005814,CUST_104897,AED,Active
ACC_1005815,CUST_104898,AED,Active
ACC_1005816,CUST_104899,AED,Active
ACC_1005817,CUST_104900,AED,Active
ACC_1005818,CUST_104901,AED,Active
ACC_1005819,CUST_104902,AED,Active
ACC_1005820,CUST_104903,AED,Active
ACC_1005821,CUST_104904,AED,Active
ACC_1005822,CUST_104905,AED,Active
ACC_1005823,CUST_104906,AED,Active
ACC_1005824,CUST_104906,USD,Active
ACC_1005825,CUST_104907,AED,Active
ACC_1005826,CUST_104908,AED,Active
ACC_1005827,CUST_104909,USD,Active
ACC_1005828,CUST_104910,AED,Active
ACC_1005829,CUST_104911,AED,Active
ACC_1005830,CUST_104912,AED,Active
ACC_1005831,CUST_104913,AED,Active
ACC_1005832,CUST_104914,AED,Active
ACC_1005833,CUST_104915,AED,Active
ACC_1005834,CUST_104916,USD,Active
ACC_1005835,CUST_104917,AED,Active
ACC_1005836,CUST_104917,USD,Active
ACC_1005837,CUST_104918,USD,Active
ACC_1005838,CUST_104918,AED,Active
ACC_1005839,CUST_104919,AED,Active
ACC_1005840,CUST_104920,AED,Active
ACC_1005841,CUST_104921,AED,Active
ACC_1005842,CUST_104921,AED,Active
ACC_1005843,CUST_104922,AED,Active
ACC_1005844,CUST_104922,AED,Active
ACC_1005845,CUST_104923,AED,Active
ACC_1005846,CUST_104924,USD,Active
ACC_1005847,CUST_104925,AED,Active
ACC_1005848,CUST_104925,AED,Active
ACC_1005849,CUST_104926,AED,Active
ACC_1005850,CUST_104926,AED,Active
ACC_1005851,CUST_104927,AED,Active
ACC_1005852,CUST_104928,AED,Active
ACC_1005853,CUST_104929,AED,Active
ACC_1005854,CUST_104930,AED,Active
ACC_1005855,CUST_104930,AED,Active
ACC_1005856,CUST_104931,AED,Active
ACC_1005857,CUST_104932,AED,Active
ACC_1005858,CUST_104933,USD,Active
ACC_1005859,CUST_104933,AED,Active
ACC_1005860,CUST_104934,AED,Active
ACC_1005861,CUST_104935,AED,Active
ACC_1005862,CUST_104936,AED,Active
ACC_1005863,CUST_104937,USD,Active
ACC_1005864,CUST_104938,AED,Active
ACC_1005865,CUST_104938,AED,Active
ACC_1005866,CUST_104939,AED,Active
ACC_1005867,CUST_104940,AED,Active
ACC_1005868,CUST_104941,AED,Active
ACC_1005869,CUST_104942,AED,Active
ACC_1005870,CUST_104942,AED,Active
ACC_1005871,CUST_104943,AED,Active
ACC_1005872,CUST_104944,AED,Active
ACC_1005873,CUST_104945,AED,Active
ACC_1005874,CUST_104946,AED,Active
ACC_1005875,CUST_104947,AED,Active
ACC_1005876,CUST_104948,AED,Active
ACC_1005877,CUST_104949,AED,Active
ACC_1005878,CUST_104950,AED,Active
ACC_1005879,CUST_104951,AED,Active
ACC_1005880,CUST_104952,USD,Active
ACC_1005881,CUST_104953,AED,Active
ACC_1005882,CUST_104953,AED,Active
ACC_1005883,CUST_104954,EUR,Active
ACC_1005884,CUST_104955,AED,Active
ACC_1005885,CUST_104956,USD,Active
ACC_1005886,CUST_104956,AED,Active
ACC_1005887,CUST_104957,USD,Active
ACC_1005888,CUST_104958,AED,Active
ACC_1005889,CUST_104959,AED,Active
ACC_1005890,CUST_104959,AED,Active
ACC_1005891,CUST_104960,AED,Active
ACC_1005892,CUST_104960,USD,Active
ACC_1005893,CUST_104961,AED,Active
ACC_1005894,CUST_104961,AED,Active
ACC_1005895,CUST_104962,AED,Active
ACC_1005896,CUST_104962,AED,Active
ACC_1005897,CUST_104963,AED,Active
ACC_1005898,CUST_104963,USD,Active
ACC_1005899,CUST_104964,AED,Active
ACC_1005900,CUST_104964,AED,Active
ACC_1005901,CUST_104965,AED,Active
ACC_1005902,CUST_104965,AED,Active
ACC_1005903,CUST_104966,EUR,Active
ACC_1005904,CUST_104967,AED,Active
ACC_1005905,CUST_104968,AED,Active
ACC_1005906,CUST_104969,AED,Active
ACC_1005907,CUST_104970,AED,Active
ACC_1005908,CUST_104971,USD,Active
ACC_1005909,CUST_104972,AED,Active
ACC_1005910,CUST_104973,AED,Active
ACC_1005911,CUST_104974,AED,Active
ACC_1005912,CUST_104974,USD,Active
ACC_1005913,CUST_104975,AED,Active
ACC_1005914,CUST_104976,AED,Active
ACC_1005915,CUST_104977,AED,Active
ACC_1005916,CUST_104977,AED,Active
ACC_1005917,CUST_104978,EUR,Active
ACC_1005918,CUST_104979,AED,Active
ACC_1005919,CUST_104980,USD,Active
ACC_1005920,CUST_104981,AED,Active
ACC_1005921,CUST_104982,USD,Active
ACC_1005922,CUST_104982,AED,Active
ACC_1005923,CUST_104983,AED,Active
ACC_1005924,CUST_104984,AED,Active
ACC_1005925,CUST_104985,AED,Active
ACC_1005926,CUST_104985,AED,Active
ACC_1005927,CUST_104986,AED,Active
ACC_1005928,CUST_104986,AED,Active
ACC_1005929,CUST_104987,AED,Active
ACC_1005930,CUST_104988,AED,Active
ACC_1005931,CUST_104988,AED,Active
ACC_1005932,CUST_104989,AED,Active
ACC_1005933,CUST_104990,AED,Active
ACC_1005934,CUST_104991,AED,Active
ACC_1005935,CUST_104992,AED,Active
ACC_1005936,CUST_104993,AED,Active
ACC_1005937,CUST_104993,AED,Active
ACC_1005938,CUST_104994,AED,Active
ACC_1005939,CUST_104995,AED,Active
ACC_1005940,CUST_104996,AED,Active
ACC_1005941,CUST_104997,AED,Active
ACC_1005942,CUST_104997,AED,Active
ACC_1005943,CUST_104998,AED,Active
ACC_1005944,CUST_104999,AED,Active
ACC_1005945,CUST_105000,EUR,Active
ACC_1005946,CUST_105001,AED,Active
ACC_1005947,CUST_105002,AED,Active
ACC_1005948,CUST_105003,AED,Active
ACC_1005949,CUST_105004,AED,Active
ACC_1005950,CUST_105005,AED,Active
ACC_1005951,CUST_105006,AED,Active
ACC_1005952,CUST_105007,AED,Active
ACC_1005953,CUST_105008,AED,Active
ACC_1005954,CUST_105009,USD,Active
ACC_1005955,CUST_105010,AED,Active
ACC_1005956,CUST_105011,EUR,Active
ACC_1005957,CUST_105012,USD,Active
ACC_1005958,CUST_105013,AED,Active
ACC_1005959,CUST_105013,AED,Active
ACC_1005960,CUST_105014,AED,Active
ACC_1005961,CUST_105015,AED,Active
ACC_1005962,CUST_105016,AED,Active
ACC_1005963,CUST_105017,AED,Active
ACC_1005964,CUST_105017,AED,Active
ACC_1005965,CUST_105018,AED,Active
ACC_1005966,CUST_105019,AED,Active
ACC_1005967,CUST_105020,EUR,Active
ACC_1005968,CUST_105021,AED,Active
ACC_1005969,CUST_105021,AED,Active
ACC_1005970,CUST_105022,AED,Active
ACC_1005971,CUST_105023,AED,Active
ACC_1005972,CUST_105024,AED,Active
ACC_1005973,CUST_105025,AED,Active
ACC_1005974,CUST_105026,AED,Active
ACC_1005975,CUST_105027,AED,Active
ACC_1005976,CUST_105028,AED,Active
ACC_1005977,CUST_105029,AED,Active
ACC_1005978,CUST_105030,AED,Active
ACC_1005979,CUST_105031,USD,Active
ACC_1005980,CUST_105031,AED,Active
ACC_1005981,CUST_105032,AED,Active
ACC_1005982,CUST_105033,AED,Active
ACC_1005983,CUST_105033,USD,Active
ACC_1005984,CUST_105034,USD,Active
ACC_1005985,CUST_105035,AED,Active
ACC_1005986,CUST_105036,USD,Active
ACC_1005987,CUST_105037,AED,Active
ACC_1005988,CUST_105038,AED,Active
ACC_1005989,CUST_105038,AED,Active
ACC_1005990,CUST_105039,AED,Active
ACC_1005991,CUST_105040,AED,Active
ACC_1005992,CUST_105041,AED,Active
ACC_1005993,CUST_105042,AED,Active
ACC_1005994,CUST_105043,AED,Active
ACC_1005995,CUST_105044,AED,Active
ACC_1005996,CUST_105045,AED,Active
ACC_1005997,CUST_105046,AED,Active
ACC_1005998,CUST_105047,AED,Active
ACC_1005999,CUST_105048,AED,Active
ACC_1006000,CUST_105049,AED,Active
ACC_1006001,CUST_105050,AED,Active
ACC_1006002,CUST_105051,AED,Active
ACC_1006003,CUST_105051,AED,Active
ACC_1006004,CUST_105052,AED,Active
ACC_1006005,CUST_105052,AED,Active
ACC_1006006,CUST_105053,AED,Active
ACC_1006007,CUST_105054,AED,Active
ACC_1006008,CUST_105055,AED,Active
ACC_1006009,CUST_105056,AED,Active
ACC_1006010,CUST_105057,AED,Active
ACC_1006011,CUST_105058,AED,Active
ACC_1006012,CUST_105059,AED,Active
ACC_1006013,CUST_105060,AED,Active
ACC_1006014,CUST_105061,AED,Active
ACC_1006015,CUST_105062,AED,Active
ACC_1006016,CUST_105063,AED,Active
ACC_1006017,CUST_105064,EUR,Active
ACC_1006018,CUST_105065,AED,Active
ACC_1006019,CUST_105066,AED,Active
ACC_1006020,CUST_105067,AED,Active
ACC_1006021,CUST_105068,AED,Active
ACC_1006022,CUST_105069,AED,Active
ACC_1006023,CUST_105070,AED,Active
ACC_1006024,CUST_105071,AED,Active
ACC_1006025,CUST_105072,AED,Active
ACC_1006026,CUST_105073,AED,Active
ACC_1006027,CUST_105074,AED,Active
ACC_1006028,CUST_105075,AED,Active
ACC_1006029,CUST_105076,AED,Active
ACC_1006030,CUST_105077,AED,Active
ACC_1006031,CUST_105078,AED,Active
ACC_1006032,CUST_105079,AED,Active
ACC_1006033,CUST_105080,AED,Active
ACC_1006034,CUST_105080,AED,Active
ACC_1006035,CUST_105081,AED,Active
ACC_1006036,CUST_105082,AED,Active
ACC_1006037,CUST_105083,USD,Active
ACC_1006038,CUST_105084,AED,Active
ACC_1006039,CUST_105085,AED,Active
ACC_1006040,CUST_105086,AED,Active
ACC_1006041,CUST_105087,AED,Active
ACC_1006042,CUST_105088,USD,Active
ACC_1006043,CUST_105089,AED,Active
ACC_1006044,CUST_105090,AED,Active
ACC_1006045,CUST_105091,AED,Active
ACC_1006046,CUST_105092,AED,Active
ACC_1006047,CUST_105093,AED,Active
ACC_1006048,CUST_105094,AED,Active
ACC_1006049,CUST_105095,AED,Active
ACC_1006050,CUST_105096,AED,Active
ACC_1006051,CUST_105097,AED,Active
ACC_1006052,CUST_105098,AED,Active
ACC_1006053,CUST_105099,AED,Active
ACC_1006054,CUST_105100,AED,Active
ACC_1006055,CUST_105100,USD,Active
ACC_1006056,CUST_105101,AED,Active
ACC_1006057,CUST_105102,AED,Active
ACC_1006058,CUST_105103,AED,Active
ACC_1006059,CUST_105103,AED,Active
ACC_1006060,CUST_105104,AED,Active
ACC_1006061,CUST_105105,AED,Active
ACC_1006062,CUST_105106,AED,Active
ACC_1006063,CUST_105107,AED,Active
ACC_1006064,CUST_105107,AED,Active
ACC_1006065,CUST_105108,AED,Active
ACC_1006066,CUST_105109,USD,Active
ACC_1006067,CUST_105110,AED,Active
ACC_1006068,CUST_105111,AED,Active
ACC_1006069,CUST_105112,AED,Active
ACC_1006070,CUST_105113,AED,Active
ACC_1006071,CUST_105114,AED,Active
ACC_1006072,CUST_105114,AED,Active
ACC_1006073,CUST_105115,AED,Active
ACC_1006074,CUST_105115,AED,Active
ACC_1006075,CUST_105116,USD,Active
ACC_1006076,CUST_105117,AED,Active
ACC_1006077,CUST_105118,AED,Active
ACC_1006078,CUST_105119,AED,Active
ACC_1006079,CUST_105120,AED,Active
ACC_1006080,CUST_105121,AED,Active
ACC_1006081,CUST_105122,AED,Active
ACC_1006082,CUST_105123,USD,Active
ACC_1006083,CUST_105124,AED,Active
ACC_1006084,CUST_105124,AED,Active
ACC_1006085,CUST_105125,AED,Active
ACC_1006086,CUST_105126,USD,Active
ACC_1006087,CUST_105127,AED,Active
ACC_1006088,CUST_105128,AED,Active
ACC_1006089,CUST_105129,AED,Active
ACC_1006090,CUST_105130,USD,Active
ACC_1006091,CUST_105131,AED,Active
ACC_1006092,CUST_105132,USD,Active
ACC_1006093,CUST_105133,AED,Active
ACC_1006094,CUST_105134,AED,Active
ACC_1006095,CUST_105134,AED,Active
ACC_1006096,CUST_105135,AED,Active
ACC_1006097,CUST_105136,AED,Active
ACC_1006098,CUST_105137,AED,Active
ACC_1006099,CUST_105138,AED,Active
ACC_1006100,CUST_105139,AED,Active
ACC_1006101,CUST_105140,AED,Active
ACC_1006102,CUST_105141,AED,Active
ACC_1006103,CUST_105142,AED,Active
ACC_1006104,CUST_105143,AED,Active
ACC_1006105,CUST_105144,AED,Active
ACC_1006106,CUST_105145,AED,Active
ACC_1006107,CUST_105146,AED,Active
ACC_1006108,CUST_105147,AED,Active
ACC_1006109,CUST_105148,AED,Active
ACC_1006110,CUST_105149,AED,Active
ACC_1006111,CUST_105149,AED,Active
ACC_1006112,CUST_105150,AED,Active
ACC_1006113,CUST_105151,AED,Active
ACC_1006114,CUST_105152,AED,Active
ACC_1006115,CUST_105153,AED,Active
ACC_1006116,CUST_105154,AED,Active
ACC_1006117,CUST_105154,AED,Active
ACC_1006118,CUST_105155,AED,Active
ACC_1006119,CUST_105155,AED,Active
ACC_1006120,CUST_105156,AED,Active
ACC_1006121,CUST_105156,AED,Active
ACC_1006122,CUST_105157,AED,Active
ACC_1006123,CUST_105157,AED,Active
ACC_1006124,CUST_105158,AED,Active
ACC_1006125,CUST_105159,USD,Active
ACC_1006126,CUST_105160,AED,Active
ACC_1006127,CUST_105161,AED,Active
ACC_1006128,CUST_105162,EUR,Active
ACC_1006129,CUST_105163,USD,Active
ACC_1006130,CUST_105164,AED,Active
ACC_1006131,CUST_105165,AED,Active
ACC_1006132,CUST_105165,AED,Active
ACC_1006133,CUST_105166,AED,Active
ACC_1006134,CUST_105167,USD,Active
ACC_1006135,CUST_105168,AED,Active
ACC_1006136,CUST_105168,AED,Active
ACC_1006137,CUST_105169,AED,Active
ACC_1006138,CUST_105170,AED,Active
ACC_1006139,CUST_105171,AED,Active
ACC_1006140,CUST_105172,AED,Active
ACC_1006141,CUST_105173,AED,Active
ACC_1006142,CUST_105174,AED,Active
ACC_1006143,CUST_105175,USD,Active
ACC_1006144,CUST_105176,AED,Active
ACC_1006145,CUST_105177,AED,Active
ACC_1006146,CUST_105178,AED,Active
ACC_1006147,CUST_105179,AED,Active
ACC_1006148,CUST_105180,EUR,Active
ACC_1006149,CUST_105181,AED,Active
ACC_1006150,CUST_105182,AED,Active
ACC_1006151,CUST_105183,AED,Active
ACC_1006152,CUST_105183,AED,Active
ACC_1006153,CUST_105184,USD,Active
ACC_1006154,CUST_105185,AED,Active
ACC_1006155,CUST_105185,USD,Active
ACC_1006156,CUST_105186,AED,Active
ACC_1006157,CUST_105187,AED,Active
ACC_1006158,CUST_105188,AED,Active
ACC_1006159,CUST_105188,USD,Active
ACC_1006160,CUST_105189,AED,Active
ACC_1006161,CUST_105190,AED,Active
ACC_1006162,CUST_105190,AED,Active
ACC_1006163,CUST_105191,USD,Active
ACC_1006164,CUST_105192,AED,Active
ACC_1006165,CUST_105193,AED,Active
ACC_1006166,CUST_105193,AED,Active
ACC_1006167,CUST_105194,AED,Active
ACC_1006168,CUST_105195,AED,Active
ACC_1006169,CUST_105196,AED,Active
ACC_1006170,CUST_105196,EUR,Active
ACC_1006171,CUST_105197,AED,Active
ACC_1006172,CUST_105198,AED,Active
ACC_1006173,CUST_105199,AED,Active
ACC_1006174,CUST_105200,AED,Active
ACC_1006175,CUST_105201,USD,Active
ACC_1006176,CUST_105202,AED,Active
ACC_1006177,CUST_105203,EUR,Active
ACC_1006178,CUST_105203,AED,Active
ACC_1006179,CUST_105204,AED,Active
ACC_1006180,CUST_105205,AED,Active
ACC_1006181,CUST_105206,AED,Active
ACC_1006182,CUST_105207,AED,Active
ACC_1006183,CUST_105208,EUR,Active
ACC_1006184,CUST_105209,AED,Active
ACC_1006185,CUST_105210,AED,Active
ACC_1006186,CUST_105211,AED,Active
ACC_1006187,CUST_105212,AED,Active
ACC_1006188,CUST_105213,EUR,Active
ACC_1006189,CUST_105214,AED,Active
ACC_1006190,CUST_105214,AED,Active
ACC_1006191,CUST_105215,AED,Active
ACC_1006192,CUST_105216,AED,Active
ACC_1006193,CUST_105217,AED,Active
ACC_1006194,CUST_105217,AED,Active
ACC_1006195,CUST_105218,AED,Active
ACC_1006196,CUST_105219,AED,Active
ACC_1006197,CUST_105220,USD,Active
ACC_1006198,CUST_105220,AED,Active
ACC_1006199,CUST_105221,AED,Active
ACC_1006200,CUST_105222,AED,Active
ACC_1006201,CUST_105223,AED,Active
ACC_1006202,CUST_105223,AED,Active
ACC_1006203,CUST_105224,AED,Active
ACC_1006204,CUST_105225,USD,Active
ACC_1006205,CUST_105225,AED,Active
ACC_1006206,CUST_105226,AED,Active
ACC_1006207,CUST_105227,AED,Active
ACC_1006208,CUST_105228,AED,Active
ACC_1006209,CUST_105229,AED,Active
ACC_1006210,CUST_105230,AED,Active
ACC_1006211,CUST_105230,USD,Active
ACC_1006212,CUST_105231,AED,Active
ACC_1006213,CUST_105232,AED,Active
ACC_1006214,CUST_105233,AED,Active
ACC_1006215,CUST_105234,AED,Active
ACC_1006216,CUST_105235,AED,Active
ACC_1006217,CUST_105236,USD,Active
ACC_1006218,CUST_105237,AED,Active
ACC_1006219,CUST_105238,AED,Active
ACC_1006220,CUST_105238,AED,Active
ACC_1006221,CUST_105239,USD,Active
ACC_1006222,CUST_105240,USD,Active
ACC_1006223,CUST_105241,AED,Active
ACC_1006224,CUST_105242,AED,Active
ACC_1006225,CUST_105243,AED,Active
ACC_1006226,CUST_105244,AED,Active
ACC_1006227,CUST_105245,AED,Active
ACC_1006228,CUST_105246,AED,Active
ACC_1006229,CUST_105246,AED,Active
ACC_1006230,CUST_105247,AED,Active
ACC_1006231,CUST_105247,AED,Active
ACC_1006232,CUST_105248,AED,Active
ACC_1006233,CUST_105249,AED,Active
ACC_1006234,CUST_105250,AED,Active
ACC_1006235,CUST_105251,AED,Active
ACC_1006236,CUST_105252,EUR,Active
ACC_1006237,CUST_105253,AED,Active
ACC_1006238,CUST_105254,AED,Active
ACC_1006239,CUST_105255,AED,Active
ACC_1006240,CUST_105256,AED,Active
ACC_1006241,CUST_105257,AED,Active
ACC_1006242,CUST_105257,AED,Active
ACC_1006243,CUST_105258,AED,Active
ACC_1006244,CUST_105259,AED,Active
ACC_1006245,CUST_105260,AED,Active
ACC_1006246,CUST_105261,AED,Active
ACC_1006247,CUST_105262,AED,Active
ACC_1006248,CUST_105263,AED,Active
ACC_1006249,CUST_105264,AED,Active
ACC_1006250,CUST_105265,AED,Active
ACC_1006251,CUST_105266,AED,Active
ACC_1006252,CUST_105266,AED,Active
ACC_1006253,CUST_105267,AED,Active
ACC_1006254,CUST_105268,AED,Active
ACC_1006255,CUST_105269,USD,Active
ACC_1006256,CUST_105270,AED,Active
ACC_1006257,CUST_105271,AED,Active
ACC_1006258,CUST_105272,AED,Active
ACC_1006259,CUST_105273,AED,Active
ACC_1006260,CUST_105274,AED,Active
ACC_1006261,CUST_105275,AED,Active
ACC_1006262,CUST_105276,AED,Active
ACC_1006263,CUST_105277,AED,Active
ACC_1006264,CUST_105278,AED,Active
ACC_1006265,CUST_105279,AED,Active
ACC_1006266,CUST_105280,AED,Active
ACC_1006267,CUST_105281,AED,Active
ACC_1006268,CUST_105281,AED,Active
ACC_1006269,CUST_105282,AED,Active
ACC_1006270,CUST_105283,AED,Active
ACC_1006271,CUST_105284,AED,Active
ACC_1006272,CUST_105284,AED,Active
ACC_1006273,CUST_105285,AED,Active
ACC_1006274,CUST_105286,AED,Active
ACC_1006275,CUST_105287,AED,Active
ACC_1006276,CUST_105288,EUR,Active
ACC_1006277,CUST_105288,AED,Active
ACC_1006278,CUST_105289,AED,Active
ACC_1006279,CUST_105290,AED,Active
ACC_1006280,CUST_105291,AED,Active
ACC_1006281,CUST_105292,AED,Active
ACC_1006282,CUST_105292,AED,Active
ACC_1006283,CUST_105293,AED,Active
ACC_1006284,CUST_105294,AED,Active
ACC_1006285,CUST_105295,AED,Active
ACC_1006286,CUST_105296,AED,Active
ACC_1006287,CUST_105297,AED,Active
ACC_1006288,CUST_105298,USD,Active
ACC_1006289,CUST_105299,AED,Active
ACC_1006290,CUST_105300,AED,Active
ACC_1006291,CUST_105300,AED,Active
ACC_1006292,CUST_105301,AED,Active
ACC_1006293,CUST_105302,AED,Active
ACC_1006294,CUST_105303,AED,Active
ACC_1006295,CUST_105304,AED,Active
ACC_1006296,CUST_105305,AED,Active
ACC_1006297,CUST_105306,AED,Active
ACC_1006298,CUST_105306,AED,Active
ACC_1006299,CUST_105307,AED,Active
ACC_1006300,CUST_105308,AED,Active
ACC_1006301,CUST_105309,AED,Active
ACC_1006302,CUST_105310,AED,Active
ACC_1006303,CUST_105310,AED,Active
ACC_1006304,CUST_105311,AED,Active
ACC_1006305,CUST_105312,EUR,Active
ACC_1006306,CUST_105313,AED,Active
ACC_1006307,CUST_105314,AED,Active
ACC_1006308,CUST_105315,AED,Active
ACC_1006309,CUST_105316,AED,Active
ACC_1006310,CUST_105317,AED,Active
ACC_1006311,CUST_105318,AED,Active
ACC_1006312,CUST_105319,AED,Active
ACC_1006313,CUST_105320,EUR,Active
ACC_1006314,CUST_105320,USD,Active
ACC_1006315,CUST_105321,AED,Active
ACC_1006316,CUST_105322,AED,Active
ACC_1006317,CUST_105323,AED,Active
ACC_1006318,CUST_105324,AED,Active
ACC_1006319,CUST_105325,AED,Active
ACC_1006320,CUST_105325,USD,Active
ACC_1006321,CUST_105326,AED,Active
ACC_1006322,CUST_105327,USD,Active
ACC_1006323,CUST_105328,AED,Active
ACC_1006324,CUST_105329,AED,Active
ACC_1006325,CUST_105330,AED,Active
ACC_1006326,CUST_105331,AED,Active
ACC_1006327,CUST_105332,AED,Active
ACC_1006328,CUST_105333,AED,Active
ACC_1006329,CUST_105334,AED,Active
ACC_1006330,CUST_105335,AED,Active
ACC_1006331,CUST_105336,USD,Active
ACC_1006332,CUST_105337,AED,Active
ACC_1006333,CUST_105337,AED,Active
ACC_1006334,CUST_105338,AED,Active
ACC_1006335,CUST_105339,AED,Active
ACC_1006336,CUST_105340,AED,Active
ACC_1006337,CUST_105341,AED,Active
ACC_1006338,CUST_105342,AED,Active
ACC_1006339,CUST_105342,USD,Active
ACC_1006340,CUST_105343,AED,Active
ACC_1006341,CUST_105344,AED,Active
ACC_1006342,CUST_105344,AED,Active
ACC_1006343,CUST_105345,AED,Active
ACC_1006344,CUST_105345,AED,Active
ACC_1006345,CUST_105346,AED,Active
ACC_1006346,CUST_105347,USD,Active
ACC_1006347,CUST_105348,AED,Active
ACC_1006348,CUST_105349,EUR,Active
ACC_1006349,CUST_105350,AED,Active
ACC_1006350,CUST_105350,AED,Active
ACC_1006351,CUST_105351,USD,Active
ACC_1006352,CUST_105352,AED,Active
ACC_1006353,CUST_105353,AED,Active
ACC_1006354,CUST_105353,EUR,Active
ACC_1006355,CUST_105354,AED,Active
ACC_1006356,CUST_105355,AED,Active
ACC_1006357,CUST_105355,AED,Active
ACC_1006358,CUST_105356,AED,Active
ACC_1006359,CUST_105357,AED,Active
ACC_1006360,CUST_105358,AED,Active
ACC_1006361,CUST_105358,AED,Active
ACC_1006362,CUST_105359,AED,Active
ACC_1006363,CUST_105360,AED,Active
ACC_1006364,CUST_105361,EUR,Active
ACC_1006365,CUST_105362,AED,Active
ACC_1006366,CUST_105362,AED,Active
ACC_1006367,CUST_105363,AED,Active
ACC_1006368,CUST_105364,AED,Active
ACC_1006369,CUST_105365,EUR,Active
ACC_1006370,CUST_105366,AED,Active
ACC_1006371,CUST_105367,AED,Active
ACC_1006372,CUST_105368,AED,Active
ACC_1006373,CUST_105369,AED,Active
ACC_1006374,CUST_105370,EUR,Active
ACC_1006375,CUST_105371,AED,Active
ACC_1006376,CUST_105372,AED,Active
ACC_1006377,CUST_105372,AED,Active
ACC_1006378,CUST_105373,AED,Active
ACC_1006379,CUST_105374,AED,Active
ACC_1006380,CUST_105374,EUR,Active
ACC_1006381,CUST_105375,AED,Active
ACC_1006382,CUST_105376,AED,Active
ACC_1006383,CUST_105377,AED,Active
ACC_1006384,CUST_105378,AED,Active
ACC_1006385,CUST_105379,AED,Active
ACC_1006386,CUST_105380,AED,Active
ACC_1006387,CUST_105381,AED,Active
ACC_1006388,CUST_105381,AED,Active
ACC_1006389,CUST_105382,AED,Active
ACC_1006390,CUST_105383,EUR,Active
ACC_1006391,CUST_105384,AED,Active
ACC_1006392,CUST_105385,AED,Active
ACC_1006393,CUST_105385,AED,Active
ACC_1006394,CUST_105386,AED,Active
ACC_1006395,CUST_105387,AED,Active
ACC_1006396,CUST_105388,AED,Active
ACC_1006397,CUST_105389,AED,Active
ACC_1006398,CUST_105389,AED,Active
ACC_1006399,CUST_105390,AED,Active
ACC_1006400,CUST_105390,AED,Active
ACC_1006401,CUST_105391,EUR,Active
ACC_1006402,CUST_105392,EUR,Active
ACC_1006403,CUST_105393,AED,Active
ACC_1006404,CUST_105394,AED,Active
ACC_1006405,CUST_105394,AED,Active
ACC_1006406,CUST_105395,AED,Active
ACC_1006407,CUST_105396,AED,Active
ACC_1006408,CUST_105396,AED,Active
ACC_1006409,CUST_105397,USD,Active
ACC_1006410,CUST_105398,AED,Active
ACC_1006411,CUST_105399,AED,Active
ACC_1006412,CUST_105400,AED,Active
ACC_1006413,CUST_105401,AED,Active
ACC_1006414,CUST_105401,AED,Active
ACC_1006415,CUST_105402,AED,Active
ACC_1006416,CUST_105403,USD,Active
ACC_1006417,CUST_105404,USD,Active
ACC_1006418,CUST_105405,AED,Active
ACC_1006419,CUST_105406,AED,Active
ACC_1006420,CUST_105407,EUR,Active
ACC_1006421,CUST_105407,AED,Active
ACC_1006422,CUST_105408,AED,Active
ACC_1006423,CUST_105409,AED,Active
ACC_1006424,CUST_105410,AED,Active
ACC_1006425,CUST_105411,AED,Active
ACC_1006426,CUST_105412,AED,Active
ACC_1006427,CUST_105413,AED,Active
ACC_1006428,CUST_105414,AED,Active
ACC_1006429,CUST_105415,AED,Active
ACC_1006430,CUST_105416,AED,Active
ACC_1006431,CUST_105417,AED,Active
ACC_1006432,CUST_105417,USD,Active
ACC_1006433,CUST_105418,AED,Active
ACC_1006434,CUST_105419,AED,Active
ACC_1006435,CUST_105419,AED,Active
ACC_1006436,CUST_105420,AED,Active
ACC_1006437,CUST_105421,AED,Active
ACC_1006438,CUST_105422,EUR,Active
ACC_1006439,CUST_105423,AED,Active
ACC_1006440,CUST_105423,AED,Active
ACC_1006441,CUST_105424,AED,Active
ACC_1006442,CUST_105425,AED,Active
ACC_1006443,CUST_105426,AED,Active
ACC_1006444,CUST_105427,USD,Active
ACC_1006445,CUST_105428,USD,Active
ACC_1006446,CUST_105428,AED,Active
ACC_1006447,CUST_105429,USD,Active
ACC_1006448,CUST_105430,AED,Active
ACC_1006449,CUST_105431,AED,Active
ACC_1006450,CUST_105432,AED,Active
ACC_1006451,CUST_105433,AED,Active
ACC_1006452,CUST_105434,AED,Active
ACC_1006453,CUST_105435,AED,Active
ACC_1006454,CUST_105436,AED,Active
ACC_1006455,CUST_105437,AED,Active
ACC_1006456,CUST_105438,AED,Active
ACC_1006457,CUST_105439,AED,Active
ACC_1006458,CUST_105440,AED,Active
ACC_1006459,CUST_105441,AED,Active
ACC_1006460,CUST_105442,AED,Active
ACC_1006461,CUST_105442,AED,Active
ACC_1006462,CUST_105443,USD,Active
ACC_1006463,CUST_105444,AED,Active
ACC_1006464,CUST_105444,AED,Active
ACC_1006465,CUST_105445,AED,Active
ACC_1006466,CUST_105446,AED,Active
ACC_1006467,CUST_105447,AED,Active
ACC_1006468,CUST_105448,USD,Active
ACC_1006469,CUST_105449,AED,Active
ACC_1006470,CUST_105450,AED,Active
ACC_1006471,CUST_105450,AED,Active
ACC_1006472,CUST_105451,AED,Active
ACC_1006473,CUST_105452,AED,Active
ACC_1006474,CUST_105453,USD,Active
ACC_1006475,CUST_105454,USD,Active
ACC_1006476,CUST_105455,AED,Active
ACC_1006477,CUST_105456,AED,Active
ACC_1006478,CUST_105457,AED,Active
ACC_1006479,CUST_105458,AED,Active
ACC_1006480,CUST_105459,AED,Active
ACC_1006481,CUST_105460,AED,Active
ACC_1006482,CUST_105461,AED,Active
ACC_1006483,CUST_105462,AED,Active
ACC_1006484,CUST_105463,AED,Active
ACC_1006485,CUST_105464,AED,Active
ACC_1006486,CUST_105465,AED,Active
ACC_1006487,CUST_105466,AED,Active
ACC_1006488,CUST_105467,AED,Active
ACC_1006489,CUST_105468,EUR,Active
ACC_1006490,CUST_105469,AED,Active
ACC_1006491,CUST_105470,AED,Active
ACC_1006492,CUST_105471,AED,Active
ACC_1006493,CUST_105471,AED,Active
ACC_1006494,CUST_105472,AED,Active
ACC_1006495,CUST_105473,AED,Active
ACC_1006496,CUST_105474,USD,Active
ACC_1006497,CUST_105475,AED,Active
ACC_1006498,CUST_105475,AED,Active
ACC_1006499,CUST_105476,AED,Active
ACC_1006500,CUST_105477,AED,Active
ACC_1006501,CUST_105477,AED,Active
ACC_1006502,CUST_105478,AED,Active
ACC_1006503,CUST_105479,AED,Active
ACC_1006504,CUST_105479,AED,Active
ACC_1006505,CUST_105480,AED,Active
ACC_1006506,CUST_105481,AED,Active
ACC_1006507,CUST_105482,AED,Active
ACC_1006508,CUST_105482,AED,Active
ACC_1006509,CUST_105483,AED,Active
ACC_1006510,CUST_105484,AED,Active
ACC_1006511,CUST_105485,AED,Active
ACC_1006512,CUST_105486,AED,Active
ACC_1006513,CUST_105487,EUR,Active
ACC_1006514,CUST_105488,AED,Active
ACC_1006515,CUST_105489,AED,Active
ACC_1006516,CUST_105490,EUR,Active
ACC_1006517,CUST_105491,AED,Active
ACC_1006518,CUST_105492,AED,Active
ACC_1006519,CUST_105493,EUR,Active
ACC_1006520,CUST_105494,AED,Active
ACC_1006521,CUST_105495,AED,Active
ACC_1006522,CUST_105496,AED,Active
ACC_1006523,CUST_105497,AED,Active
ACC_1006524,CUST_105498,AED,Active
ACC_1006525,CUST_105499,AED,Active
ACC_1006526,CUST_105500,AED,Active
ACC_1006527,CUST_105501,AED,Active
ACC_1006528,CUST_105502,AED,Active
ACC_1006529,CUST_105502,AED,Active
ACC_1006530,CUST_105503,USD,Active
ACC_1006531,CUST_105504,AED,Active
ACC_1006532,CUST_105504,AED,Active
ACC_1006533,CUST_105505,AED,Active
ACC_1006534,CUST_105506,AED,Active
ACC_1006535,CUST_105507,AED,Active
ACC_1006536,CUST_105507,AED,Active
ACC_1006537,CUST_105508,EUR,Active
ACC_1006538,CUST_105508,AED,Active
ACC_1006539,CUST_105509,AED,Active
ACC_1006540,CUST_105510,AED,Active
ACC_1006541,CUST_105511,AED,Active
ACC_1006542,CUST_105511,AED,Active
ACC_1006543,CUST_105512,AED,Active
ACC_1006544,CUST_105513,AED,Active
ACC_1006545,CUST_105514,AED,Active
ACC_1006546,CUST_105515,AED,Active
ACC_1006547,CUST_105516,AED,Active
ACC_1006548,CUST_105517,USD,Active
ACC_1006549,CUST_105518,AED,Active
ACC_1006550,CUST_105519,AED,Active
ACC_1006551,CUST_105519,AED,Active
ACC_1006552,CUST_105520,AED,Active
ACC_1006553,CUST_105521,AED,Active
ACC_1006554,CUST_105522,EUR,Active
ACC_1006555,CUST_105523,AED,Active
ACC_1006556,CUST_105524,AED,Active
ACC_1006557,CUST_105525,AED,Active
ACC_1006558,CUST_105526,AED,Active
ACC_1006559,CUST_105527,AED,Active
ACC_1006560,CUST_105528,AED,Active
ACC_1006561,CUST_105529,AED,Active
ACC_1006562,CUST_105530,AED,Active
ACC_1006563,CUST_105531,AED,Active
ACC_1006564,CUST_105532,AED,Active
ACC_1006565,CUST_105533,AED,Active
ACC_1006566,CUST_105534,AED,Active
ACC_1006567,CUST_105535,AED,Active
ACC_1006568,CUST_105536,AED,Active
ACC_1006569,CUST_105537,AED,Active
ACC_1006570,CUST_105538,AED,Active
ACC_1006571,CUST_105539,AED,Active
ACC_1006572,CUST_105539,AED,Active
ACC_1006573,CUST_105540,AED,Active
ACC_1006574,CUST_105541,AED,Active
ACC_1006575,CUST_105542,AED,Active
ACC_1006576,CUST_105543,AED,Active
ACC_1006577,CUST_105544,AED,Active
ACC_1006578,CUST_105545,USD,Active
ACC_1006579,CUST_105545,AED,Active
ACC_1006580,CUST_105546,AED,Active
ACC_1006581,CUST_105547,AED,Active
ACC_1006582,CUST_105548,AED,Active
ACC_1006583,CUST_105548,AED,Active
ACC_1006584,CUST_105549,AED,Active
ACC_1006585,CUST_105550,AED,Active
ACC_1006586,CUST_105551,AED,Active
ACC_1006587,CUST_105551,AED,Active
ACC_1006588,CUST_105552,AED,Active
ACC_1006589,CUST_105553,AED,Active
ACC_1006590,CUST_105554,AED,Active
ACC_1006591,CUST_105555,AED,Active
ACC_1006592,CUST_105556,AED,Active
ACC_1006593,CUST_105557,EUR,Active
ACC_1006594,CUST_105557,AED,Active
ACC_1006595,CUST_105558,AED,Active
ACC_1006596,CUST_105559,AED,Active
ACC_1006597,CUST_105560,AED,Active
ACC_1006598,CUST_105561,AED,Active
ACC_1006599,CUST_105562,AED,Active
ACC_1006600,CUST_105562,AED,Active
ACC_1006601,CUST_105563,AED,Active
ACC_1006602,CUST_105564,AED,Active
ACC_1006603,CUST_105565,AED,Active
ACC_1006604,CUST_105565,AED,Active
ACC_1006605,CUST_105566,AED,Active
ACC_1006606,CUST_105567,AED,Active
ACC_1006607,CUST_105568,AED,Active
ACC_1006608,CUST_105568,AED,Active
ACC_1006609,CUST_105569,AED,Active
ACC_1006610,CUST_105569,AED,Active
ACC_1006611,CUST_105570,AED,Active
ACC_1006612,CUST_105571,AED,Active
ACC_1006613,CUST_105572,AED,Active
ACC_1006614,CUST_105573,AED,Active
ACC_1006615,CUST_105574,USD,Active
ACC_1006616,CUST_105575,AED,Active
ACC_1006617,CUST_105576,USD,Active
ACC_1006618,CUST_105577,AED,Active
ACC_1006619,CUST_105578,AED,Active
ACC_1006620,CUST_105579,USD,Active
ACC_1006621,CUST_105580,USD,Active
ACC_1006622,CUST_105581,AED,Active
ACC_1006623,CUST_105582,AED,Active
ACC_1006624,CUST_105583,AED,Active
ACC_1006625,CUST_105584,AED,Active
ACC_1006626,CUST_105585,EUR,Active
ACC_1006627,CUST_105586,AED,Active
ACC_1006628,CUST_105587,AED,Active
ACC_1006629,CUST_105588,AED,Active
ACC_1006630,CUST_105589,AED,Active
ACC_1006631,CUST_105590,AED,Active
ACC_1006632,CUST_105591,AED,Active
ACC_1006633,CUST_105592,AED,Active
ACC_1006634,CUST_105592,EUR,Active
ACC_1006635,CUST_105593,AED,Active
ACC_1006636,CUST_105594,AED,Active
ACC_1006637,CUST_105595,AED,Active
ACC_1006638,CUST_105596,AED,Active
ACC_1006639,CUST_105597,AED,Active
ACC_1006640,CUST_105598,AED,Active
ACC_1006641,CUST_105599,AED,Active
ACC_1006642,CUST_105600,AED,Active
ACC_1006643,CUST_105601,AED,Active
ACC_1006644,CUST_105601,AED,Active
ACC_1006645,CUST_105602,AED,Active
ACC_1006646,CUST_105603,AED,Active
ACC_1006647,CUST_105604,AED,Active
ACC_1006648,CUST_105605,AED,Active
ACC_1006649,CUST_105605,AED,Active
ACC_1006650,CUST_105606,AED,Active
ACC_1006651,CUST_105607,AED,Active
ACC_1006652,CUST_105608,AED,Active
ACC_1006653,CUST_105609,AED,Active
ACC_1006654,CUST_105610,AED,Active
ACC_1006655,CUST_105610,AED,Active
ACC_1006656,CUST_105611,AED,Active
ACC_1006657,CUST_105612,AED,Active
ACC_1006658,CUST_105613,AED,Active
ACC_1006659,CUST_105614,USD,Active
ACC_1006660,CUST_105615,AED,Active
ACC_1006661,CUST_105616,AED,Active
ACC_1006662,CUST_105617,AED,Active
ACC_1006663,CUST_105618,AED,Active
ACC_1006664,CUST_105618,AED,Active
ACC_1006665,CUST_105619,AED,Active
ACC_1006666,CUST_105620,AED,Active
ACC_1006667,CUST_105620,AED,Active
ACC_1006668,CUST_105621,AED,Active
ACC_1006669,CUST_105621,EUR,Active
ACC_1006670,CUST_105622,AED,Active
ACC_1006671,CUST_105623,EUR,Active
ACC_1006672,CUST_105623,AED,Active
ACC_1006673,CUST_105624,AED,Active
ACC_1006674,CUST_105624,AED,Active
ACC_1006675,CUST_105625,AED,Active
ACC_1006676,CUST_105626,AED,Active
ACC_1006677,CUST_105627,AED,Active
ACC_1006678,CUST_105628,AED,Active
ACC_1006679,CUST_105629,AED,Active
ACC_1006680,CUST_105630,AED,Active
ACC_1006681,CUST_105631,AED,Active
ACC_1006682,CUST_105632,AED,Active
ACC_1006683,CUST_105633,AED,Active
ACC_1006684,CUST_105634,AED,Active
ACC_1006685,CUST_105635,AED,Active
ACC_1006686,CUST_105636,AED,Active
ACC_1006687,CUST_105637,AED,Active
ACC_1006688,CUST_105638,AED,Active
ACC_1006689,CUST_105639,USD,Active
ACC_1006690,CUST_105640,AED,Active
ACC_1006691,CUST_105641,AED,Active
ACC_1006692,CUST_105642,AED,Active
ACC_1006693,CUST_105643,AED,Active
ACC_1006694,CUST_105644,USD,Active
ACC_1006695,CUST_105645,AED,Active
ACC_1006696,CUST_105645,AED,Active
ACC_1006697,CUST_105646,EUR,Active
ACC_1006698,CUST_105646,AED,Active
ACC_1006699,CUST_105647,AED,Active
ACC_1006700,CUST_105648,USD,Active
ACC_1006701,CUST_105649,AED,Active
ACC_1006702,CUST_105650,AED,Active
ACC_1006703,CUST_105651,AED,Active
ACC_1006704,CUST_105651,AED,Active
ACC_1006705,CUST_105652,AED,Active
ACC_1006706,CUST_105653,AED,Active
ACC_1006707,CUST_105654,AED,Active
ACC_1006708,CUST_105654,EUR,Active
ACC_1006709,CUST_105655,AED,Active
ACC_1006710,CUST_105656,AED,Active
ACC_1006711,CUST_105657,EUR,Active
ACC_1006712,CUST_105658,AED,Active
ACC_1006713,CUST_105659,USD,Active
ACC_1006714,CUST_105660,AED,Active
ACC_1006715,CUST_105661,AED,Active
ACC_1006716,CUST_105661,EUR,Active
ACC_1006717,CUST_105662,AED,Active
ACC_1006718,CUST_105663,AED,Active
ACC_1006719,CUST_105664,AED,Active
ACC_1006720,CUST_105665,AED,Active
ACC_1006721,CUST_105666,AED,Active
ACC_1006722,CUST_105667,USD,Active
ACC_1006723,CUST_105667,USD,Active
ACC_1006724,CUST_105668,AED,Active
ACC_1006725,CUST_105669,AED,Active
ACC_1006726,CUST_105669,AED,Active
ACC_1006727,CUST_105670,AED,Active
ACC_1006728,CUST_105671,AED,Active
ACC_1006729,CUST_105672,AED,Active
ACC_1006730,CUST_105673,AED,Active
ACC_1006731,CUST_105673,AED,Active
ACC_1006732,CUST_105674,EUR,Active
ACC_1006733,CUST_105675,AED,Active
ACC_1006734,CUST_105675,AED,Active
ACC_1006735,CUST_105676,AED,Active
ACC_1006736,CUST_105677,AED,Active
ACC_1006737,CUST_105678,USD,Active
ACC_1006738,CUST_105679,AED,Active
ACC_1006739,CUST_105680,AED,Active
ACC_1006740,CUST_105681,AED,Active
ACC_1006741,CUST_105682,AED,Active
ACC_1006742,CUST_105683,AED,Active
ACC_1006743,CUST_105684,AED,Active
ACC_1006744,CUST_105685,AED,Active
ACC_1006745,CUST_105686,AED,Active
ACC_1006746,CUST_105687,AED,Active
ACC_1006747,CUST_105688,AED,Active
ACC_1006748,CUST_105689,AED,Active
ACC_1006749,CUST_105690,AED,Active
ACC_1006750,CUST_105691,AED,Active
ACC_1006751,CUST_105692,AED,Active
ACC_1006752,CUST_105693,AED,Active
ACC_1006753,CUST_105694,AED,Active
ACC_1006754,CUST_105694,USD,Active
ACC_1006755,CUST_105695,AED,Active
ACC_1006756,CUST_105696,AED,Active
ACC_1006757,CUST_105697,AED,Active
ACC_1006758,CUST_105697,AED,Active
ACC_1006759,CUST_105698,USD,Active
ACC_1006760,CUST_105698,AED,Active
ACC_1006761,CUST_105699,AED,Active
ACC_1006762,CUST_105700,EUR,Active
ACC_1006763,CUST_105701,AED,Active
ACC_1006764,CUST_105702,AED,Active
ACC_1006765,CUST_105703,AED,Active
ACC_1006766,CUST_105704,AED,Active
ACC_1006767,CUST_105705,EUR,Active
ACC_1006768,CUST_105706,AED,Active
ACC_1006769,CUST_105707,USD,Active
ACC_1006770,CUST_105708,AED,Active
ACC_1006771,CUST_105708,AED,Active
ACC_1006772,CUST_105709,AED,Active
ACC_1006773,CUST_105709,AED,Active
ACC_1006774,CUST_105710,AED,Active
ACC_1006775,CUST_105711,AED,Active
ACC_1006776,CUST_105712,AED,Active
ACC_1006777,CUST_105713,AED,Active
ACC_1006778,CUST_105714,AED,Active
ACC_1006779,CUST_105715,AED,Active
ACC_1006780,CUST_105716,AED,Active
ACC_1006781,CUST_105716,AED,Active
ACC_1006782,CUST_105717,AED,Active
ACC_1006783,CUST_105718,AED,Active
ACC_1006784,CUST_105719,EUR,Active
ACC_1006785,CUST_105720,AED,Active
ACC_1006786,CUST_105721,AED,Active
ACC_1006787,CUST_105722,AED,Active
ACC_1006788,CUST_105722,EUR,Active
ACC_1006789,CUST_105723,AED,Active
ACC_1006790,CUST_105724,EUR,Active
ACC_1006791,CUST_105725,AED,Active
ACC_1006792,CUST_105725,AED,Active
ACC_1006793,CUST_105726,AED,Active
ACC_1006794,CUST_105727,AED,Active
ACC_1006795,CUST_105728,AED,Active
ACC_1006796,CUST_105729,AED,Active
ACC_1006797,CUST_105730,AED,Active
ACC_1006798,CUST_105731,EUR,Active
ACC_1006799,CUST_105732,AED,Active
ACC_1006800,CUST_105733,AED,Active
ACC_1006801,CUST_105734,AED,Active
ACC_1006802,CUST_105735,AED,Active
ACC_1006803,CUST_105736,AED,Active
ACC_1006804,CUST_105737,AED,Active
ACC_1006805,CUST_105738,AED,Active
ACC_1006806,CUST_105739,AED,Active
ACC_1006807,CUST_105739,USD,Active
ACC_1006808,CUST_105740,AED,Active
ACC_1006809,CUST_105741,AED,Active
ACC_1006810,CUST_105742,USD,Active
ACC_1006811,CUST_105743,AED,Active
ACC_1006812,CUST_105744,AED,Active
ACC_1006813,CUST_105745,AED,Active
ACC_1006814,CUST_105746,USD,Active
ACC_1006815,CUST_105747,AED,Active
ACC_1006816,CUST_105748,AED,Active
ACC_1006817,CUST_105749,AED,Active
ACC_1006818,CUST_105750,AED,Active
ACC_1006819,CUST_105751,AED,Active
ACC_1006820,CUST_105752,AED,Active
ACC_1006821,CUST_105753,USD,Active
ACC_1006822,CUST_105754,AED,Active
ACC_1006823,CUST_105755,AED,Active
ACC_1006824,CUST_105756,AED,Active
ACC_1006825,CUST_105757,AED,Active
ACC_1006826,CUST_105758,EUR,Active
ACC_1006827,CUST_105759,AED,Active
ACC_1006828,CUST_105759,AED,Active
ACC_1006829,CUST_105760,AED,Active
ACC_1006830,CUST_105760,AED,Active
ACC_1006831,CUST_105761,AED,Active
ACC_1006832,CUST_105762,AED,Active
ACC_1006833,CUST_105763,AED,Active
ACC_1006834,CUST_105763,USD,Active
ACC_1006835,CUST_105764,EUR,Active
ACC_1006836,CUST_105765,AED,Active
ACC_1006837,CUST_105766,AED,Active
ACC_1006838,CUST_105767,AED,Active
ACC_1006839,CUST_105768,AED,Active
ACC_1006840,CUST_105768,AED,Active
ACC_1006841,CUST_105769,AED,Active
ACC_1006842,CUST_105770,AED,Active
ACC_1006843,CUST_105771,EUR,Active
ACC_1006844,CUST_105772,AED,Active
ACC_1006845,CUST_105773,AED,Active
ACC_1006846,CUST_105774,AED,Active
ACC_1006847,CUST_105775,USD,Active
ACC_1006848,CUST_105776,AED,Active
ACC_1006849,CUST_105777,AED,Active
ACC_1006850,CUST_105778,AED,Active
ACC_1006851,CUST_105779,AED,Active
ACC_1006852,CUST_105780,AED,Active
ACC_1006853,CUST_105781,USD,Active
ACC_1006854,CUST_105782,AED,Active
ACC_1006855,CUST_105783,AED,Active
ACC_1006856,CUST_105783,AED,Active
ACC_1006857,CUST_105784,USD,Active
ACC_1006858,CUST_105785,AED,Active
ACC_1006859,CUST_105785,AED,Active
ACC_1006860,CUST_105786,AED,Active
ACC_1006861,CUST_105787,AED,Active
ACC_1006862,CUST_105787,EUR,Active
ACC_1006863,CUST_105788,AED,Active
ACC_1006864,CUST_105788,AED,Active
ACC_1006865,CUST_105789,AED,Active
ACC_1006866,CUST_105789,AED,Active
ACC_1006867,CUST_105790,AED,Active
ACC_1006868,CUST_105791,AED,Active
ACC_1006869,CUST_105791,AED,Active
ACC_1006870,CUST_105792,AED,Active
ACC_1006871,CUST_105793,AED,Active
ACC_1006872,CUST_105794,AED,Active
ACC_1006873,CUST_105795,AED,Active
ACC_1006874,CUST_105796,AED,Active
ACC_1006875,CUST_105797,AED,Active
ACC_1006876,CUST_105798,AED,Active
ACC_1006877,CUST_105799,AED,Active
ACC_1006878,CUST_105800,AED,Active
ACC_1006879,CUST_105801,AED,Active
ACC_1006880,CUST_105801,USD,Active
ACC_1006881,CUST_105802,AED,Active
ACC_1006882,CUST_105802,AED,Active
ACC_1006883,CUST_105803,AED,Active
ACC_1006884,CUST_105804,AED,Active
ACC_1006885,CUST_105805,AED,Active
ACC_1006886,CUST_105806,AED,Active
ACC_1006887,CUST_105807,AED,Active
ACC_1006888,CUST_105808,AED,Active
ACC_1006889,CUST_105809,AED,Active
ACC_1006890,CUST_105810,AED,Active
ACC_1006891,CUST_105811,AED,Active
ACC_1006892,CUST_105812,AED,Active
ACC_1006893,CUST_105813,AED,Active
ACC_1006894,CUST_105814,AED,Active
ACC_1006895,CUST_105815,AED,Active
ACC_1006896,CUST_105816,AED,Active
ACC_1006897,CUST_105816,AED,Active
ACC_1006898,CUST_105817,AED,Active
ACC_1006899,CUST_105817,AED,Active
ACC_1006900,CUST_105818,AED,Active
ACC_1006901,CUST_105819,AED,Active
ACC_1006902,CUST_105820,USD,Active
ACC_1006903,CUST_105821,AED,Active
ACC_1006904,CUST_105822,USD,Active
ACC_1006905,CUST_105823,AED,Active
ACC_1006906,CUST_105824,AED,Active
ACC_1006907,CUST_105824,AED,Active
ACC_1006908,CUST_105825,AED,Active
ACC_1006909,CUST_105826,AED,Active
ACC_1006910,CUST_105827,AED,Active
ACC_1006911,CUST_105827,AED,Active
ACC_1006912,CUST_105828,AED,Active
ACC_1006913,CUST_105829,AED,Active
ACC_1006914,CUST_105830,AED,Active
ACC_1006915,CUST_105831,AED,Active
ACC_1006916,CUST_105832,USD,Active
ACC_1006917,CUST_105833,AED,Active
ACC_1006918,CUST_105834,USD,Active
ACC_1006919,CUST_105834,AED,Active
ACC_1006920,CUST_105835,AED,Active
ACC_1006921,CUST_105836,AED,Active
ACC_1006922,CUST_105837,AED,Active
ACC_1006923,CUST_105838,AED,Active
ACC_1006924,CUST_105839,AED,Active
ACC_1006925,CUST_105840,USD,Active
ACC_1006926,CUST_105841,AED,Active
ACC_1006927,CUST_105842,AED,Active
ACC_1006928,CUST_105843,AED,Active
ACC_1006929,CUST_105843,AED,Active
ACC_1006930,CUST_105844,AED,Active
ACC_1006931,CUST_105845,USD,Active
ACC_1006932,CUST_105846,AED,Active
ACC_1006933,CUST_105847,AED,Active
ACC_1006934,CUST_105848,AED,Active
ACC_1006935,CUST_105849,AED,Active
ACC_1006936,CUST_105850,AED,Active
ACC_1006937,CUST_105850,USD,Active
ACC_1006938,CUST_105851,AED,Active
ACC_1006939,CUST_105852,AED,Active
ACC_1006940,CUST_105853,AED,Active
ACC_1006941,CUST_105854,AED,Active
ACC_1006942,CUST_105855,AED,Active
ACC_1006943,CUST_105856,AED,Active
ACC_1006944,CUST_105856,AED,Active
ACC_1006945,CUST_105857,AED,Active
ACC_1006946,CUST_105858,AED,Active
ACC_1006947,CUST_105858,AED,Active
ACC_1006948,CUST_105859,AED,Active
ACC_1006949,CUST_105860,AED,Active
ACC_1006950,CUST_105861,AED,Active
ACC_1006951,CUST_105862,AED,Active
ACC_1006952,CUST_105863,AED,Active
ACC_1006953,CUST_105864,AED,Active
ACC_1006954,CUST_105865,AED,Active
ACC_1006955,CUST_105866,EUR,Active
ACC_1006956,CUST_105867,AED,Active
ACC_1006957,CUST_105868,AED,Active
ACC_1006958,CUST_105869,AED,Active
ACC_1006959,CUST_105870,AED,Active
ACC_1006960,CUST_105871,AED,Active
ACC_1006961,CUST_105872,AED,Active
ACC_1006962,CUST_105872,AED,Active
ACC_1006963,CUST_105873,AED,Active
ACC_1006964,CUST_105873,AED,Active
ACC_1006965,CUST_105874,AED,Active
ACC_1006966,CUST_105874,AED,Active
ACC_1006967,CUST_105875,USD,Active
ACC_1006968,CUST_105876,AED,Active
ACC_1006969,CUST_105877,AED,Active
ACC_1006970,CUST_105878,AED,Active
ACC_1006971,CUST_105879,AED,Active
ACC_1006972,CUST_105880,EUR,Active
ACC_1006973,CUST_105881,AED,Active
ACC_1006974,CUST_105881,AED,Active
ACC_1006975,CUST_105882,USD,Active
ACC_1006976,CUST_105882,AED,Active
ACC_1006977,CUST_105883,USD,Active
ACC_1006978,CUST_105884,AED,Active
ACC_1006979,CUST_105885,AED,Active
ACC_1006980,CUST_105885,AED,Active
ACC_1006981,CUST_105886,AED,Active
ACC_1006982,CUST_105887,AED,Active
ACC_1006983,CUST_105888,AED,Active
ACC_1006984,CUST_105888,USD,Active
ACC_1006985,CUST_105889,AED,Active
ACC_1006986,CUST_105890,AED,Active
ACC_1006987,CUST_105891,AED,Active
ACC_1006988,CUST_105892,USD,Active
ACC_1006989,CUST_105893,AED,Active
ACC_1006990,CUST_105894,AED,Active
ACC_1006991,CUST_105895,AED,Active
ACC_1006992,CUST_105896,AED,Active
ACC_1006993,CUST_105897,AED,Active
ACC_1006994,CUST_105898,AED,Active
ACC_1006995,CUST_105899,AED,Active
ACC_1006996,CUST_105900,AED,Active
ACC_1006997,CUST_105900,AED,Active
ACC_1006998,CUST_105901,AED,Active
ACC_1006999,CUST_105902,AED,Active
ACC_1007000,CUST_105903,EUR,Active
ACC_1007001,CUST_105904,AED,Active
ACC_1007002,CUST_105904,AED,Active
ACC_1007003,CUST_105905,AED,Active
ACC_1007004,CUST_105905,USD,Active
ACC_1007005,CUST_105906,AED,Active
ACC_1007006,CUST_105906,AED,Active
ACC_1007007,CUST_105907,AED,Active
ACC_1007008,CUST_105908,AED,Active
ACC_1007009,CUST_105909,AED,Active
ACC_1007010,CUST_105909,AED,Active
ACC_1007011,CUST_105910,AED,Active
ACC_1007012,CUST_105911,AED,Active
ACC_1007013,CUST_105912,EUR,Active
ACC_1007014,CUST_105912,AED,Active
ACC_1007015,CUST_105913,AED,Active
ACC_1007016,CUST_105913,AED,Active
ACC_1007017,CUST_105914,AED,Active
ACC_1007018,CUST_105915,AED,Active
ACC_1007019,CUST_105916,AED,Active
ACC_1007020,CUST_105917,AED,Active
ACC_1007021,CUST_105917,AED,Active
ACC_1007022,CUST_105918,USD,Active
ACC_1007023,CUST_105919,AED,Active
ACC_1007024,CUST_105920,AED,Active
ACC_1007025,CUST_105921,AED,Active
ACC_1007026,CUST_105922,EUR,Active
ACC_1007027,CUST_105923,AED,Active
ACC_1007028,CUST_105924,AED,Active
ACC_1007029,CUST_105925,AED,Active
ACC_1007030,CUST_105926,AED,Active
ACC_1007031,CUST_105926,EUR,Active
ACC_1007032,CUST_105927,AED,Active
ACC_1007033,CUST_105928,AED,Active
ACC_1007034,CUST_105929,USD,Active
ACC_1007035,CUST_105930,AED,Active
ACC_1007036,CUST_105930,USD,Active
ACC_1007037,CUST_105931,AED,Active
ACC_1007038,CUST_105932,USD,Active
ACC_1007039,CUST_105933,USD,Active
ACC_1007040,CUST_105934,USD,Active
ACC_1007041,CUST_105935,AED,Active
ACC_1007042,CUST_105936,AED,Active
ACC_1007043,CUST_105937,AED,Active
ACC_1007044,CUST_105938,AED,Active
ACC_1007045,CUST_105939,AED,Active
ACC_1007046,CUST_105940,AED,Active
ACC_1007047,CUST_105940,AED,Active
ACC_1007048,CUST_105941,AED,Active
ACC_1007049,CUST_105941,AED,Active
ACC_1007050,CUST_105942,USD,Active
ACC_1007051,CUST_105943,AED,Active
ACC_1007052,CUST_105944,AED,Active
ACC_1007053,CUST_105945,AED,Active
ACC_1007054,CUST_105946,AED,Active
ACC_1007055,CUST_105947,AED,Active
ACC_1007056,CUST_105947,EUR,Active
ACC_1007057,CUST_105948,AED,Active
ACC_1007058,CUST_105949,AED,Active
ACC_1007059,CUST_105950,AED,Active
ACC_1007060,CUST_105951,AED,Active
ACC_1007061,CUST_105952,AED,Active
ACC_1007062,CUST_105953,AED,Active
ACC_1007063,CUST_105953,AED,Active
ACC_1007064,CUST_105954,USD,Active
ACC_1007065,CUST_105954,AED,Active
ACC_1007066,CUST_105955,EUR,Active
ACC_1007067,CUST_105956,AED,Active
ACC_1007068,CUST_105957,USD,Active
ACC_1007069,CUST_105958,AED,Active
ACC_1007070,CUST_105959,AED,Active
ACC_1007071,CUST_105960,AED,Active
ACC_1007072,CUST_105961,AED,Active
ACC_1007073,CUST_105962,AED,Active
ACC_1007074,CUST_105962,AED,Active
ACC_1007075,CUST_105963,AED,Active
ACC_1007076,CUST_105964,AED,Active
ACC_1007077,CUST_105965,AED,Active
ACC_1007078,CUST_105965,USD,Active
ACC_1007079,CUST_105966,AED,Active
ACC_1007080,CUST_105967,USD,Active
ACC_1007081,CUST_105968,AED,Active
ACC_1007082,CUST_105968,USD,Active
ACC_1007083,CUST_105969,AED,Active
ACC_1007084,CUST_105970,AED,Active
ACC_1007085,CUST_105971,AED,Active
ACC_1007086,CUST_105972,AED,Active
ACC_1007087,CUST_105973,AED,Active
ACC_1007088,CUST_105974,AED,Active
ACC_1007089,CUST_105975,AED,Active
ACC_1007090,CUST_105976,AED,Active
ACC_1007091,CUST_105977,AED,Active
ACC_1007092,CUST_105978,AED,Active
ACC_1007093,CUST_105979,AED,Active
ACC_1007094,CUST_105980,AED,Active
ACC_1007095,CUST_105981,AED,Active
ACC_1007096,CUST_105982,AED,Active
ACC_1007097,CUST_105982,AED,Active
ACC_1007098,CUST_105983,AED,Active
ACC_1007099,CUST_105984,AED,Active
ACC_1007100,CUST_105984,AED,Active
ACC_1007101,CUST_105985,AED,Active
ACC_1007102,CUST_105986,AED,Active
ACC_1007103,CUST_105987,AED,Active
ACC_1007104,CUST_105987,AED,Active
ACC_1007105,CUST_105988,AED,Active
ACC_1007106,CUST_105989,AED,Active
ACC_1007107,CUST_105990,AED,Active
ACC_1007108,CUST_105990,AED,Active
ACC_1007109,CUST_105991,AED,Active
ACC_1007110,CUST_105992,AED,Active
ACC_1007111,CUST_105993,AED,Active
ACC_1007112,CUST_105993,AED,Active
ACC_1007113,CUST_105994,AED,Active
ACC_1007114,CUST_105995,AED,Active
ACC_1007115,CUST_105996,AED,Active
ACC_1007116,CUST_105996,AED,Active
ACC_1007117,CUST_105997,AED,Active
ACC_1007118,CUST_105998,USD,Active
ACC_1007119,CUST_105998,AED,Active
ACC_1007120,CUST_105999,AED,Active
ACC_1007121,CUST_106000,AED,Active
ACC_1007122,CUST_106001,AED,Active
ACC_1007123,CUST_106002,EUR,Active
ACC_1007124,CUST_106003,AED,Active
ACC_1007125,CUST_106004,AED,Active
ACC_1007126,CUST_106004,AED,Active
ACC_1007127,CUST_106005,AED,Active
ACC_1007128,CUST_106005,AED,Active
ACC_1007129,CUST_106006,AED,Active
ACC_1007130,CUST_106007,AED,Active
ACC_1007131,CUST_106007,AED,Active
ACC_1007132,CUST_106008,AED,Active
ACC_1007133,CUST_106009,USD,Active
ACC_1007134,CUST_106010,USD,Active
ACC_1007135,CUST_106011,AED,Active
ACC_1007136,CUST_106011,AED,Active
ACC_1007137,CUST_106012,EUR,Active
ACC_1007138,CUST_106013,AED,Active
ACC_1007139,CUST_106014,USD,Active
ACC_1007140,CUST_106015,AED,Active
ACC_1007141,CUST_106016,AED,Active
ACC_1007142,CUST_106017,AED,Active
ACC_1007143,CUST_106018,AED,Active
ACC_1007144,CUST_106019,USD,Active
ACC_1007145,CUST_106019,AED,Active
ACC_1007146,CUST_106020,AED,Active
ACC_1007147,CUST_106021,AED,Active
ACC_1007148,CUST_106021,AED,Active
ACC_1007149,CUST_106022,AED,Active
ACC_1007150,CUST_106022,AED,Active
ACC_1007151,CUST_106023,AED,Active
ACC_1007152,CUST_106024,AED,Active
ACC_1007153,CUST_106025,AED,Active
ACC_1007154,CUST_106026,AED,Active
ACC_1007155,CUST_106027,AED,Active
ACC_1007156,CUST_106028,AED,Active
ACC_1007157,CUST_106029,AED,Active
ACC_1007158,CUST_106030,AED,Active
ACC_1007159,CUST_106031,AED,Active
ACC_1007160,CUST_106032,AED,Active
ACC_1007161,CUST_106033,AED,Active
ACC_1007162,CUST_106033,AED,Active
ACC_1007163,CUST_106034,AED,Active
ACC_1007164,CUST_106035,AED,Active
ACC_1007165,CUST_106036,AED,Active
ACC_1007166,CUST_106037,USD,Active
ACC_1007167,CUST_106038,EUR,Active
ACC_1007168,CUST_106039,AED,Active
ACC_1007169,CUST_106040,AED,Active
ACC_1007170,CUST_106041,EUR,Active
ACC_1007171,CUST_106042,AED,Active
ACC_1007172,CUST_106043,AED,Active
ACC_1007173,CUST_106044,AED,Active
ACC_1007174,CUST_106045,USD,Active
ACC_1007175,CUST_106046,AED,Active
ACC_1007176,CUST_106047,AED,Active
ACC_1007177,CUST_106048,AED,Active
ACC_1007178,CUST_106048,AED,Active
ACC_1007179,CUST_106049,AED,Active
ACC_1007180,CUST_106049,AED,Active
ACC_1007181,CUST_106050,AED,Active
ACC_1007182,CUST_106051,AED,Active
ACC_1007183,CUST_106052,AED,Active
ACC_1007184,CUST_106053,EUR,Active
ACC_1007185,CUST_106054,EUR,Active
ACC_1007186,CUST_106055,EUR,Active
ACC_1007187,CUST_106056,USD,Active
ACC_1007188,CUST_106057,AED,Active
ACC_1007189,CUST_106058,USD,Active
ACC_1007190,CUST_106059,AED,Active
ACC_1007191,CUST_106059,AED,Active
ACC_1007192,CUST_106060,AED,Active
ACC_1007193,CUST_106061,AED,Active
ACC_1007194,CUST_106062,AED,Active
ACC_1007195,CUST_106063,AED,Active
ACC_1007196,CUST_106063,AED,Active
ACC_1007197,CUST_106064,AED,Active
ACC_1007198,CUST_106065,AED,Active
ACC_1007199,CUST_106066,AED,Active
ACC_1007200,CUST_106067,AED,Active
ACC_1007201,CUST_106067,AED,Active
ACC_1007202,CUST_106068,AED,Active
ACC_1007203,CUST_106069,AED,Active
ACC_1007204,CUST_106070,AED,Active
ACC_1007205,CUST_106070,AED,Active
ACC_1007206,CUST_106071,USD,Active
ACC_1007207,CUST_106072,USD,Active
ACC_1007208,CUST_106072,EUR,Active
ACC_1007209,CUST_106073,AED,Active
ACC_1007210,CUST_106074,AED,Active
ACC_1007211,CUST_106075,AED,Active
ACC_1007212,CUST_106076,AED,Active
ACC_1007213,CUST_106077,AED,Active
ACC_1007214,CUST_106078,AED,Active
ACC_1007215,CUST_106079,AED,Active
ACC_1007216,CUST_106079,AED,Active
ACC_1007217,CUST_106080,USD,Active
ACC_1007218,CUST_106081,AED,Active
ACC_1007219,CUST_106082,USD,Active
ACC_1007220,CUST_106083,AED,Active
ACC_1007221,CUST_106084,AED,Active
ACC_1007222,CUST_106084,AED,Active
ACC_1007223,CUST_106085,AED,Active
ACC_1007224,CUST_106086,AED,Active
ACC_1007225,CUST_106087,AED,Active
ACC_1007226,CUST_106088,AED,Active
ACC_1007227,CUST_106089,AED,Active
ACC_1007228,CUST_106090,AED,Active
ACC_1007229,CUST_106091,AED,Active
ACC_1007230,CUST_106092,USD,Active
ACC_1007231,CUST_106093,AED,Active
ACC_1007232,CUST_106094,AED,Active
ACC_1007233,CUST_106094,AED,Active
ACC_1007234,CUST_106095,AED,Active
ACC_1007235,CUST_106096,AED,Active
ACC_1007236,CUST_106096,AED,Active
ACC_1007237,CUST_106097,EUR,Active
ACC_1007238,CUST_106098,AED,Active
ACC_1007239,CUST_106099,AED,Active
ACC_1007240,CUST_106100,EUR,Active
ACC_1007241,CUST_106101,AED,Active
ACC_1007242,CUST_106102,USD,Active
ACC_1007243,CUST_106103,AED,Active
ACC_1007244,CUST_106104,AED,Active
ACC_1007245,CUST_106105,AED,Active
ACC_1007246,CUST_106105,AED,Active
ACC_1007247,CUST_106106,AED,Active
ACC_1007248,CUST_106107,AED,Active
ACC_1007249,CUST_106108,AED,Active
ACC_1007250,CUST_106109,AED,Active
ACC_1007251,CUST_106110,USD,Active
ACC_1007252,CUST_106111,AED,Active
ACC_1007253,CUST_106112,AED,Active
ACC_1007254,CUST_106112,AED,Active
ACC_1007255,CUST_106113,USD,Active
ACC_1007256,CUST_106114,AED,Active
ACC_1007257,CUST_106115,AED,Active
ACC_1007258,CUST_106116,EUR,Active
ACC_1007259,CUST_106117,EUR,Active
ACC_1007260,CUST_106117,AED,Active
ACC_1007261,CUST_106118,AED,Active
ACC_1007262,CUST_106119,USD,Active
ACC_1007263,CUST_106120,AED,Active
ACC_1007264,CUST_106120,AED,Active
ACC_1007265,CUST_106121,AED,Active
ACC_1007266,CUST_106122,AED,Active
ACC_1007267,CUST_106122,USD,Active
ACC_1007268,CUST_106123,AED,Active
ACC_1007269,CUST_106124,AED,Active
ACC_1007270,CUST_106124,AED,Active
ACC_1007271,CUST_106125,AED,Active
ACC_1007272,CUST_106126,AED,Active
ACC_1007273,CUST_106127,AED,Active
ACC_1007274,CUST_106128,AED,Active
ACC_1007275,CUST_106129,AED,Active
ACC_1007276,CUST_106130,EUR,Active
ACC_1007277,CUST_106131,AED,Active
ACC_1007278,CUST_106132,AED,Active
ACC_1007279,CUST_106133,AED,Active
ACC_1007280,CUST_106133,AED,Active
ACC_1007281,CUST_106134,AED,Active
ACC_1007282,CUST_106135,AED,Active
ACC_1007283,CUST_106136,AED,Active
ACC_1007284,CUST_106137,AED,Active
ACC_1007285,CUST_106138,AED,Active
ACC_1007286,CUST_106138,AED,Active
ACC_1007287,CUST_106139,AED,Active
ACC_1007288,CUST_106140,AED,Active
ACC_1007289,CUST_106141,USD,Active
ACC_1007290,CUST_106142,AED,Active
ACC_1007291,CUST_106142,AED,Active
ACC_1007292,CUST_106143,AED,Active
ACC_1007293,CUST_106144,AED,Active
ACC_1007294,CUST_106144,AED,Active
ACC_1007295,CUST_106145,EUR,Active
ACC_1007296,CUST_106146,AED,Active
ACC_1007297,CUST_106146,AED,Active
ACC_1007298,CUST_106147,AED,Active
ACC_1007299,CUST_106148,AED,Active
ACC_1007300,CUST_106149,AED,Active
ACC_1007301,CUST_106150,AED,Active
ACC_1007302,CUST_106151,AED,Active
ACC_1007303,CUST_106152,AED,Active
ACC_1007304,CUST_106153,AED,Active
ACC_1007305,CUST_106153,AED,Active
ACC_1007306,CUST_106154,EUR,Active
ACC_1007307,CUST_106155,AED,Active
ACC_1007308,CUST_106156,AED,Active
ACC_1007309,CUST_106156,AED,Active
ACC_1007310,CUST_106157,USD,Active
ACC_1007311,CUST_106158,AED,Active
ACC_1007312,CUST_106159,AED,Active
ACC_1007313,CUST_106160,AED,Active
ACC_1007314,CUST_106161,USD,Active
ACC_1007315,CUST_106162,AED,Active
ACC_1007316,CUST_106163,AED,Active
ACC_1007317,CUST_106163,AED,Active
ACC_1007318,CUST_106164,AED,Active
ACC_1007319,CUST_106165,AED,Active
ACC_1007320,CUST_106166,AED,Active
ACC_1007321,CUST_106167,AED,Active
ACC_1007322,CUST_106168,AED,Active
ACC_1007323,CUST_106169,AED,Active
ACC_1007324,CUST_106170,AED,Active
ACC_1007325,CUST_106171,AED,Active
ACC_1007326,CUST_106172,EUR,Active
ACC_1007327,CUST_106173,AED,Active
ACC_1007328,CUST_106174,EUR,Active
ACC_1007329,CUST_106175,AED,Active
ACC_1007330,CUST_106176,AED,Active
ACC_1007331,CUST_106177,AED,Active
ACC_1007332,CUST_106178,AED,Active
ACC_1007333,CUST_106178,AED,Active
ACC_1007334,CUST_106179,AED,Active
ACC_1007335,CUST_106180,AED,Active
ACC_1007336,CUST_106181,AED,Active
ACC_1007337,CUST_106182,AED,Active
ACC_1007338,CUST_106182,AED,Active
ACC_1007339,CUST_106183,EUR,Active
ACC_1007340,CUST_106184,AED,Active
ACC_1007341,CUST_106185,AED,Active
ACC_1007342,CUST_106186,USD,Active
ACC_1007343,CUST_106187,EUR,Active
ACC_1007344,CUST_106188,AED,Active
ACC_1007345,CUST_106188,AED,Active
ACC_1007346,CUST_106189,USD,Active
ACC_1007347,CUST_106190,USD,Active
ACC_1007348,CUST_106191,AED,Active
ACC_1007349,CUST_106192,AED,Active
ACC_1007350,CUST_106193,AED,Active
ACC_1007351,CUST_106194,AED,Active
ACC_1007352,CUST_106195,AED,Active
ACC_1007353,CUST_106196,AED,Active
ACC_1007354,CUST_106197,AED,Active
ACC_1007355,CUST_106198,AED,Active
ACC_1007356,CUST_106199,AED,Active
ACC_1007357,CUST_106200,AED,Active
ACC_1007358,CUST_106201,AED,Active
ACC_1007359,CUST_106202,AED,Active
ACC_1007360,CUST_106203,EUR,Active
ACC_1007361,CUST_106203,AED,Active
ACC_1007362,CUST_106204,EUR,Active
ACC_1007363,CUST_106204,AED,Active
ACC_1007364,CUST_106205,AED,Active
ACC_1007365,CUST_106206,AED,Active
ACC_1007366,CUST_106207,AED,Active
ACC_1007367,CUST_106208,AED,Active
ACC_1007368,CUST_106209,AED,Active
ACC_1007369,CUST_106210,EUR,Active
ACC_1007370,CUST_106210,AED,Active
ACC_1007371,CUST_106211,AED,Active
ACC_1007372,CUST_106212,AED,Active
ACC_1007373,CUST_106213,AED,Active
ACC_1007374,CUST_106213,AED,Active
ACC_1007375,CUST_106214,AED,Active
ACC_1007376,CUST_106215,USD,Active
ACC_1007377,CUST_106216,EUR,Active
ACC_1007378,CUST_106217,USD,Active
ACC_1007379,CUST_106218,AED,Active
ACC_1007380,CUST_106219,AED,Active
ACC_1007381,CUST_106220,USD,Active
ACC_1007382,CUST_106221,AED,Active
ACC_1007383,CUST_106222,AED,Active
ACC_1007384,CUST_106223,AED,Active
ACC_1007385,CUST_106224,AED,Active
ACC_1007386,CUST_106225,AED,Active
ACC_1007387,CUST_106226,AED,Active
ACC_1007388,CUST_106227,AED,Active
ACC_1007389,CUST_106228,AED,Active
ACC_1007390,CUST_106229,AED,Active
ACC_1007391,CUST_106230,AED,Active
ACC_1007392,CUST_106231,AED,Active
ACC_1007393,CUST_106231,AED,Active
ACC_1007394,CUST_106232,AED,Active
ACC_1007395,CUST_106232,AED,Active
ACC_1007396,CUST_106233,AED,Active
ACC_1007397,CUST_106233,AED,Active
ACC_1007398,CUST_106234,AED,Active
ACC_1007399,CUST_106235,EUR,Active
ACC_1007400,CUST_106236,AED,Active
ACC_1007401,CUST_106236,AED,Active
ACC_1007402,CUST_106237,AED,Active
ACC_1007403,CUST_106238,EUR,Active
ACC_1007404,CUST_106239,AED,Active
ACC_1007405,CUST_106239,AED,Active
ACC_1007406,CUST_106240,EUR,Active
ACC_1007407,CUST_106240,AED,Active
ACC_1007408,CUST_106241,AED,Active
ACC_1007409,CUST_106242,USD,Active
ACC_1007410,CUST_106243,AED,Active
ACC_1007411,CUST_106244,AED,Active
ACC_1007412,CUST_106245,AED,Active
ACC_1007413,CUST_106245,USD,Active
ACC_1007414,CUST_106246,EUR,Active
ACC_1007415,CUST_106247,AED,Active
ACC_1007416,CUST_106248,AED,Active
ACC_1007417,CUST_106249,AED,Active
ACC_1007418,CUST_106250,AED,Active
ACC_1007419,CUST_106251,EUR,Active
ACC_1007420,CUST_106252,AED,Active
ACC_1007421,CUST_106253,AED,Active
ACC_1007422,CUST_106254,AED,Active
ACC_1007423,CUST_106255,AED,Active
ACC_1007424,CUST_106256,AED,Active
ACC_1007425,CUST_106257,AED,Active
ACC_1007426,CUST_106258,AED,Active
ACC_1007427,CUST_106259,AED,Active
ACC_1007428,CUST_106260,AED,Active
ACC_1007429,CUST_106261,AED,Active
ACC_1007430,CUST_106262,AED,Active
ACC_1007431,CUST_106263,AED,Active
ACC_1007432,CUST_106264,AED,Active
ACC_1007433,CUST_106265,AED,Active
ACC_1007434,CUST_106266,AED,Active
ACC_1007435,CUST_106267,AED,Active
ACC_1007436,CUST_106268,AED,Active
ACC_1007437,CUST_106268,AED,Active
ACC_1007438,CUST_106269,AED,Active
ACC_1007439,CUST_106269,AED,Active
ACC_1007440,CUST_106270,AED,Active
ACC_1007441,CUST_106271,AED,Active
ACC_1007442,CUST_106272,AED,Active
ACC_1007443,CUST_106273,AED,Active
ACC_1007444,CUST_106273,AED,Active
ACC_1007445,CUST_106274,EUR,Active
ACC_1007446,CUST_106275,AED,Active
ACC_1007447,CUST_106275,AED,Active
ACC_1007448,CUST_106276,AED,Active
ACC_1007449,CUST_106277,AED,Active
ACC_1007450,CUST_106277,AED,Active
ACC_1007451,CUST_106278,AED,Active
ACC_1007452,CUST_106278,AED,Active
ACC_1007453,CUST_106279,AED,Active
ACC_1007454,CUST_106280,AED,Active
ACC_1007455,CUST_106281,AED,Active
ACC_1007456,CUST_106282,AED,Active
ACC_1007457,CUST_106283,AED,Active
ACC_1007458,CUST_106284,AED,Active
ACC_1007459,CUST_106284,EUR,Active
ACC_1007460,CUST_106285,AED,Active
ACC_1007461,CUST_106286,AED,Active
ACC_1007462,CUST_106287,AED,Active
ACC_1007463,CUST_106287,EUR,Active
ACC_1007464,CUST_106288,AED,Active
ACC_1007465,CUST_106289,AED,Active
ACC_1007466,CUST_106290,AED,Active
ACC_1007467,CUST_106291,AED,Active
ACC_1007468,CUST_106291,AED,Active
ACC_1007469,CUST_106292,AED,Active
ACC_1007470,CUST_106293,AED,Active
ACC_1007471,CUST_106294,AED,Active
ACC_1007472,CUST_106295,AED,Active
ACC_1007473,CUST_106296,AED,Active
ACC_1007474,CUST_106297,AED,Active
ACC_1007475,CUST_106298,AED,Active
ACC_1007476,CUST_106299,AED,Active
ACC_1007477,CUST_106299,AED,Active
ACC_1007478,CUST_106300,AED,Active
ACC_1007479,CUST_106301,AED,Active
ACC_1007480,CUST_106302,AED,Active
ACC_1007481,CUST_106303,AED,Active
ACC_1007482,CUST_106304,AED,Active
ACC_1007483,CUST_106304,AED,Active
ACC_1007484,CUST_106305,AED,Active
ACC_1007485,CUST_106305,AED,Active
ACC_1007486,CUST_106306,AED,Active
ACC_1007487,CUST_106307,AED,Active
ACC_1007488,CUST_106308,AED,Active
ACC_1007489,CUST_106309,AED,Active
ACC_1007490,CUST_106310,USD,Active
ACC_1007491,CUST_106310,EUR,Active
ACC_1007492,CUST_106311,AED,Active
ACC_1007493,CUST_106312,AED,Active
ACC_1007494,CUST_106313,AED,Active
ACC_1007495,CUST_106314,USD,Active
ACC_1007496,CUST_106315,AED,Active
ACC_1007497,CUST_106316,EUR,Active
ACC_1007498,CUST_106317,AED,Active
ACC_1007499,CUST_106318,AED,Active
ACC_1007500,CUST_106319,AED,Active
ACC_1007501,CUST_106319,AED,Active
ACC_1007502,CUST_106320,EUR,Active
ACC_1007503,CUST_106321,AED,Active
ACC_1007504,CUST_106322,AED,Active
ACC_1007505,CUST_106322,USD,Active
ACC_1007506,CUST_106323,AED,Active
ACC_1007507,CUST_106324,AED,Active
ACC_1007508,CUST_106325,AED,Active
ACC_1007509,CUST_106326,AED,Active
ACC_1007510,CUST_106326,AED,Active
ACC_1007511,CUST_106327,AED,Active
ACC_1007512,CUST_106328,AED,Active
ACC_1007513,CUST_106328,AED,Active
ACC_1007514,CUST_106329,AED,Active
ACC_1007515,CUST_106330,EUR,Active
ACC_1007516,CUST_106331,AED,Active
ACC_1007517,CUST_106331,AED,Active
ACC_1007518,CUST_106332,USD,Active
ACC_1007519,CUST_106333,AED,Active
ACC_1007520,CUST_106334,AED,Active
ACC_1007521,CUST_106335,AED,Active
ACC_1007522,CUST_106336,AED,Active
ACC_1007523,CUST_106337,AED,Active
ACC_1007524,CUST_106338,USD,Active
ACC_1007525,CUST_106338,AED,Active
ACC_1007526,CUST_106339,AED,Active
ACC_1007527,CUST_106340,AED,Active
ACC_1007528,CUST_106341,USD,Active
ACC_1007529,CUST_106342,AED,Active
ACC_1007530,CUST_106342,AED,Active
ACC_1007531,CUST_106343,AED,Active
ACC_1007532,CUST_106344,AED,Active
ACC_1007533,CUST_106344,AED,Active
ACC_1007534,CUST_106345,AED,Active
ACC_1007535,CUST_106346,AED,Active
ACC_1007536,CUST_106347,AED,Active
ACC_1007537,CUST_106348,AED,Active
ACC_1007538,CUST_106349,AED,Active
ACC_1007539,CUST_106350,AED,Active
ACC_1007540,CUST_106351,AED,Active
ACC_1007541,CUST_106352,AED,Active
ACC_1007542,CUST_106353,AED,Active
ACC_1007543,CUST_106353,AED,Active
ACC_1007544,CUST_106354,AED,Active
ACC_1007545,CUST_106355,AED,Active
ACC_1007546,CUST_106356,AED,Active
ACC_1007547,CUST_106356,AED,Active
ACC_1007548,CUST_106357,AED,Active
ACC_1007549,CUST_106358,AED,Active
ACC_1007550,CUST_106359,AED,Active
ACC_1007551,CUST_106360,USD,Active
ACC_1007552,CUST_106361,AED,Active
ACC_1007553,CUST_106361,AED,Active
ACC_1007554,CUST_106362,AED,Active
ACC_1007555,CUST_106363,AED,Active
ACC_1007556,CUST_106364,AED,Active
ACC_1007557,CUST_106365,AED,Active
ACC_1007558,CUST_106365,AED,Active
ACC_1007559,CUST_106366,AED,Active
ACC_1007560,CUST_106366,AED,Active
ACC_1007561,CUST_106367,AED,Active
ACC_1007562,CUST_106368,EUR,Active
ACC_1007563,CUST_106369,AED,Active
ACC_1007564,CUST_106370,AED,Active
ACC_1007565,CUST_106371,AED,Active
ACC_1007566,CUST_106372,AED,Active
ACC_1007567,CUST_106372,AED,Active
ACC_1007568,CUST_106373,AED,Active
ACC_1007569,CUST_106373,AED,Active
ACC_1007570,CUST_106374,USD,Active
ACC_1007571,CUST_106375,AED,Active
ACC_1007572,CUST_106376,AED,Active
ACC_1007573,CUST_106377,USD,Active
ACC_1007574,CUST_106377,AED,Active
ACC_1007575,CUST_106378,AED,Active
ACC_1007576,CUST_106379,AED,Active
ACC_1007577,CUST_106380,AED,Active
ACC_1007578,CUST_106381,AED,Active
ACC_1007579,CUST_106382,USD,Active
ACC_1007580,CUST_106383,AED,Active
ACC_1007581,CUST_106384,AED,Active
ACC_1007582,CUST_106384,AED,Active
ACC_1007583,CUST_106385,AED,Active
ACC_1007584,CUST_106385,USD,Active
ACC_1007585,CUST_106386,AED,Active
ACC_1007586,CUST_106387,AED,Active
ACC_1007587,CUST_106388,AED,Active
ACC_1007588,CUST_106389,AED,Active
ACC_1007589,CUST_106390,AED,Active
ACC_1007590,CUST_106391,AED,Active
ACC_1007591,CUST_106392,AED,Active
ACC_1007592,CUST_106393,USD,Active
ACC_1007593,CUST_106394,AED,Active
ACC_1007594,CUST_106395,AED,Active
ACC_1007595,CUST_106395,AED,Active
ACC_1007596,CUST_106396,AED,Active
ACC_1007597,CUST_106397,AED,Active
ACC_1007598,CUST_106398,USD,Active
ACC_1007599,CUST_106399,AED,Active
ACC_1007600,CUST_106400,USD,Active
ACC_1007601,CUST_106401,AED,Active
ACC_1007602,CUST_106402,AED,Active
ACC_1007603,CUST_106403,AED,Active
ACC_1007604,CUST_106404,AED,Active
ACC_1007605,CUST_106405,AED,Active
ACC_1007606,CUST_106406,AED,Active
ACC_1007607,CUST_106407,AED,Active
ACC_1007608,CUST_106408,AED,Active
ACC_1007609,CUST_106408,AED,Active
ACC_1007610,CUST_106409,AED,Active
ACC_1007611,CUST_106410,AED,Active
ACC_1007612,CUST_106410,AED,Active
ACC_1007613,CUST_106411,USD,Active
ACC_1007614,CUST_106411,AED,Active
ACC_1007615,CUST_106412,AED,Active
ACC_1007616,CUST_106413,USD,Active
ACC_1007617,CUST_106414,AED,Active
ACC_1007618,CUST_106415,AED,Active
ACC_1007619,CUST_106416,AED,Active
ACC_1007620,CUST_106417,USD,Active
ACC_1007621,CUST_106418,AED,Active
ACC_1007622,CUST_106419,AED,Active
ACC_1007623,CUST_106420,AED,Active
ACC_1007624,CUST_106421,AED,Active
ACC_1007625,CUST_106422,AED,Active
ACC_1007626,CUST_106422,AED,Active
ACC_1007627,CUST_106423,AED,Active
ACC_1007628,CUST_106424,AED,Active
ACC_1007629,CUST_106424,AED,Active
ACC_1007630,CUST_106425,AED,Active
ACC_1007631,CUST_106426,AED,Active
ACC_1007632,CUST_106427,AED,Active
ACC_1007633,CUST_106428,AED,Active
ACC_1007634,CUST_106429,AED,Active
ACC_1007635,CUST_106430,AED,Active
ACC_1007636,CUST_106431,AED,Active
ACC_1007637,CUST_106432,AED,Active
ACC_1007638,CUST_106433,AED,Active
ACC_1007639,CUST_106433,AED,Active
ACC_1007640,CUST_106434,AED,Active
ACC_1007641,CUST_106435,AED,Active
ACC_1007642,CUST_106436,AED,Active
ACC_1007643,CUST_106437,AED,Active
ACC_1007644,CUST_106438,AED,Active
ACC_1007645,CUST_106438,AED,Active
ACC_1007646,CUST_106439,AED,Active
ACC_1007647,CUST_106440,AED,Active
ACC_1007648,CUST_106441,USD,Active
ACC_1007649,CUST_106441,AED,Active
ACC_1007650,CUST_106442,AED,Active
ACC_1007651,CUST_106443,AED,Active
ACC_1007652,CUST_106444,AED,Active
ACC_1007653,CUST_106445,AED,Active
ACC_1007654,CUST_106446,AED,Active
ACC_1007655,CUST_106447,AED,Active
ACC_1007656,CUST_106447,AED,Active
ACC_1007657,CUST_106448,AED,Active
ACC_1007658,CUST_106449,AED,Active
ACC_1007659,CUST_106450,AED,Active
ACC_1007660,CUST_106451,AED,Active
ACC_1007661,CUST_106452,AED,Active
ACC_1007662,CUST_106453,AED,Active
ACC_1007663,CUST_106454,EUR,Active
ACC_1007664,CUST_106455,AED,Active
ACC_1007665,CUST_106455,AED,Active
ACC_1007666,CUST_106456,AED,Active
ACC_1007667,CUST_106457,AED,Active
ACC_1007668,CUST_106457,USD,Active
ACC_1007669,CUST_106458,AED,Active
ACC_1007670,CUST_106459,AED,Active
ACC_1007671,CUST_106460,AED,Active
ACC_1007672,CUST_106461,AED,Active
ACC_1007673,CUST_106461,AED,Active
ACC_1007674,CUST_106462,AED,Active
ACC_1007675,CUST_106463,AED,Active
ACC_1007676,CUST_106464,AED,Active
ACC_1007677,CUST_106465,AED,Active
ACC_1007678,CUST_106466,AED,Active
ACC_1007679,CUST_106466,AED,Active
ACC_1007680,CUST_106467,AED,Active
ACC_1007681,CUST_106468,AED,Active
ACC_1007682,CUST_106469,AED,Active
ACC_1007683,CUST_106470,AED,Active
ACC_1007684,CUST_106471,AED,Active
ACC_1007685,CUST_106471,AED,Active
ACC_1007686,CUST_106472,EUR,Active
ACC_1007687,CUST_106473,AED,Active
ACC_1007688,CUST_106473,AED,Active
ACC_1007689,CUST_106474,AED,Active
ACC_1007690,CUST_106475,AED,Active
ACC_1007691,CUST_106476,AED,Active
ACC_1007692,CUST_106477,EUR,Active
ACC_1007693,CUST_106478,AED,Active
ACC_1007694,CUST_106479,AED,Active
ACC_1007695,CUST_106480,AED,Active
ACC_1007696,CUST_106481,AED,Active
ACC_1007697,CUST_106482,AED,Active
ACC_1007698,CUST_106483,AED,Active
ACC_1007699,CUST_106484,USD,Active
ACC_1007700,CUST_106485,AED,Active
ACC_1007701,CUST_106486,AED,Active
ACC_1007702,CUST_106487,AED,Active
ACC_1007703,CUST_106488,USD,Active
ACC_1007704,CUST_106489,AED,Active
ACC_1007705,CUST_106490,AED,Active
ACC_1007706,CUST_106491,AED,Active
ACC_1007707,CUST_106492,AED,Active
ACC_1007708,CUST_106493,AED,Active
ACC_1007709,CUST_106493,AED,Active
ACC_1007710,CUST_106494,AED,Active
ACC_1007711,CUST_106495,AED,Active
ACC_1007712,CUST_106496,AED,Active
ACC_1007713,CUST_106497,AED,Active
ACC_1007714,CUST_106498,AED,Active
ACC_1007715,CUST_106499,AED,Active
ACC_1007716,CUST_106500,AED,Active
ACC_1007717,CUST_106501,AED,Active
ACC_1007718,CUST_106502,AED,Active
ACC_1007719,CUST_106503,USD,Active
ACC_1007720,CUST_106503,AED,Active
ACC_1007721,CUST_106504,AED,Active
ACC_1007722,CUST_106505,AED,Active
ACC_1007723,CUST_106505,AED,Active
ACC_1007724,CUST_106506,AED,Active
ACC_1007725,CUST_106507,AED,Active
ACC_1007726,CUST_106507,USD,Active
ACC_1007727,CUST_106508,USD,Active
ACC_1007728,CUST_106509,EUR,Active
ACC_1007729,CUST_106509,AED,Active
ACC_1007730,CUST_106510,AED,Active
ACC_1007731,CUST_106511,USD,Active
ACC_1007732,CUST_106512,AED,Active
ACC_1007733,CUST_106513,AED,Active
ACC_1007734,CUST_106514,AED,Active
ACC_1007735,CUST_106515,AED,Active
ACC_1007736,CUST_106516,AED,Active
ACC_1007737,CUST_106517,AED,Active
ACC_1007738,CUST_106517,AED,Active
ACC_1007739,CUST_106518,AED,Active
ACC_1007740,CUST_106519,EUR,Active
ACC_1007741,CUST_106520,AED,Active
ACC_1007742,CUST_106521,AED,Active
ACC_1007743,CUST_106522,AED,Active
ACC_1007744,CUST_106523,AED,Active
ACC_1007745,CUST_106524,AED,Active
ACC_1007746,CUST_106525,AED,Active
ACC_1007747,CUST_106526,AED,Active
ACC_1007748,CUST_106527,AED,Active
ACC_1007749,CUST_106527,USD,Active
ACC_1007750,CUST_106528,AED,Active
ACC_1007751,CUST_106529,AED,Active
ACC_1007752,CUST_106530,AED,Active
ACC_1007753,CUST_106531,AED,Active
ACC_1007754,CUST_106532,AED,Active
ACC_1007755,CUST_106533,AED,Active
ACC_1007756,CUST_106534,AED,Active
ACC_1007757,CUST_106535,AED,Active
ACC_1007758,CUST_106536,AED,Active
ACC_1007759,CUST_106536,AED,Active
ACC_1007760,CUST_106537,AED,Active
ACC_1007761,CUST_106538,AED,Active
ACC_1007762,CUST_106539,AED,Active
ACC_1007763,CUST_106540,AED,Active
ACC_1007764,CUST_106541,AED,Active
ACC_1007765,CUST_106542,AED,Active
ACC_1007766,CUST_106543,AED,Active
ACC_1007767,CUST_106544,AED,Active
ACC_1007768,CUST_106545,AED,Active
ACC_1007769,CUST_106545,AED,Active
ACC_1007770,CUST_106546,AED,Active
ACC_1007771,CUST_106546,AED,Active
ACC_1007772,CUST_106547,USD,Active
ACC_1007773,CUST_106548,AED,Active
ACC_1007774,CUST_106549,AED,Active
ACC_1007775,CUST_106550,AED,Active
ACC_1007776,CUST_106550,EUR,Active
ACC_1007777,CUST_106551,AED,Active
ACC_1007778,CUST_106552,AED,Active
ACC_1007779,CUST_106553,AED,Active
ACC_1007780,CUST_106554,USD,Active
ACC_1007781,CUST_106555,AED,Active
ACC_1007782,CUST_106555,AED,Active
ACC_1007783,CUST_106556,AED,Active
ACC_1007784,CUST_106557,AED,Active
ACC_1007785,CUST_106557,EUR,Active
ACC_1007786,CUST_106558,AED,Active
ACC_1007787,CUST_106559,AED,Active
ACC_1007788,CUST_106559,AED,Active
ACC_1007789,CUST_106560,AED,Active
ACC_1007790,CUST_106561,AED,Active
ACC_1007791,CUST_106561,EUR,Active
ACC_1007792,CUST_106562,EUR,Active
ACC_1007793,CUST_106563,AED,Active
ACC_1007794,CUST_106563,EUR,Active
ACC_1007795,CUST_106564,AED,Active
ACC_1007796,CUST_106565,AED,Active
ACC_1007797,CUST_106566,AED,Active
ACC_1007798,CUST_106567,AED,Active
ACC_1007799,CUST_106567,AED,Active
ACC_1007800,CUST_106568,USD,Active
ACC_1007801,CUST_106569,AED,Active
ACC_1007802,CUST_106570,USD,Active
ACC_1007803,CUST_106571,AED,Active
ACC_1007804,CUST_106572,AED,Active
ACC_1007805,CUST_106572,AED,Active
ACC_1007806,CUST_106573,USD,Active
ACC_1007807,CUST_106573,AED,Active
ACC_1007808,CUST_106574,AED,Active
ACC_1007809,CUST_106575,USD,Active
ACC_1007810,CUST_106576,AED,Active
ACC_1007811,CUST_106577,AED,Active
ACC_1007812,CUST_106578,AED,Active
ACC_1007813,CUST_106579,AED,Active
ACC_1007814,CUST_106580,AED,Active
ACC_1007815,CUST_106581,AED,Active
ACC_1007816,CUST_106582,EUR,Active
ACC_1007817,CUST_106583,USD,Active
ACC_1007818,CUST_106584,AED,Active
ACC_1007819,CUST_106584,AED,Active
ACC_1007820,CUST_106585,AED,Active
ACC_1007821,CUST_106586,AED,Active
ACC_1007822,CUST_106586,AED,Active
ACC_1007823,CUST_106587,AED,Active
ACC_1007824,CUST_106588,EUR,Active
ACC_1007825,CUST_106588,AED,Active
ACC_1007826,CUST_106589,AED,Active
ACC_1007827,CUST_106590,AED,Active
ACC_1007828,CUST_106591,AED,Active
ACC_1007829,CUST_106592,USD,Active
ACC_1007830,CUST_106593,AED,Active
ACC_1007831,CUST_106594,AED,Active
ACC_1007832,CUST_106595,AED,Active
ACC_1007833,CUST_106596,AED,Active
ACC_1007834,CUST_106597,AED,Active
ACC_1007835,CUST_106598,AED,Active
ACC_1007836,CUST_106599,AED,Active
ACC_1007837,CUST_106600,AED,Active
ACC_1007838,CUST_106601,AED,Active
ACC_1007839,CUST_106602,AED,Active
ACC_1007840,CUST_106603,AED,Active
ACC_1007841,CUST_106604,AED,Active
ACC_1007842,CUST_106605,AED,Active
ACC_1007843,CUST_106606,AED,Active
ACC_1007844,CUST_106607,AED,Active
ACC_1007845,CUST_106608,AED,Active
ACC_1007846,CUST_106609,AED,Active
ACC_1007847,CUST_106610,AED,Active
ACC_1007848,CUST_106611,AED,Active
ACC_1007849,CUST_106612,EUR,Active
ACC_1007850,CUST_106613,AED,Active
ACC_1007851,CUST_106614,AED,Active
ACC_1007852,CUST_106614,AED,Active
ACC_1007853,CUST_106615,AED,Active
ACC_1007854,CUST_106616,AED,Active
ACC_1007855,CUST_106617,EUR,Active
ACC_1007856,CUST_106618,AED,Active
ACC_1007857,CUST_106619,AED,Active
ACC_1007858,CUST_106619,AED,Active
ACC_1007859,CUST_106620,AED,Active
ACC_1007860,CUST_106621,AED,Active
ACC_1007861,CUST_106621,USD,Active
ACC_1007862,CUST_106622,AED,Active
ACC_1007863,CUST_106623,AED,Active
ACC_1007864,CUST_106623,USD,Active
ACC_1007865,CUST_106624,AED,Active
ACC_1007866,CUST_106625,USD,Active
ACC_1007867,CUST_106626,AED,Active
ACC_1007868,CUST_106626,AED,Active
ACC_1007869,CUST_106627,AED,Active
ACC_1007870,CUST_106628,AED,Active
ACC_1007871,CUST_106628,USD,Active
ACC_1007872,CUST_106629,AED,Active
ACC_1007873,CUST_106630,USD,Active
ACC_1007874,CUST_106630,AED,Active
ACC_1007875,CUST_106631,AED,Active
ACC_1007876,CUST_106632,AED,Active
ACC_1007877,CUST_106632,AED,Active
ACC_1007878,CUST_106633,AED,Active
ACC_1007879,CUST_106634,USD,Active
ACC_1007880,CUST_106635,AED,Active
ACC_1007881,CUST_106635,EUR,Active
ACC_1007882,CUST_106636,AED,Active
ACC_1007883,CUST_106636,AED,Active
ACC_1007884,CUST_106637,AED,Active
ACC_1007885,CUST_106638,EUR,Active
ACC_1007886,CUST_106639,AED,Active
ACC_1007887,CUST_106640,EUR,Active
ACC_1007888,CUST_106641,AED,Active
ACC_1007889,CUST_106641,AED,Active
ACC_1007890,CUST_106642,AED,Active
ACC_1007891,CUST_106643,AED,Active
ACC_1007892,CUST_106644,AED,Active
ACC_1007893,CUST_106645,AED,Active
ACC_1007894,CUST_106646,AED,Active
ACC_1007895,CUST_106647,AED,Active
ACC_1007896,CUST_106648,EUR,Active
ACC_1007897,CUST_106648,AED,Active
ACC_1007898,CUST_106649,AED,Active
ACC_1007899,CUST_106650,AED,Active
ACC_1007900,CUST_106651,AED,Active
ACC_1007901,CUST_106652,AED,Active
ACC_1007902,CUST_106652,AED,Active
ACC_1007903,CUST_106653,AED,Active
ACC_1007904,CUST_106654,AED,Active
ACC_1007905,CUST_106655,EUR,Active
ACC_1007906,CUST_106656,AED,Active
ACC_1007907,CUST_106657,AED,Active
ACC_1007908,CUST_106658,AED,Active
ACC_1007909,CUST_106659,AED,Active
ACC_1007910,CUST_106659,AED,Active
ACC_1007911,CUST_106660,AED,Active
ACC_1007912,CUST_106661,AED,Active
ACC_1007913,CUST_106662,AED,Active
ACC_1007914,CUST_106662,USD,Active
ACC_1007915,CUST_106663,AED,Active
ACC_1007916,CUST_106664,AED,Active
ACC_1007917,CUST_106665,AED,Active
ACC_1007918,CUST_106666,AED,Active
ACC_1007919,CUST_106667,AED,Active
ACC_1007920,CUST_106668,AED,Active
ACC_1007921,CUST_106669,AED,Active
ACC_1007922,CUST_106670,USD,Active
ACC_1007923,CUST_106671,AED,Active
ACC_1007924,CUST_106672,AED,Active
ACC_1007925,CUST_106673,AED,Active
ACC_1007926,CUST_106673,AED,Active
ACC_1007927,CUST_106674,USD,Active
ACC_1007928,CUST_106675,AED,Active
ACC_1007929,CUST_106676,AED,Active
ACC_1007930,CUST_106676,AED,Active
ACC_1007931,CUST_106677,AED,Active
ACC_1007932,CUST_106678,AED,Active
ACC_1007933,CUST_106679,AED,Active
ACC_1007934,CUST_106680,AED,Active
ACC_1007935,CUST_106681,AED,Active
ACC_1007936,CUST_106682,AED,Active
ACC_1007937,CUST_106683,USD,Active
ACC_1007938,CUST_106684,AED,Active
ACC_1007939,CUST_106684,USD,Active
ACC_1007940,CUST_106685,AED,Active
ACC_1007941,CUST_106686,AED,Active
ACC_1007942,CUST_106686,AED,Active
ACC_1007943,CUST_106687,AED,Active
ACC_1007944,CUST_106688,AED,Active
ACC_1007945,CUST_106689,AED,Active
ACC_1007946,CUST_106690,USD,Active
ACC_1007947,CUST_106691,AED,Active
ACC_1007948,CUST_106692,AED,Active
ACC_1007949,CUST_106692,AED,Active
ACC_1007950,CUST_106693,AED,Active
ACC_1007951,CUST_106694,AED,Active
ACC_1007952,CUST_106695,AED,Active
ACC_1007953,CUST_106696,AED,Active
ACC_1007954,CUST_106697,AED,Active
ACC_1007955,CUST_106698,AED,Active
ACC_1007956,CUST_106699,AED,Active
ACC_1007957,CUST_106700,AED,Active
ACC_1007958,CUST_106700,AED,Active
ACC_1007959,CUST_106701,EUR,Active
ACC_1007960,CUST_106702,USD,Active
ACC_1007961,CUST_106702,AED,Active
ACC_1007962,CUST_106703,AED,Active
ACC_1007963,CUST_106704,USD,Active
ACC_1007964,CUST_106705,AED,Active
ACC_1007965,CUST_106705,AED,Active
ACC_1007966,CUST_106706,AED,Active
ACC_1007967,CUST_106706,AED,Active
ACC_1007968,CUST_106707,AED,Active
ACC_1007969,CUST_106707,AED,Active
ACC_1007970,CUST_106708,AED,Active
ACC_1007971,CUST_106709,AED,Active
ACC_1007972,CUST_106710,EUR,Active
ACC_1007973,CUST_106711,AED,Active
ACC_1007974,CUST_106712,AED,Active
ACC_1007975,CUST_106713,AED,Active
ACC_1007976,CUST_106714,AED,Active
ACC_1007977,CUST_106715,AED,Active
ACC_1007978,CUST_106716,AED,Active
ACC_1007979,CUST_106717,AED,Active
ACC_1007980,CUST_106718,AED,Active
ACC_1007981,CUST_106718,AED,Active
ACC_1007982,CUST_106719,AED,Active
ACC_1007983,CUST_106720,AED,Active
ACC_1007984,CUST_106721,AED,Active
ACC_1007985,CUST_106722,EUR,Active
ACC_1007986,CUST_106723,AED,Active
ACC_1007987,CUST_106724,AED,Active
ACC_1007988,CUST_106725,AED,Active
ACC_1007989,CUST_106725,AED,Active
ACC_1007990,CUST_106726,AED,Active
ACC_1007991,CUST_106727,AED,Active
ACC_1007992,CUST_106728,AED,Active
ACC_1007993,CUST_106729,AED,Active
ACC_1007994,CUST_106730,AED,Active
ACC_1007995,CUST_106731,AED,Active
ACC_1007996,CUST_106732,AED,Active
ACC_1007997,CUST_106733,AED,Active
ACC_1007998,CUST_106734,AED,Active
ACC_1007999,CUST_106734,AED,Active
ACC_1008000,CUST_106735,AED,Active
ACC_1008001,CUST_106736,AED,Active
ACC_1008002,CUST_106737,AED,Active
ACC_1008003,CUST_106738,AED,Active
ACC_1008004,CUST_106738,USD,Active
ACC_1008005,CUST_106739,AED,Active
ACC_1008006,CUST_106740,AED,Active
ACC_1008007,CUST_106741,USD,Active
ACC_1008008,CUST_106742,AED,Active
ACC_1008009,CUST_106743,AED,Active
ACC_1008010,CUST_106744,AED,Active
ACC_1008011,CUST_106745,USD,Active
ACC_1008012,CUST_106746,AED,Active
ACC_1008013,CUST_106747,AED,Active
ACC_1008014,CUST_106747,EUR,Active
ACC_1008015,CUST_106748,AED,Active
ACC_1008016,CUST_106749,AED,Active
ACC_1008017,CUST_106750,AED,Active
ACC_1008018,CUST_106751,AED,Active
ACC_1008019,CUST_106752,AED,Active
ACC_1008020,CUST_106753,AED,Active
ACC_1008021,CUST_106754,AED,Active
ACC_1008022,CUST_106755,AED,Active
ACC_1008023,CUST_106756,AED,Active
ACC_1008024,CUST_106757,EUR,Active
ACC_1008025,CUST_106758,AED,Active
ACC_1008026,CUST_106759,USD,Active
ACC_1008027,CUST_106759,AED,Active
ACC_1008028,CUST_106760,AED,Active
ACC_1008029,CUST_106761,AED,Active
ACC_1008030,CUST_106762,EUR,Active
ACC_1008031,CUST_106763,AED,Active
ACC_1008032,CUST_106764,AED,Active
ACC_1008033,CUST_106764,AED,Active
ACC_1008034,CUST_106765,EUR,Active
ACC_1008035,CUST_106765,AED,Active
ACC_1008036,CUST_106766,AED,Active
ACC_1008037,CUST_106767,AED,Active
ACC_1008038,CUST_106768,AED,Active
ACC_1008039,CUST_106769,AED,Active
ACC_1008040,CUST_106770,AED,Active
ACC_1008041,CUST_106771,AED,Active
ACC_1008042,CUST_106772,AED,Active
ACC_1008043,CUST_106773,USD,Active
ACC_1008044,CUST_106773,AED,Active
ACC_1008045,CUST_106774,AED,Active
ACC_1008046,CUST_106775,AED,Active
ACC_1008047,CUST_106775,USD,Active
ACC_1008048,CUST_106776,AED,Active
ACC_1008049,CUST_106777,USD,Active
ACC_1008050,CUST_106778,AED,Active
ACC_1008051,CUST_106779,AED,Active
ACC_1008052,CUST_106780,AED,Active
ACC_1008053,CUST_106781,AED,Active
ACC_1008054,CUST_106782,AED,Active
ACC_1008055,CUST_106783,AED,Active
ACC_1008056,CUST_106784,AED,Active
ACC_1008057,CUST_106785,AED,Active
ACC_1008058,CUST_106786,AED,Active
ACC_1008059,CUST_106787,AED,Active
ACC_1008060,CUST_106788,AED,Active
ACC_1008061,CUST_106789,AED,Active
ACC_1008062,CUST_106790,AED,Active
ACC_1008063,CUST_106791,AED,Active
ACC_1008064,CUST_106791,AED,Active
ACC_1008065,CUST_106792,AED,Active
ACC_1008066,CUST_106793,AED,Active
ACC_1008067,CUST_106794,AED,Active
ACC_1008068,CUST_106795,AED,Active
ACC_1008069,CUST_106796,AED,Active
ACC_1008070,CUST_106797,AED,Active
ACC_1008071,CUST_106798,USD,Active
ACC_1008072,CUST_106799,AED,Active
ACC_1008073,CUST_106800,AED,Active
ACC_1008074,CUST_106800,AED,Active
ACC_1008075,CUST_106801,USD,Active
ACC_1008076,CUST_106802,AED,Active
ACC_1008077,CUST_106803,AED,Active
ACC_1008078,CUST_106804,AED,Active
ACC_1008079,CUST_106804,AED,Active
ACC_1008080,CUST_106805,AED,Active
ACC_1008081,CUST_106806,AED,Active
ACC_1008082,CUST_106807,EUR,Active
ACC_1008083,CUST_106808,AED,Active
ACC_1008084,CUST_106809,AED,Active
ACC_1008085,CUST_106809,USD,Active
ACC_1008086,CUST_106810,AED,Active
ACC_1008087,CUST_106811,AED,Active
ACC_1008088,CUST_106812,AED,Active
ACC_1008089,CUST_106813,AED,Active
ACC_1008090,CUST_106814,USD,Active
ACC_1008091,CUST_106815,AED,Active
ACC_1008092,CUST_106816,AED,Active
ACC_1008093,CUST_106817,AED,Active
ACC_1008094,CUST_106818,AED,Active
ACC_1008095,CUST_106819,AED,Active
ACC_1008096,CUST_106820,AED,Active
ACC_1008097,CUST_106820,AED,Active
ACC_1008098,CUST_106821,AED,Active
ACC_1008099,CUST_106822,USD,Active
ACC_1008100,CUST_106823,AED,Active
ACC_1008101,CUST_106823,USD,Active
ACC_1008102,CUST_106824,AED,Active
ACC_1008103,CUST_106824,AED,Active
ACC_1008104,CUST_106825,AED,Active
ACC_1008105,CUST_106826,EUR,Active
ACC_1008106,CUST_106827,AED,Active
ACC_1008107,CUST_106828,AED,Active
ACC_1008108,CUST_106829,AED,Active
ACC_1008109,CUST_106830,AED,Active
ACC_1008110,CUST_106831,AED,Active
ACC_1008111,CUST_106831,AED,Active
ACC_1008112,CUST_106832,AED,Active
ACC_1008113,CUST_106832,AED,Active
ACC_1008114,CUST_106833,AED,Active
ACC_1008115,CUST_106834,AED,Active
ACC_1008116,CUST_106835,AED,Active
ACC_1008117,CUST_106836,AED,Active
ACC_1008118,CUST_106837,USD,Active
ACC_1008119,CUST_106838,AED,Active
ACC_1008120,CUST_106839,AED,Active
ACC_1008121,CUST_106839,AED,Active
ACC_1008122,CUST_106840,AED,Active
ACC_1008123,CUST_106841,AED,Active
ACC_1008124,CUST_106842,AED,Active
ACC_1008125,CUST_106843,AED,Active
ACC_1008126,CUST_106844,AED,Active
ACC_1008127,CUST_106845,EUR,Active
ACC_1008128,CUST_106846,EUR,Active
ACC_1008129,CUST_106847,AED,Active
ACC_1008130,CUST_106848,AED,Active
ACC_1008131,CUST_106849,EUR,Active
ACC_1008132,CUST_106849,AED,Active
ACC_1008133,CUST_106850,AED,Active
ACC_1008134,CUST_106851,AED,Active
ACC_1008135,CUST_106852,AED,Active
ACC_1008136,CUST_106853,EUR,Active
ACC_1008137,CUST_106854,AED,Active
ACC_1008138,CUST_106855,AED,Active
ACC_1008139,CUST_106856,AED,Active
ACC_1008140,CUST_106856,USD,Active
ACC_1008141,CUST_106857,AED,Active
ACC_1008142,CUST_106858,AED,Active
ACC_1008143,CUST_106859,AED,Active
ACC_1008144,CUST_106860,AED,Active
ACC_1008145,CUST_106861,AED,Active
ACC_1008146,CUST_106862,AED,Active
ACC_1008147,CUST_106863,USD,Active
ACC_1008148,CUST_106864,AED,Active
ACC_1008149,CUST_106865,USD,Active
ACC_1008150,CUST_106866,AED,Active
ACC_1008151,CUST_106867,AED,Active
ACC_1008152,CUST_106868,AED,Active
ACC_1008153,CUST_106869,AED,Active
ACC_1008154,CUST_106870,AED,Active
ACC_1008155,CUST_106870,AED,Active
ACC_1008156,CUST_106871,AED,Active
ACC_1008157,CUST_106872,USD,Active
ACC_1008158,CUST_106873,AED,Active
ACC_1008159,CUST_106873,EUR,Active
ACC_1008160,CUST_106874,AED,Active
ACC_1008161,CUST_106875,AED,Active
ACC_1008162,CUST_106875,AED,Active
ACC_1008163,CUST_106876,AED,Active
ACC_1008164,CUST_106877,AED,Active
ACC_1008165,CUST_106878,EUR,Active
ACC_1008166,CUST_106879,AED,Active
ACC_1008167,CUST_106880,AED,Active
ACC_1008168,CUST_106881,AED,Active
ACC_1008169,CUST_106882,AED,Active
ACC_1008170,CUST_106883,AED,Active
ACC_1008171,CUST_106884,AED,Active
ACC_1008172,CUST_106885,AED,Active
ACC_1008173,CUST_106886,AED,Active
ACC_1008174,CUST_106887,AED,Active
ACC_1008175,CUST_106888,AED,Active
ACC_1008176,CUST_106889,AED,Active
ACC_1008177,CUST_106890,AED,Active
ACC_1008178,CUST_106891,AED,Active
ACC_1008179,CUST_106891,AED,Active
ACC_1008180,CUST_106892,EUR,Active
ACC_1008181,CUST_106893,AED,Active
ACC_1008182,CUST_106894,AED,Active
ACC_1008183,CUST_106894,AED,Active
ACC_1008184,CUST_106895,AED,Active
ACC_1008185,CUST_106895,AED,Active
ACC_1008186,CUST_106896,AED,Active
ACC_1008187,CUST_106897,AED,Active
ACC_1008188,CUST_106898,AED,Active
ACC_1008189,CUST_106899,AED,Active
ACC_1008190,CUST_106900,USD,Active
ACC_1008191,CUST_106900,AED,Active
ACC_1008192,CUST_106901,AED,Active
ACC_1008193,CUST_106902,AED,Active
ACC_1008194,CUST_106903,AED,Active
ACC_1008195,CUST_106904,AED,Active
ACC_1008196,CUST_106905,AED,Active
ACC_1008197,CUST_106905,AED,Active
ACC_1008198,CUST_106906,AED,Active
ACC_1008199,CUST_106907,AED,Active
ACC_1008200,CUST_106908,AED,Active
ACC_1008201,CUST_106909,AED,Active
ACC_1008202,CUST_106910,AED,Active
ACC_1008203,CUST_106911,AED,Active
ACC_1008204,CUST_106911,AED,Active
ACC_1008205,CUST_106912,AED,Active
ACC_1008206,CUST_106913,AED,Active
ACC_1008207,CUST_106913,AED,Active
ACC_1008208,CUST_106914,AED,Active
ACC_1008209,CUST_106915,AED,Active
ACC_1008210,CUST_106916,AED,Active
ACC_1008211,CUST_106916,AED,Active
ACC_1008212,CUST_106917,AED,Active
ACC_1008213,CUST_106918,AED,Active
ACC_1008214,CUST_106918,AED,Active
ACC_1008215,CUST_106919,AED,Active
ACC_1008216,CUST_106920,EUR,Active
ACC_1008217,CUST_106921,AED,Active
ACC_1008218,CUST_106922,USD,Active
ACC_1008219,CUST_106923,AED,Active
ACC_1008220,CUST_106924,USD,Active
ACC_1008221,CUST_106924,AED,Active
ACC_1008222,CUST_106925,AED,Active
ACC_1008223,CUST_106926,AED,Active
ACC_1008224,CUST_106927,USD,Active
ACC_1008225,CUST_106927,AED,Active
ACC_1008226,CUST_106928,AED,Active
ACC_1008227,CUST_106928,AED,Active
ACC_1008228,CUST_106929,AED,Active
ACC_1008229,CUST_106929,EUR,Active
ACC_1008230,CUST_106930,AED,Active
ACC_1008231,CUST_106931,USD,Active
ACC_1008232,CUST_106931,AED,Active
ACC_1008233,CUST_106932,AED,Active
ACC_1008234,CUST_106933,AED,Active
ACC_1008235,CUST_106934,AED,Active
ACC_1008236,CUST_106935,AED,Active
ACC_1008237,CUST_106936,AED,Active
ACC_1008238,CUST_106936,USD,Active
ACC_1008239,CUST_106937,AED,Active
ACC_1008240,CUST_106938,AED,Active
ACC_1008241,CUST_106938,AED,Active
ACC_1008242,CUST_106939,AED,Active
ACC_1008243,CUST_106939,AED,Active
ACC_1008244,CUST_106940,AED,Active
ACC_1008245,CUST_106941,AED,Active
ACC_1008246,CUST_106942,AED,Active
ACC_1008247,CUST_106943,AED,Active
ACC_1008248,CUST_106944,AED,Active
ACC_1008249,CUST_106945,AED,Active
ACC_1008250,CUST_106946,USD,Active
ACC_1008251,CUST_106946,USD,Active
ACC_1008252,CUST_106947,AED,Active
ACC_1008253,CUST_106947,AED,Active
ACC_1008254,CUST_106948,AED,Active
ACC_1008255,CUST_106948,AED,Active
ACC_1008256,CUST_106949,AED,Active
ACC_1008257,CUST_106949,USD,Active
ACC_1008258,CUST_106950,AED,Active
ACC_1008259,CUST_106951,AED,Active
ACC_1008260,CUST_106952,AED,Active
ACC_1008261,CUST_106953,AED,Active
ACC_1008262,CUST_106954,AED,Active
ACC_1008263,CUST_106954,AED,Active
ACC_1008264,CUST_106955,AED,Active
ACC_1008265,CUST_106956,USD,Active
ACC_1008266,CUST_106957,USD,Active
ACC_1008267,CUST_106958,AED,Active
ACC_1008268,CUST_106958,AED,Active
ACC_1008269,CUST_106959,AED,Active
ACC_1008270,CUST_106959,AED,Active
ACC_1008271,CUST_106960,AED,Active
ACC_1008272,CUST_106960,USD,Active
ACC_1008273,CUST_106961,AED,Active
ACC_1008274,CUST_106962,AED,Active
ACC_1008275,CUST_106963,AED,Active
ACC_1008276,CUST_106964,AED,Active
ACC_1008277,CUST_106965,AED,Active
ACC_1008278,CUST_106966,AED,Active
ACC_1008279,CUST_106966,AED,Active
ACC_1008280,CUST_106967,USD,Active
ACC_1008281,CUST_106968,AED,Active
ACC_1008282,CUST_106969,AED,Active
ACC_1008283,CUST_106970,AED,Active
ACC_1008284,CUST_106971,AED,Active
ACC_1008285,CUST_106972,AED,Active
ACC_1008286,CUST_106973,AED,Active
ACC_1008287,CUST_106974,AED,Active
ACC_1008288,CUST_106975,AED,Active
ACC_1008289,CUST_106976,USD,Active
ACC_1008290,CUST_106976,AED,Active
ACC_1008291,CUST_106977,AED,Active
ACC_1008292,CUST_106978,EUR,Active
ACC_1008293,CUST_106979,AED,Active
ACC_1008294,CUST_106980,AED,Active
ACC_1008295,CUST_106980,USD,Active
ACC_1008296,CUST_106981,EUR,Active
ACC_1008297,CUST_106982,AED,Active
ACC_1008298,CUST_106983,AED,Active
ACC_1008299,CUST_106984,AED,Active
ACC_1008300,CUST_106985,AED,Active
ACC_1008301,CUST_106985,AED,Active
ACC_1008302,CUST_106986,AED,Active
ACC_1008303,CUST_106986,AED,Active
ACC_1008304,CUST_106987,AED,Active
ACC_1008305,CUST_106988,AED,Active
ACC_1008306,CUST_106988,USD,Active
ACC_1008307,CUST_106989,AED,Active
ACC_1008308,CUST_106989,AED,Active
ACC_1008309,CUST_106990,AED,Active
ACC_1008310,CUST_106991,USD,Active
ACC_1008311,CUST_106991,AED,Active
ACC_1008312,CUST_106992,AED,Active
ACC_1008313,CUST_106993,AED,Active
ACC_1008314,CUST_106994,AED,Active
ACC_1008315,CUST_106995,AED,Active
ACC_1008316,CUST_106996,AED,Active
ACC_1008317,CUST_106997,AED,Active
ACC_1008318,CUST_106997,AED,Active
ACC_1008319,CUST_106998,AED,Active
ACC_1008320,CUST_106998,AED,Active
ACC_1008321,CUST_106999,AED,Active
ACC_1008322,CUST_106999,AED,Active
ACC_1008323,CUST_107000,AED,Active
ACC_1008324,CUST_107001,AED,Active
ACC_1008325,CUST_107001,EUR,Active
ACC_1008326,CUST_107002,AED,Active
ACC_1008327,CUST_107003,USD,Active
ACC_1008328,CUST_107004,USD,Active
ACC_1008329,CUST_107005,AED,Active
ACC_1008330,CUST_107006,AED,Active
ACC_1008331,CUST_107007,AED,Active
ACC_1008332,CUST_107008,AED,Active
ACC_1008333,CUST_107009,EUR,Active
ACC_1008334,CUST_107010,AED,Active
ACC_1008335,CUST_107011,USD,Active
ACC_1008336,CUST_107012,AED,Active
ACC_1008337,CUST_107013,AED,Active
ACC_1008338,CUST_107014,AED,Active
ACC_1008339,CUST_107014,AED,Active
ACC_1008340,CUST_107015,AED,Active
ACC_1008341,CUST_107016,AED,Active
ACC_1008342,CUST_107016,AED,Active
ACC_1008343,CUST_107017,EUR,Active
ACC_1008344,CUST_107018,AED,Active
ACC_1008345,CUST_107019,AED,Active
ACC_1008346,CUST_107020,AED,Active
ACC_1008347,CUST_107020,EUR,Active
ACC_1008348,CUST_107021,AED,Active
ACC_1008349,CUST_107022,EUR,Active
ACC_1008350,CUST_107023,EUR,Active
ACC_1008351,CUST_107024,AED,Active
ACC_1008352,CUST_107025,AED,Active
ACC_1008353,CUST_107026,EUR,Active
ACC_1008354,CUST_107026,AED,Active
ACC_1008355,CUST_107027,AED,Active
ACC_1008356,CUST_107028,EUR,Active
ACC_1008357,CUST_107029,EUR,Active
ACC_1008358,CUST_107030,EUR,Active
ACC_1008359,CUST_107030,AED,Active
ACC_1008360,CUST_107031,AED,Active
ACC_1008361,CUST_107031,AED,Active
ACC_1008362,CUST_107032,AED,Active
ACC_1008363,CUST_107033,AED,Active
ACC_1008364,CUST_107034,AED,Active
ACC_1008365,CUST_107034,AED,Active
ACC_1008366,CUST_107035,AED,Active
ACC_1008367,CUST_107036,AED,Active
ACC_1008368,CUST_107037,AED,Active
ACC_1008369,CUST_107038,EUR,Active
ACC_1008370,CUST_107039,AED,Active
ACC_1008371,CUST_107040,AED,Active
ACC_1008372,CUST_107041,AED,Active
ACC_1008373,CUST_107042,AED,Active
ACC_1008374,CUST_107043,USD,Active
ACC_1008375,CUST_107044,AED,Active
ACC_1008376,CUST_107045,EUR,Active
ACC_1008377,CUST_107046,AED,Active
ACC_1008378,CUST_107047,AED,Active
ACC_1008379,CUST_107048,AED,Active
ACC_1008380,CUST_107049,AED,Active
ACC_1008381,CUST_107050,AED,Active
ACC_1008382,CUST_107051,AED,Active
ACC_1008383,CUST_107051,AED,Active
ACC_1008384,CUST_107052,AED,Active
ACC_1008385,CUST_107053,USD,Active
ACC_1008386,CUST_107054,AED,Active
ACC_1008387,CUST_107055,AED,Active
ACC_1008388,CUST_107056,AED,Active
ACC_1008389,CUST_107056,AED,Active
ACC_1008390,CUST_107057,AED,Active
ACC_1008391,CUST_107057,AED,Active
ACC_1008392,CUST_107058,AED,Active
ACC_1008393,CUST_107058,AED,Active
ACC_1008394,CUST_107059,AED,Active
ACC_1008395,CUST_107060,AED,Active
ACC_1008396,CUST_107061,AED,Active
ACC_1008397,CUST_107062,AED,Active
ACC_1008398,CUST_107063,AED,Active
ACC_1008399,CUST_107064,AED,Active
ACC_1008400,CUST_107064,AED,Active
ACC_1008401,CUST_107065,AED,Active
ACC_1008402,CUST_107066,AED,Active
ACC_1008403,CUST_107067,AED,Active
ACC_1008404,CUST_107068,AED,Active
ACC_1008405,CUST_107069,AED,Active
ACC_1008406,CUST_107069,EUR,Active
ACC_1008407,CUST_107070,AED,Active
ACC_1008408,CUST_107071,AED,Active
ACC_1008409,CUST_107071,AED,Active
ACC_1008410,CUST_107072,EUR,Active
ACC_1008411,CUST_107073,AED,Active
ACC_1008412,CUST_107074,AED,Active
ACC_1008413,CUST_107075,AED,Active
ACC_1008414,CUST_107075,AED,Active
ACC_1008415,CUST_107076,AED,Active
ACC_1008416,CUST_107076,AED,Active
ACC_1008417,CUST_107077,AED,Active
ACC_1008418,CUST_107077,AED,Active
ACC_1008419,CUST_107078,AED,Active
ACC_1008420,CUST_107079,AED,Active
ACC_1008421,CUST_107080,AED,Active
ACC_1008422,CUST_107080,AED,Active
ACC_1008423,CUST_107081,AED,Active
ACC_1008424,CUST_107081,AED,Active
ACC_1008425,CUST_107082,AED,Active
ACC_1008426,CUST_107083,USD,Active
ACC_1008427,CUST_107084,USD,Active
ACC_1008428,CUST_107085,AED,Active
ACC_1008429,CUST_107086,EUR,Active
ACC_1008430,CUST_107087,AED,Active
ACC_1008431,CUST_107087,AED,Active
ACC_1008432,CUST_107088,AED,Active
ACC_1008433,CUST_107089,AED,Active
ACC_1008434,CUST_107090,USD,Active
ACC_1008435,CUST_107091,AED,Active
ACC_1008436,CUST_107092,AED,Active
ACC_1008437,CUST_107093,AED,Active
ACC_1008438,CUST_107094,AED,Active
ACC_1008439,CUST_107094,AED,Active
ACC_1008440,CUST_107095,AED,Active
ACC_1008441,CUST_107096,AED,Active
ACC_1008442,CUST_107097,AED,Active
ACC_1008443,CUST_107098,AED,Active
ACC_1008444,CUST_107099,USD,Active
ACC_1008445,CUST_107100,AED,Active
ACC_1008446,CUST_107101,USD,Active
ACC_1008447,CUST_107102,AED,Active
ACC_1008448,CUST_107103,AED,Active
ACC_1008449,CUST_107104,AED,Active
ACC_1008450,CUST_107105,AED,Active
ACC_1008451,CUST_107106,AED,Active
ACC_1008452,CUST_107106,AED,Active
ACC_1008453,CUST_107107,AED,Active
ACC_1008454,CUST_107108,AED,Active
ACC_1008455,CUST_107109,AED,Active
ACC_1008456,CUST_107110,USD,Active
ACC_1008457,CUST_107111,AED,Active
ACC_1008458,CUST_107112,AED,Active
ACC_1008459,CUST_107113,AED,Active
ACC_1008460,CUST_107113,AED,Active
ACC_1008461,CUST_107114,AED,Active
ACC_1008462,CUST_107115,AED,Active
ACC_1008463,CUST_107116,AED,Active
ACC_1008464,CUST_107117,AED,Active
ACC_1008465,CUST_107117,EUR,Active
ACC_1008466,CUST_107118,AED,Active
ACC_1008467,CUST_107119,AED,Active
ACC_1008468,CUST_107120,AED,Active
ACC_1008469,CUST_107121,AED,Active
ACC_1008470,CUST_107122,AED,Active
ACC_1008471,CUST_107123,AED,Active
ACC_1008472,CUST_107124,AED,Active
ACC_1008473,CUST_107125,AED,Active
ACC_1008474,CUST_107126,USD,Active
ACC_1008475,CUST_107127,AED,Active
ACC_1008476,CUST_107127,AED,Active
ACC_1008477,CUST_107128,AED,Active
ACC_1008478,CUST_107129,AED,Active
ACC_1008479,CUST_107129,AED,Active
ACC_1008480,CUST_107130,AED,Active
ACC_1008481,CUST_107131,AED,Active
ACC_1008482,CUST_107132,AED,Active
ACC_1008483,CUST_107132,AED,Active
ACC_1008484,CUST_107133,AED,Active
ACC_1008485,CUST_107133,AED,Active
ACC_1008486,CUST_107134,USD,Active
ACC_1008487,CUST_107135,AED,Active
ACC_1008488,CUST_107136,AED,Active
ACC_1008489,CUST_107137,AED,Active
ACC_1008490,CUST_107138,AED,Active
ACC_1008491,CUST_107139,AED,Active
ACC_1008492,CUST_107139,AED,Active
ACC_1008493,CUST_107140,USD,Active
ACC_1008494,CUST_107141,AED,Active
ACC_1008495,CUST_107142,AED,Active
ACC_1008496,CUST_107143,EUR,Active
ACC_1008497,CUST_107144,AED,Active
ACC_1008498,CUST_107145,EUR,Active
ACC_1008499,CUST_107146,AED,Active
ACC_1008500,CUST_107147,AED,Active
ACC_1008501,CUST_107148,AED,Active
ACC_1008502,CUST_107149,AED,Active
ACC_1008503,CUST_107150,AED,Active
ACC_1008504,CUST_107151,AED,Active
ACC_1008505,CUST_107152,AED,Active
ACC_1008506,CUST_107153,AED,Active
ACC_1008507,CUST_107154,AED,Active
ACC_1008508,CUST_107155,AED,Active
ACC_1008509,CUST_107156,AED,Active
ACC_1008510,CUST_107157,AED,Active
ACC_1008511,CUST_107158,AED,Active
ACC_1008512,CUST_107159,USD,Active
ACC_1008513,CUST_107160,AED,Active
ACC_1008514,CUST_107161,AED,Active
ACC_1008515,CUST_107162,AED,Active
ACC_1008516,CUST_107163,EUR,Active
ACC_1008517,CUST_107164,EUR,Active
ACC_1008518,CUST_107165,AED,Active
ACC_1008519,CUST_107166,AED,Active
ACC_1008520,CUST_107167,USD,Active
ACC_1008521,CUST_107167,USD,Active
ACC_1008522,CUST_107168,AED,Active
ACC_1008523,CUST_107169,AED,Active
ACC_1008524,CUST_107170,EUR,Active
ACC_1008525,CUST_107171,AED,Active
ACC_1008526,CUST_107171,USD,Active
ACC_1008527,CUST_107172,AED,Active
ACC_1008528,CUST_107172,AED,Active
ACC_1008529,CUST_107173,AED,Active
ACC_1008530,CUST_107174,AED,Active
ACC_1008531,CUST_107175,AED,Active
ACC_1008532,CUST_107176,AED,Active
ACC_1008533,CUST_107177,AED,Active
ACC_1008534,CUST_107177,AED,Active
ACC_1008535,CUST_107178,AED,Active
ACC_1008536,CUST_107178,AED,Active
ACC_1008537,CUST_107179,AED,Active
ACC_1008538,CUST_107180,AED,Active
ACC_1008539,CUST_107181,AED,Active
ACC_1008540,CUST_107182,AED,Active
ACC_1008541,CUST_107183,AED,Active
ACC_1008542,CUST_107183,AED,Active
ACC_1008543,CUST_107184,AED,Active
ACC_1008544,CUST_107184,AED,Active
ACC_1008545,CUST_107185,USD,Active
ACC_1008546,CUST_107185,AED,Active
ACC_1008547,CUST_107186,AED,Active
ACC_1008548,CUST_107187,AED,Active
ACC_1008549,CUST_107188,AED,Active
ACC_1008550,CUST_107189,AED,Active
ACC_1008551,CUST_107190,AED,Active
ACC_1008552,CUST_107190,AED,Active
ACC_1008553,CUST_107191,USD,Active
ACC_1008554,CUST_107192,AED,Active
ACC_1008555,CUST_107193,AED,Active
ACC_1008556,CUST_107194,USD,Active
ACC_1008557,CUST_107194,AED,Active
ACC_1008558,CUST_107195,AED,Active
ACC_1008559,CUST_107196,AED,Active
ACC_1008560,CUST_107197,AED,Active
ACC_1008561,CUST_107197,AED,Active
ACC_1008562,CUST_107198,AED,Active
ACC_1008563,CUST_107199,USD,Active
ACC_1008564,CUST_107200,AED,Active
ACC_1008565,CUST_107200,AED,Active
ACC_1008566,CUST_107201,USD,Active
ACC_1008567,CUST_107202,AED,Active
ACC_1008568,CUST_107203,USD,Active
ACC_1008569,CUST_107204,AED,Active
ACC_1008570,CUST_107205,AED,Active
ACC_1008571,CUST_107205,AED,Active
ACC_1008572,CUST_107206,AED,Active
ACC_1008573,CUST_107207,AED,Active
ACC_1008574,CUST_107208,AED,Active
ACC_1008575,CUST_107209,AED,Active
ACC_1008576,CUST_107210,AED,Active
ACC_1008577,CUST_107211,USD,Active
ACC_1008578,CUST_107212,USD,Active
ACC_1008579,CUST_107213,AED,Active
ACC_1008580,CUST_107213,AED,Active
ACC_1008581,CUST_107214,AED,Active
ACC_1008582,CUST_107215,AED,Active
ACC_1008583,CUST_107215,AED,Active
ACC_1008584,CUST_107216,AED,Active
ACC_1008585,CUST_107217,AED,Active
ACC_1008586,CUST_107218,AED,Active
ACC_1008587,CUST_107219,USD,Active
ACC_1008588,CUST_107220,USD,Active
ACC_1008589,CUST_107220,AED,Active
ACC_1008590,CUST_107221,AED,Active
ACC_1008591,CUST_107222,AED,Active
ACC_1008592,CUST_107222,AED,Active
ACC_1008593,CUST_107223,AED,Active
ACC_1008594,CUST_107224,AED,Active
ACC_1008595,CUST_107224,AED,Active
ACC_1008596,CUST_107225,AED,Active
ACC_1008597,CUST_107226,AED,Active
ACC_1008598,CUST_107227,AED,Active
ACC_1008599,CUST_107227,AED,Active
ACC_1008600,CUST_107228,AED,Active
ACC_1008601,CUST_107229,AED,Active
ACC_1008602,CUST_107229,AED,Active
ACC_1008603,CUST_107230,AED,Active
ACC_1008604,CUST_107231,AED,Active
ACC_1008605,CUST_107232,AED,Active
ACC_1008606,CUST_107233,AED,Active
ACC_1008607,CUST_107233,AED,Active
ACC_1008608,CUST_107234,AED,Active
ACC_1008609,CUST_107235,AED,Active
ACC_1008610,CUST_107236,AED,Active
ACC_1008611,CUST_107236,AED,Active
ACC_1008612,CUST_107237,AED,Active
ACC_1008613,CUST_107238,AED,Active
ACC_1008614,CUST_107239,USD,Active
ACC_1008615,CUST_107240,AED,Active
ACC_1008616,CUST_107240,AED,Active
ACC_1008617,CUST_107241,USD,Active
ACC_1008618,CUST_107242,AED,Active
ACC_1008619,CUST_107243,USD,Active
ACC_1008620,CUST_107243,AED,Active
ACC_1008621,CUST_107244,AED,Active
ACC_1008622,CUST_107245,AED,Active
ACC_1008623,CUST_107246,AED,Active
ACC_1008624,CUST_107247,AED,Active
ACC_1008625,CUST_107248,AED,Active
ACC_1008626,CUST_107249,AED,Active
ACC_1008627,CUST_107250,AED,Active
ACC_1008628,CUST_107250,AED,Active
ACC_1008629,CUST_107251,AED,Active
ACC_1008630,CUST_107252,AED,Active
ACC_1008631,CUST_107253,USD,Active
ACC_1008632,CUST_107253,AED,Active
ACC_1008633,CUST_107254,AED,Active
ACC_1008634,CUST_107255,AED,Active
ACC_1008635,CUST_107256,AED,Active
ACC_1008636,CUST_107257,AED,Active
ACC_1008637,CUST_107258,AED,Active
ACC_1008638,CUST_107259,AED,Active
ACC_1008639,CUST_107260,AED,Active
ACC_1008640,CUST_107261,USD,Active
ACC_1008641,CUST_107262,USD,Active
ACC_1008642,CUST_107263,AED,Active
ACC_1008643,CUST_107264,USD,Active
ACC_1008644,CUST_107265,AED,Active
ACC_1008645,CUST_107266,AED,Active
ACC_1008646,CUST_107267,EUR,Active
ACC_1008647,CUST_107268,AED,Active
ACC_1008648,CUST_107269,AED,Active
ACC_1008649,CUST_107270,EUR,Active
ACC_1008650,CUST_107271,AED,Active
ACC_1008651,CUST_107272,AED,Active
ACC_1008652,CUST_107273,USD,Active
ACC_1008653,CUST_107274,AED,Active
ACC_1008654,CUST_107275,EUR,Active
ACC_1008655,CUST_107276,AED,Active
ACC_1008656,CUST_107277,AED,Active
ACC_1008657,CUST_107277,AED,Active
ACC_1008658,CUST_107278,EUR,Active
ACC_1008659,CUST_107279,AED,Active
ACC_1008660,CUST_107280,AED,Active
ACC_1008661,CUST_107281,AED,Active
ACC_1008662,CUST_107282,AED,Active
ACC_1008663,CUST_107283,AED,Active
ACC_1008664,CUST_107284,AED,Active
ACC_1008665,CUST_107285,AED,Active
ACC_1008666,CUST_107285,AED,Active
ACC_1008667,CUST_107286,AED,Active
ACC_1008668,CUST_107287,AED,Active
ACC_1008669,CUST_107288,AED,Active
ACC_1008670,CUST_107289,EUR,Active
ACC_1008671,CUST_107289,USD,Active
ACC_1008672,CUST_107290,AED,Active
ACC_1008673,CUST_107290,AED,Active
ACC_1008674,CUST_107291,AED,Active
ACC_1008675,CUST_107291,AED,Active
ACC_1008676,CUST_107292,AED,Active
ACC_1008677,CUST_107293,AED,Active
ACC_1008678,CUST_107294,AED,Active
ACC_1008679,CUST_107295,AED,Active
ACC_1008680,CUST_107295,AED,Active
ACC_1008681,CUST_107296,AED,Active
ACC_1008682,CUST_107297,AED,Active
ACC_1008683,CUST_107298,AED,Active
ACC_1008684,CUST_107298,AED,Active
ACC_1008685,CUST_107299,AED,Active
ACC_1008686,CUST_107300,USD,Active
ACC_1008687,CUST_107301,AED,Active
ACC_1008688,CUST_107301,AED,Active
ACC_1008689,CUST_107302,AED,Active
ACC_1008690,CUST_107303,AED,Active
ACC_1008691,CUST_107303,USD,Active
ACC_1008692,CUST_107304,AED,Active
ACC_1008693,CUST_107304,AED,Active
ACC_1008694,CUST_107305,AED,Active
ACC_1008695,CUST_107306,AED,Active
ACC_1008696,CUST_107307,AED,Active
ACC_1008697,CUST_107307,AED,Active
ACC_1008698,CUST_107308,AED,Active
ACC_1008699,CUST_107309,AED,Active
ACC_1008700,CUST_107310,AED,Active
ACC_1008701,CUST_107311,AED,Active
ACC_1008702,CUST_107312,AED,Active
ACC_1008703,CUST_107313,AED,Active
ACC_1008704,CUST_107314,AED,Active
ACC_1008705,CUST_107315,AED,Active
ACC_1008706,CUST_107316,AED,Active
ACC_1008707,CUST_107317,AED,Active
ACC_1008708,CUST_107317,AED,Active
ACC_1008709,CUST_107318,AED,Active
ACC_1008710,CUST_107319,AED,Active
ACC_1008711,CUST_107320,AED,Active
ACC_1008712,CUST_107321,AED,Active
ACC_1008713,CUST_107322,AED,Active
ACC_1008714,CUST_107322,AED,Active
ACC_1008715,CUST_107323,AED,Active
ACC_1008716,CUST_107324,AED,Active
ACC_1008717,CUST_107325,AED,Active
ACC_1008718,CUST_107326,AED,Active
ACC_1008719,CUST_107327,AED,Active
ACC_1008720,CUST_107328,EUR,Active
ACC_1008721,CUST_107329,AED,Active
ACC_1008722,CUST_107330,AED,Active
ACC_1008723,CUST_107330,USD,Active
ACC_1008724,CUST_107331,AED,Active
ACC_1008725,CUST_107332,AED,Active
ACC_1008726,CUST_107333,AED,Active
ACC_1008727,CUST_107334,AED,Active
ACC_1008728,CUST_107335,AED,Active
ACC_1008729,CUST_107336,AED,Active
ACC_1008730,CUST_107337,AED,Active
ACC_1008731,CUST_107338,AED,Active
ACC_1008732,CUST_107339,AED,Active
ACC_1008733,CUST_107340,AED,Active
ACC_1008734,CUST_107341,AED,Active
ACC_1008735,CUST_107341,AED,Active
ACC_1008736,CUST_107342,AED,Active
ACC_1008737,CUST_107343,AED,Active
ACC_1008738,CUST_107344,AED,Active
ACC_1008739,CUST_107345,AED,Active
ACC_1008740,CUST_107346,AED,Active
ACC_1008741,CUST_107347,AED,Active
ACC_1008742,CUST_107348,AED,Active
ACC_1008743,CUST_107349,AED,Active
ACC_1008744,CUST_107350,AED,Active
ACC_1008745,CUST_107351,AED,Active
ACC_1008746,CUST_107352,AED,Active
ACC_1008747,CUST_107352,AED,Active
ACC_1008748,CUST_107353,AED,Active
ACC_1008749,CUST_107354,AED,Active
ACC_1008750,CUST_107354,AED,Active
ACC_1008751,CUST_107355,AED,Active
ACC_1008752,CUST_107356,AED,Active
ACC_1008753,CUST_107357,AED,Active
ACC_1008754,CUST_107358,AED,Active
ACC_1008755,CUST_107359,USD,Active
ACC_1008756,CUST_107360,AED,Active
ACC_1008757,CUST_107361,AED,Active
ACC_1008758,CUST_107362,EUR,Active
ACC_1008759,CUST_107363,AED,Active
ACC_1008760,CUST_107364,AED,Active
ACC_1008761,CUST_107364,AED,Active
ACC_1008762,CUST_107365,AED,Active
ACC_1008763,CUST_107366,AED,Active
ACC_1008764,CUST_107367,AED,Active
ACC_1008765,CUST_107367,AED,Active
ACC_1008766,CUST_107368,AED,Active
ACC_1008767,CUST_107369,AED,Active
ACC_1008768,CUST_107370,AED,Active
ACC_1008769,CUST_107371,AED,Active
ACC_1008770,CUST_107371,AED,Active
ACC_1008771,CUST_107372,AED,Active
ACC_1008772,CUST_107373,EUR,Active
ACC_1008773,CUST_107374,AED,Active
ACC_1008774,CUST_107375,AED,Active
ACC_1008775,CUST_107376,AED,Active
ACC_1008776,CUST_107377,AED,Active
ACC_1008777,CUST_107378,AED,Active
ACC_1008778,CUST_107379,AED,Active
ACC_1008779,CUST_107380,USD,Active
ACC_1008780,CUST_107381,AED,Active
ACC_1008781,CUST_107381,AED,Active
ACC_1008782,CUST_107382,AED,Active
ACC_1008783,CUST_107383,AED,Active
ACC_1008784,CUST_107384,AED,Active
ACC_1008785,CUST_107385,AED,Active
ACC_1008786,CUST_107386,AED,Active
ACC_1008787,CUST_107387,EUR,Active
ACC_1008788,CUST_107388,AED,Active
ACC_1008789,CUST_107389,AED,Active
ACC_1008790,CUST_107390,USD,Active
ACC_1008791,CUST_107391,AED,Active
ACC_1008792,CUST_107392,EUR,Active
ACC_1008793,CUST_107393,AED,Active
ACC_1008794,CUST_107394,AED,Active
ACC_1008795,CUST_107395,AED,Active
ACC_1008796,CUST_107396,AED,Active
ACC_1008797,CUST_107396,AED,Active
ACC_1008798,CUST_107397,USD,Active
ACC_1008799,CUST_107398,AED,Active
ACC_1008800,CUST_107399,AED,Active
ACC_1008801,CUST_107400,AED,Active
ACC_1008802,CUST_107401,AED,Active
ACC_1008803,CUST_107402,AED,Active
ACC_1008804,CUST_107403,AED,Active
ACC_1008805,CUST_107404,USD,Active
ACC_1008806,CUST_107404,AED,Active
ACC_1008807,CUST_107405,EUR,Active
ACC_1008808,CUST_107405,USD,Active
ACC_1008809,CUST_107406,AED,Active
ACC_1008810,CUST_107406,AED,Active
ACC_1008811,CUST_107407,AED,Active
ACC_1008812,CUST_107408,USD,Active
ACC_1008813,CUST_107409,AED,Active
ACC_1008814,CUST_107410,AED,Active
ACC_1008815,CUST_107411,AED,Active
ACC_1008816,CUST_107412,AED,Active
ACC_1008817,CUST_107413,USD,Active
ACC_1008818,CUST_107413,AED,Active
ACC_1008819,CUST_107414,AED,Active
ACC_1008820,CUST_107415,EUR,Active
ACC_1008821,CUST_107416,AED,Active
ACC_1008822,CUST_107417,AED,Active
ACC_1008823,CUST_107417,AED,Active
ACC_1008824,CUST_107418,AED,Active
ACC_1008825,CUST_107419,AED,Active
ACC_1008826,CUST_107420,USD,Active
ACC_1008827,CUST_107421,AED,Active
ACC_1008828,CUST_107422,AED,Active
ACC_1008829,CUST_107423,AED,Active
ACC_1008830,CUST_107424,AED,Active
ACC_1008831,CUST_107424,AED,Active
ACC_1008832,CUST_107425,AED,Active
ACC_1008833,CUST_107426,AED,Active
ACC_1008834,CUST_107427,AED,Active
ACC_1008835,CUST_107428,AED,Active
ACC_1008836,CUST_107429,AED,Active
ACC_1008837,CUST_107430,AED,Active
ACC_1008838,CUST_107431,AED,Active
ACC_1008839,CUST_107432,AED,Active
ACC_1008840,CUST_107433,AED,Active
ACC_1008841,CUST_107434,AED,Active
ACC_1008842,CUST_107435,AED,Active
ACC_1008843,CUST_107436,EUR,Active
ACC_1008844,CUST_107437,USD,Active
ACC_1008845,CUST_107438,AED,Active
ACC_1008846,CUST_107439,AED,Active
ACC_1008847,CUST_107440,AED,Active
ACC_1008848,CUST_107440,AED,Active
ACC_1008849,CUST_107441,AED,Active
ACC_1008850,CUST_107441,EUR,Active
ACC_1008851,CUST_107442,AED,Active
ACC_1008852,CUST_107443,AED,Active
ACC_1008853,CUST_107444,USD,Active
ACC_1008854,CUST_107444,AED,Active
ACC_1008855,CUST_107445,AED,Active
ACC_1008856,CUST_107446,AED,Active
ACC_1008857,CUST_107447,AED,Active
ACC_1008858,CUST_107448,AED,Active
ACC_1008859,CUST_107448,AED,Active
ACC_1008860,CUST_107449,AED,Active
ACC_1008861,CUST_107450,USD,Active
ACC_1008862,CUST_107450,AED,Active
ACC_1008863,CUST_107451,AED,Active
ACC_1008864,CUST_107452,AED,Active
ACC_1008865,CUST_107453,AED,Active
ACC_1008866,CUST_107454,AED,Active
ACC_1008867,CUST_107454,AED,Active
ACC_1008868,CUST_107455,USD,Active
ACC_1008869,CUST_107455,USD,Active
ACC_1008870,CUST_107456,AED,Active
ACC_1008871,CUST_107457,EUR,Active
ACC_1008872,CUST_107458,AED,Active
ACC_1008873,CUST_107458,USD,Active
ACC_1008874,CUST_107459,AED,Active
ACC_1008875,CUST_107460,AED,Active
ACC_1008876,CUST_107461,AED,Active
ACC_1008877,CUST_107461,AED,Active
ACC_1008878,CUST_107462,AED,Active
ACC_1008879,CUST_107463,AED,Active
ACC_1008880,CUST_107464,AED,Active
ACC_1008881,CUST_107465,AED,Active
ACC_1008882,CUST_107466,AED,Active
ACC_1008883,CUST_107467,USD,Active
ACC_1008884,CUST_107468,USD,Active
ACC_1008885,CUST_107469,AED,Active
ACC_1008886,CUST_107469,AED,Active
ACC_1008887,CUST_107470,AED,Active
ACC_1008888,CUST_107470,USD,Active
ACC_1008889,CUST_107471,AED,Active
ACC_1008890,CUST_107472,AED,Active
ACC_1008891,CUST_107473,AED,Active
ACC_1008892,CUST_107474,AED,Active
ACC_1008893,CUST_107475,AED,Active
ACC_1008894,CUST_107475,AED,Active
ACC_1008895,CUST_107476,AED,Active
ACC_1008896,CUST_107477,AED,Active
ACC_1008897,CUST_107478,AED,Active
ACC_1008898,CUST_107478,AED,Active
ACC_1008899,CUST_107479,AED,Active
ACC_1008900,CUST_107480,AED,Active
ACC_1008901,CUST_107481,AED,Active
ACC_1008902,CUST_107482,AED,Active
ACC_1008903,CUST_107483,AED,Active
ACC_1008904,CUST_107483,AED,Active
ACC_1008905,CUST_107484,AED,Active
ACC_1008906,CUST_107485,AED,Active
ACC_1008907,CUST_107486,AED,Active
ACC_1008908,CUST_107487,AED,Active
ACC_1008909,CUST_107487,AED,Active
ACC_1008910,CUST_107488,AED,Active
ACC_1008911,CUST_107489,EUR,Active
ACC_1008912,CUST_107490,EUR,Active
ACC_1008913,CUST_107491,EUR,Active
ACC_1008914,CUST_107492,EUR,Active
ACC_1008915,CUST_107493,AED,Active
ACC_1008916,CUST_107494,AED,Active
ACC_1008917,CUST_107495,AED,Active
ACC_1008918,CUST_107496,AED,Active
ACC_1008919,CUST_107496,AED,Active
ACC_1008920,CUST_107497,AED,Active
ACC_1008921,CUST_107498,AED,Active
ACC_1008922,CUST_107499,AED,Active
ACC_1008923,CUST_107499,AED,Active
ACC_1008924,CUST_107500,AED,Active
ACC_1008925,CUST_107501,AED,Active
ACC_1008926,CUST_107502,USD,Active
ACC_1008927,CUST_107502,AED,Active
ACC_1008928,CUST_107503,USD,Active
ACC_1008929,CUST_107504,AED,Active
ACC_1008930,CUST_107505,AED,Active
ACC_1008931,CUST_107505,AED,Active
ACC_1008932,CUST_107506,AED,Active
ACC_1008933,CUST_107507,EUR,Active
ACC_1008934,CUST_107508,AED,Active
ACC_1008935,CUST_107509,AED,Active
ACC_1008936,CUST_107510,AED,Active
ACC_1008937,CUST_107511,AED,Active
ACC_1008938,CUST_107511,AED,Active
ACC_1008939,CUST_107512,USD,Active
ACC_1008940,CUST_107512,AED,Active
ACC_1008941,CUST_107513,USD,Active
ACC_1008942,CUST_107514,AED,Active
ACC_1008943,CUST_107515,AED,Active
ACC_1008944,CUST_107516,USD,Active
ACC_1008945,CUST_107517,AED,Active
ACC_1008946,CUST_107518,AED,Active
ACC_1008947,CUST_107519,AED,Active
ACC_1008948,CUST_107520,AED,Active
ACC_1008949,CUST_107521,USD,Active
ACC_1008950,CUST_107522,AED,Active
ACC_1008951,CUST_107523,AED,Active
ACC_1008952,CUST_107524,AED,Active
ACC_1008953,CUST_107525,AED,Active
ACC_1008954,CUST_107525,AED,Active
ACC_1008955,CUST_107526,AED,Active
ACC_1008956,CUST_107527,AED,Active
ACC_1008957,CUST_107527,AED,Active
ACC_1008958,CUST_107528,AED,Active
ACC_1008959,CUST_107529,AED,Active
ACC_1008960,CUST_107529,AED,Active
ACC_1008961,CUST_107530,AED,Active
ACC_1008962,CUST_107531,EUR,Active
ACC_1008963,CUST_107532,AED,Active
ACC_1008964,CUST_107532,EUR,Active
ACC_1008965,CUST_107533,AED,Active
ACC_1008966,CUST_107534,AED,Active
ACC_1008967,CUST_107535,AED,Active
ACC_1008968,CUST_107536,EUR,Active
ACC_1008969,CUST_107536,USD,Active
ACC_1008970,CUST_107537,AED,Active
ACC_1008971,CUST_107538,AED,Active
ACC_1008972,CUST_107538,AED,Active
ACC_1008973,CUST_107539,AED,Active
ACC_1008974,CUST_107540,AED,Active
ACC_1008975,CUST_107541,AED,Active
ACC_1008976,CUST_107542,AED,Active
ACC_1008977,CUST_107543,AED,Active
ACC_1008978,CUST_107544,AED,Active
ACC_1008979,CUST_107544,AED,Active
ACC_1008980,CUST_107545,AED,Active
ACC_1008981,CUST_107546,AED,Active
ACC_1008982,CUST_107546,AED,Active
ACC_1008983,CUST_107547,AED,Active
ACC_1008984,CUST_107547,AED,Active
ACC_1008985,CUST_107548,AED,Active
ACC_1008986,CUST_107549,AED,Active
ACC_1008987,CUST_107550,AED,Active
ACC_1008988,CUST_107551,AED,Active
ACC_1008989,CUST_107551,AED,Active
ACC_1008990,CUST_107552,AED,Active
ACC_1008991,CUST_107552,AED,Active
ACC_1008992,CUST_107553,AED,Active
ACC_1008993,CUST_107554,AED,Active
ACC_1008994,CUST_107555,AED,Active
ACC_1008995,CUST_107555,AED,Active
ACC_1008996,CUST_107556,AED,Active
ACC_1008997,CUST_107557,AED,Active
ACC_1008998,CUST_107558,AED,Active
ACC_1008999,CUST_107559,AED,Active
ACC_1009000,CUST_107560,AED,Active
ACC_1009001,CUST_107561,AED,Active
ACC_1009002,CUST_107562,USD,Active
ACC_1009003,CUST_107562,AED,Active
ACC_1009004,CUST_107563,AED,Active
ACC_1009005,CUST_107564,AED,Active
ACC_1009006,CUST_107565,AED,Active
ACC_1009007,CUST_107566,USD,Active
ACC_1009008,CUST_107566,USD,Active
ACC_1009009,CUST_107567,AED,Active
ACC_1009010,CUST_107568,AED,Active
ACC_1009011,CUST_107569,AED,Active
ACC_1009012,CUST_107570,AED,Active
ACC_1009013,CUST_107570,AED,Active
ACC_1009014,CUST_107571,USD,Active
ACC_1009015,CUST_107571,AED,Active
ACC_1009016,CUST_107572,AED,Active
ACC_1009017,CUST_107573,AED,Active
ACC_1009018,CUST_107573,USD,Active
ACC_1009019,CUST_107574,AED,Active
ACC_1009020,CUST_107575,AED,Active
ACC_1009021,CUST_107575,USD,Active
ACC_1009022,CUST_107576,EUR,Active
ACC_1009023,CUST_107577,AED,Active
ACC_1009024,CUST_107578,AED,Active
ACC_1009025,CUST_107579,EUR,Active
ACC_1009026,CUST_107580,AED,Active
ACC_1009027,CUST_107581,AED,Active
ACC_1009028,CUST_107582,AED,Active
ACC_1009029,CUST_107583,AED,Active
ACC_1009030,CUST_107583,AED,Active
ACC_1009031,CUST_107584,AED,Active
ACC_1009032,CUST_107585,AED,Active
ACC_1009033,CUST_107585,AED,Active
ACC_1009034,CUST_107586,AED,Active
ACC_1009035,CUST_107587,AED,Active
ACC_1009036,CUST_107588,AED,Active
ACC_1009037,CUST_107589,AED,Active
ACC_1009038,CUST_107590,AED,Active
ACC_1009039,CUST_107591,AED,Active
ACC_1009040,CUST_107592,AED,Active
ACC_1009041,CUST_107593,AED,Active
ACC_1009042,CUST_107594,AED,Active
ACC_1009043,CUST_107595,AED,Active
ACC_1009044,CUST_107596,AED,Active
ACC_1009045,CUST_107597,USD,Active
ACC_1009046,CUST_107598,AED,Active
ACC_1009047,CUST_107599,USD,Active
ACC_1009048,CUST_107600,AED,Active
ACC_1009049,CUST_107601,AED,Active
ACC_1009050,CUST_107602,AED,Active
ACC_1009051,CUST_107603,AED,Active
ACC_1009052,CUST_107604,AED,Active
ACC_1009053,CUST_107605,AED,Active
ACC_1009054,CUST_107606,AED,Active
ACC_1009055,CUST_107607,AED,Active
ACC_1009056,CUST_107608,AED,Active
ACC_1009057,CUST_107609,AED,Active
ACC_1009058,CUST_107610,AED,Active
ACC_1009059,CUST_107611,AED,Active
ACC_1009060,CUST_107612,AED,Active
ACC_1009061,CUST_107613,AED,Active
ACC_1009062,CUST_107613,USD,Active
ACC_1009063,CUST_107614,AED,Active
ACC_1009064,CUST_107615,AED,Active
ACC_1009065,CUST_107616,AED,Active
ACC_1009066,CUST_107617,AED,Active
ACC_1009067,CUST_107618,USD,Active
ACC_1009068,CUST_107619,AED,Active
ACC_1009069,CUST_107620,AED,Active
ACC_1009070,CUST_107621,AED,Active
ACC_1009071,CUST_107621,USD,Active
ACC_1009072,CUST_107622,AED,Active
ACC_1009073,CUST_107623,EUR,Active
ACC_1009074,CUST_107624,AED,Active
ACC_1009075,CUST_107624,AED,Active
ACC_1009076,CUST_107625,USD,Active
ACC_1009077,CUST_107626,AED,Active
ACC_1009078,CUST_107627,AED,Active
ACC_1009079,CUST_107628,AED,Active
ACC_1009080,CUST_107629,AED,Active
ACC_1009081,CUST_107629,AED,Active
ACC_1009082,CUST_107630,AED,Active
ACC_1009083,CUST_107631,EUR,Active
ACC_1009084,CUST_107632,AED,Active
ACC_1009085,CUST_107632,AED,Active
ACC_1009086,CUST_107633,AED,Active
ACC_1009087,CUST_107634,AED,Active
ACC_1009088,CUST_107635,AED,Active
ACC_1009089,CUST_107636,AED,Active
ACC_1009090,CUST_107637,AED,Active
ACC_1009091,CUST_107638,AED,Active
ACC_1009092,CUST_107639,AED,Active
ACC_1009093,CUST_107640,AED,Active
ACC_1009094,CUST_107640,USD,Active
ACC_1009095,CUST_107641,AED,Active
ACC_1009096,CUST_107642,USD,Active
ACC_1009097,CUST_107643,AED,Active
ACC_1009098,CUST_107644,AED,Active
ACC_1009099,CUST_107645,AED,Active
ACC_1009100,CUST_107646,EUR,Active
ACC_1009101,CUST_107647,EUR,Active
ACC_1009102,CUST_107648,EUR,Active
ACC_1009103,CUST_107648,USD,Active
ACC_1009104,CUST_107649,AED,Active
ACC_1009105,CUST_107649,USD,Active
ACC_1009106,CUST_107650,AED,Active
ACC_1009107,CUST_107651,EUR,Active
ACC_1009108,CUST_107652,USD,Active
ACC_1009109,CUST_107652,AED,Active
ACC_1009110,CUST_107653,AED,Active
ACC_1009111,CUST_107654,AED,Active
ACC_1009112,CUST_107655,AED,Active
ACC_1009113,CUST_107656,AED,Active
ACC_1009114,CUST_107657,AED,Active
ACC_1009115,CUST_107658,AED,Active
ACC_1009116,CUST_107659,AED,Active
ACC_1009117,CUST_107660,AED,Active
ACC_1009118,CUST_107661,AED,Active
ACC_1009119,CUST_107662,AED,Active
ACC_1009120,CUST_107663,AED,Active
ACC_1009121,CUST_107664,AED,Active
ACC_1009122,CUST_107665,AED,Active
ACC_1009123,CUST_107665,AED,Active
ACC_1009124,CUST_107666,AED,Active
ACC_1009125,CUST_107667,AED,Active
ACC_1009126,CUST_107668,USD,Active
ACC_1009127,CUST_107669,AED,Active
ACC_1009128,CUST_107670,AED,Active
ACC_1009129,CUST_107671,AED,Active
ACC_1009130,CUST_107672,AED,Active
ACC_1009131,CUST_107672,AED,Active
ACC_1009132,CUST_107673,AED,Active
ACC_1009133,CUST_107674,USD,Active
ACC_1009134,CUST_107675,AED,Active
ACC_1009135,CUST_107676,AED,Active
ACC_1009136,CUST_107677,AED,Active
ACC_1009137,CUST_107678,AED,Active
ACC_1009138,CUST_107679,AED,Active
ACC_1009139,CUST_107680,EUR,Active
ACC_1009140,CUST_107681,USD,Active
ACC_1009141,CUST_107681,AED,Active
ACC_1009142,CUST_107682,AED,Active
ACC_1009143,CUST_107683,AED,Active
ACC_1009144,CUST_107683,AED,Active
ACC_1009145,CUST_107684,AED,Active
ACC_1009146,CUST_107685,AED,Active
ACC_1009147,CUST_107686,AED,Active
ACC_1009148,CUST_107686,AED,Active
ACC_1009149,CUST_107687,AED,Active
ACC_1009150,CUST_107688,USD,Active
ACC_1009151,CUST_107689,AED,Active
ACC_1009152,CUST_107690,AED,Active
ACC_1009153,CUST_107691,AED,Active
ACC_1009154,CUST_107692,AED,Active
ACC_1009155,CUST_107693,AED,Active
ACC_1009156,CUST_107694,AED,Active
ACC_1009157,CUST_107694,AED,Active
ACC_1009158,CUST_107695,AED,Active
ACC_1009159,CUST_107696,AED,Active
ACC_1009160,CUST_107696,AED,Active
ACC_1009161,CUST_107697,AED,Active
ACC_1009162,CUST_107698,AED,Active
ACC_1009163,CUST_107699,AED,Active
ACC_1009164,CUST_107699,AED,Active
ACC_1009165,CUST_107700,USD,Active
ACC_1009166,CUST_107701,AED,Active
ACC_1009167,CUST_107702,USD,Active
ACC_1009168,CUST_107703,AED,Active
ACC_1009169,CUST_107704,AED,Active
ACC_1009170,CUST_107705,AED,Active
ACC_1009171,CUST_107706,AED,Active
ACC_1009172,CUST_107706,AED,Active
ACC_1009173,CUST_107707,AED,Active
ACC_1009174,CUST_107707,AED,Active
ACC_1009175,CUST_107708,USD,Active
ACC_1009176,CUST_107709,AED,Active
ACC_1009177,CUST_107710,AED,Active
ACC_1009178,CUST_107711,AED,Active
ACC_1009179,CUST_107711,AED,Active
ACC_1009180,CUST_107712,AED,Active
ACC_1009181,CUST_107712,AED,Active
ACC_1009182,CUST_107713,AED,Active
ACC_1009183,CUST_107714,USD,Active
ACC_1009184,CUST_107715,AED,Active
ACC_1009185,CUST_107716,AED,Active
ACC_1009186,CUST_107716,USD,Active
ACC_1009187,CUST_107717,AED,Active
ACC_1009188,CUST_107718,AED,Active
ACC_1009189,CUST_107719,AED,Active
ACC_1009190,CUST_107720,AED,Active
ACC_1009191,CUST_107721,AED,Active
ACC_1009192,CUST_107722,AED,Active
ACC_1009193,CUST_107723,AED,Active
ACC_1009194,CUST_107724,AED,Active
ACC_1009195,CUST_107724,AED,Active
ACC_1009196,CUST_107725,EUR,Active
ACC_1009197,CUST_107726,AED,Active
ACC_1009198,CUST_107727,AED,Active
ACC_1009199,CUST_107728,AED,Active
ACC_1009200,CUST_107729,AED,Active
ACC_1009201,CUST_107730,AED,Active
ACC_1009202,CUST_107731,EUR,Active
ACC_1009203,CUST_107732,AED,Active
ACC_1009204,CUST_107732,USD,Active
ACC_1009205,CUST_107733,AED,Active
ACC_1009206,CUST_107734,AED,Active
ACC_1009207,CUST_107735,AED,Active
ACC_1009208,CUST_107736,AED,Active
ACC_1009209,CUST_107737,AED,Active
ACC_1009210,CUST_107738,AED,Active
ACC_1009211,CUST_107739,AED,Active
ACC_1009212,CUST_107740,AED,Active
ACC_1009213,CUST_107741,AED,Active
ACC_1009214,CUST_107742,EUR,Active
ACC_1009215,CUST_107742,AED,Active
ACC_1009216,CUST_107743,AED,Active
ACC_1009217,CUST_107744,AED,Active
ACC_1009218,CUST_107745,AED,Active
ACC_1009219,CUST_107746,AED,Active
ACC_1009220,CUST_107747,USD,Active
ACC_1009221,CUST_107748,AED,Active
ACC_1009222,CUST_107749,AED,Active
ACC_1009223,CUST_107750,AED,Active
ACC_1009224,CUST_107751,AED,Active
ACC_1009225,CUST_107752,AED,Active
ACC_1009226,CUST_107753,AED,Active
ACC_1009227,CUST_107754,AED,Active
ACC_1009228,CUST_107755,AED,Active
ACC_1009229,CUST_107756,AED,Active
ACC_1009230,CUST_107757,AED,Active
ACC_1009231,CUST_107758,AED,Active
ACC_1009232,CUST_107759,AED,Active
ACC_1009233,CUST_107760,AED,Active
ACC_1009234,CUST_107761,AED,Active
ACC_1009235,CUST_107761,AED,Active
ACC_1009236,CUST_107762,USD,Active
ACC_1009237,CUST_107763,AED,Active
ACC_1009238,CUST_107764,AED,Active
ACC_1009239,CUST_107764,AED,Active
ACC_1009240,CUST_107765,EUR,Active
ACC_1009241,CUST_107766,AED,Active
ACC_1009242,CUST_107767,AED,Active
ACC_1009243,CUST_107768,AED,Active
ACC_1009244,CUST_107769,EUR,Active
ACC_1009245,CUST_107770,AED,Active
ACC_1009246,CUST_107771,AED,Active
ACC_1009247,CUST_107772,AED,Active
ACC_1009248,CUST_107773,AED,Active
ACC_1009249,CUST_107774,AED,Active
ACC_1009250,CUST_107775,AED,Active
ACC_1009251,CUST_107776,AED,Active
ACC_1009252,CUST_107776,AED,Active
ACC_1009253,CUST_107777,AED,Active
ACC_1009254,CUST_107778,AED,Active
ACC_1009255,CUST_107779,AED,Active
ACC_1009256,CUST_107780,AED,Active
ACC_1009257,CUST_107780,EUR,Active
ACC_1009258,CUST_107781,AED,Active
ACC_1009259,CUST_107782,AED,Active
ACC_1009260,CUST_107782,AED,Active
ACC_1009261,CUST_107783,AED,Active
ACC_1009262,CUST_107783,AED,Active
ACC_1009263,CUST_107784,AED,Active
ACC_1009264,CUST_107785,AED,Active
ACC_1009265,CUST_107786,AED,Active
ACC_1009266,CUST_107787,AED,Active
ACC_1009267,CUST_107788,AED,Active
ACC_1009268,CUST_107788,AED,Active
ACC_1009269,CUST_107789,AED,Active
ACC_1009270,CUST_107790,USD,Active
ACC_1009271,CUST_107791,EUR,Active
ACC_1009272,CUST_107792,AED,Active
ACC_1009273,CUST_107793,AED,Active
ACC_1009274,CUST_107794,AED,Active
ACC_1009275,CUST_107794,AED,Active
ACC_1009276,CUST_107795,AED,Active
ACC_1009277,CUST_107795,AED,Active
ACC_1009278,CUST_107796,AED,Active
ACC_1009279,CUST_107797,AED,Active
ACC_1009280,CUST_107798,AED,Active
ACC_1009281,CUST_107798,USD,Active
ACC_1009282,CUST_107799,AED,Active
ACC_1009283,CUST_107799,AED,Active
ACC_1009284,CUST_107800,AED,Active
ACC_1009285,CUST_107800,USD,Active
ACC_1009286,CUST_107801,AED,Active
ACC_1009287,CUST_107802,AED,Active
ACC_1009288,CUST_107803,AED,Active
ACC_1009289,CUST_107803,AED,Active
ACC_1009290,CUST_107804,AED,Active
ACC_1009291,CUST_107805,AED,Active
ACC_1009292,CUST_107805,AED,Active
ACC_1009293,CUST_107806,AED,Active
ACC_1009294,CUST_107806,AED,Active
ACC_1009295,CUST_107807,AED,Active
ACC_1009296,CUST_107808,AED,Active
ACC_1009297,CUST_107809,AED,Active
ACC_1009298,CUST_107809,USD,Active
ACC_1009299,CUST_107810,AED,Active
ACC_1009300,CUST_107811,AED,Active
ACC_1009301,CUST_107812,USD,Active
ACC_1009302,CUST_107813,EUR,Active
ACC_1009303,CUST_107814,AED,Active
ACC_1009304,CUST_107815,USD,Active
ACC_1009305,CUST_107816,AED,Active
ACC_1009306,CUST_107817,AED,Active
ACC_1009307,CUST_107818,AED,Active
ACC_1009308,CUST_107818,AED,Active
ACC_1009309,CUST_107819,AED,Active
ACC_1009310,CUST_107820,AED,Active
ACC_1009311,CUST_107821,AED,Active
ACC_1009312,CUST_107822,AED,Active
ACC_1009313,CUST_107823,AED,Active
ACC_1009314,CUST_107824,AED,Active
ACC_1009315,CUST_107825,AED,Active
ACC_1009316,CUST_107826,EUR,Active
ACC_1009317,CUST_107827,AED,Active
ACC_1009318,CUST_107828,AED,Active
ACC_1009319,CUST_107829,AED,Active
ACC_1009320,CUST_107829,USD,Active
ACC_1009321,CUST_107830,AED,Active
ACC_1009322,CUST_107831,USD,Active
ACC_1009323,CUST_107831,USD,Active
ACC_1009324,CUST_107832,USD,Active
ACC_1009325,CUST_107833,AED,Active
ACC_1009326,CUST_107834,AED,Active
ACC_1009327,CUST_107834,AED,Active
ACC_1009328,CUST_107835,AED,Active
ACC_1009329,CUST_107836,AED,Active
ACC_1009330,CUST_107837,AED,Active
ACC_1009331,CUST_107838,USD,Active
ACC_1009332,CUST_107839,AED,Active
ACC_1009333,CUST_107840,AED,Active
ACC_1009334,CUST_107841,AED,Active
ACC_1009335,CUST_107842,AED,Active
ACC_1009336,CUST_107843,EUR,Active
ACC_1009337,CUST_107844,AED,Active
ACC_1009338,CUST_107844,AED,Active
ACC_1009339,CUST_107845,AED,Active
ACC_1009340,CUST_107846,AED,Active
ACC_1009341,CUST_107847,AED,Active
ACC_1009342,CUST_107848,AED,Active
ACC_1009343,CUST_107849,EUR,Active
ACC_1009344,CUST_107850,AED,Active
ACC_1009345,CUST_107850,EUR,Active
ACC_1009346,CUST_107851,AED,Active
ACC_1009347,CUST_107852,AED,Active
ACC_1009348,CUST_107853,EUR,Active
ACC_1009349,CUST_107853,AED,Active
ACC_1009350,CUST_107854,AED,Active
ACC_1009351,CUST_107855,USD,Active
ACC_1009352,CUST_107856,AED,Active
ACC_1009353,CUST_107857,AED,Active
ACC_1009354,CUST_107858,AED,Active
ACC_1009355,CUST_107859,AED,Active
ACC_1009356,CUST_107860,AED,Active
ACC_1009357,CUST_107861,AED,Active
ACC_1009358,CUST_107862,AED,Active
ACC_1009359,CUST_107863,AED,Active
ACC_1009360,CUST_107864,AED,Active
ACC_1009361,CUST_107865,AED,Active
ACC_1009362,CUST_107866,AED,Active
ACC_1009363,CUST_107867,AED,Active
ACC_1009364,CUST_107868,AED,Active
ACC_1009365,CUST_107868,AED,Active
ACC_1009366,CUST_107869,AED,Active
ACC_1009367,CUST_107869,AED,Active
ACC_1009368,CUST_107870,USD,Active
ACC_1009369,CUST_107870,USD,Active
ACC_1009370,CUST_107871,AED,Active
ACC_1009371,CUST_107872,AED,Active
ACC_1009372,CUST_107872,AED,Active
ACC_1009373,CUST_107873,AED,Active
ACC_1009374,CUST_107874,AED,Active
ACC_1009375,CUST_107875,AED,Active
ACC_1009376,CUST_107876,USD,Active
ACC_1009377,CUST_107877,AED,Active
ACC_1009378,CUST_107878,AED,Active
ACC_1009379,CUST_107878,EUR,Active
ACC_1009380,CUST_107879,USD,Active
ACC_1009381,CUST_107879,AED,Active
ACC_1009382,CUST_107880,AED,Active
ACC_1009383,CUST_107880,AED,Active
ACC_1009384,CUST_107881,AED,Active
ACC_1009385,CUST_107882,AED,Active
ACC_1009386,CUST_107883,AED,Active
ACC_1009387,CUST_107884,AED,Active
ACC_1009388,CUST_107885,AED,Active
ACC_1009389,CUST_107886,AED,Active
ACC_1009390,CUST_107886,AED,Active
ACC_1009391,CUST_107887,AED,Active
ACC_1009392,CUST_107888,AED,Active
ACC_1009393,CUST_107889,AED,Active
ACC_1009394,CUST_107890,AED,Active
ACC_1009395,CUST_107890,USD,Active
ACC_1009396,CUST_107891,AED,Active
ACC_1009397,CUST_107892,AED,Active
ACC_1009398,CUST_107893,AED,Active
ACC_1009399,CUST_107894,AED,Active
ACC_1009400,CUST_107895,AED,Active
ACC_1009401,CUST_107896,AED,Active
ACC_1009402,CUST_107897,AED,Active
ACC_1009403,CUST_107898,AED,Active
ACC_1009404,CUST_107899,AED,Active
ACC_1009405,CUST_107900,AED,Active
ACC_1009406,CUST_107901,AED,Active
ACC_1009407,CUST_107902,USD,Active
ACC_1009408,CUST_107903,AED,Active
ACC_1009409,CUST_107904,AED,Active
ACC_1009410,CUST_107905,AED,Active
ACC_1009411,CUST_107906,AED,Active
ACC_1009412,CUST_107907,AED,Active
ACC_1009413,CUST_107907,AED,Active
ACC_1009414,CUST_107908,AED,Active
ACC_1009415,CUST_107909,AED,Active
ACC_1009416,CUST_107910,AED,Active
ACC_1009417,CUST_107911,AED,Active
ACC_1009418,CUST_107912,AED,Active
ACC_1009419,CUST_107912,EUR,Active
ACC_1009420,CUST_107913,AED,Active
ACC_1009421,CUST_107913,AED,Active
ACC_1009422,CUST_107914,AED,Active
ACC_1009423,CUST_107914,AED,Active
ACC_1009424,CUST_107915,AED,Active
ACC_1009425,CUST_107916,AED,Active
ACC_1009426,CUST_107917,USD,Active
ACC_1009427,CUST_107917,AED,Active
ACC_1009428,CUST_107918,AED,Active
ACC_1009429,CUST_107919,AED,Active
ACC_1009430,CUST_107920,AED,Active
ACC_1009431,CUST_107921,AED,Active
ACC_1009432,CUST_107922,AED,Active
ACC_1009433,CUST_107923,AED,Active
ACC_1009434,CUST_107924,AED,Active
ACC_1009435,CUST_107924,EUR,Active
ACC_1009436,CUST_107925,AED,Active
ACC_1009437,CUST_107926,AED,Active
ACC_1009438,CUST_107927,AED,Active
ACC_1009439,CUST_107928,AED,Active
ACC_1009440,CUST_107929,AED,Active
ACC_1009441,CUST_107930,AED,Active
ACC_1009442,CUST_107931,USD,Active
ACC_1009443,CUST_107932,AED,Active
ACC_1009444,CUST_107933,AED,Active
ACC_1009445,CUST_107933,AED,Active
ACC_1009446,CUST_107934,AED,Active
ACC_1009447,CUST_107935,USD,Active
ACC_1009448,CUST_107936,AED,Active
ACC_1009449,CUST_107937,AED,Active
ACC_1009450,CUST_107938,USD,Active
ACC_1009451,CUST_107938,AED,Active
ACC_1009452,CUST_107939,AED,Active
ACC_1009453,CUST_107939,AED,Active
ACC_1009454,CUST_107940,AED,Active
ACC_1009455,CUST_107941,AED,Active
ACC_1009456,CUST_107942,AED,Active
ACC_1009457,CUST_107943,AED,Active
ACC_1009458,CUST_107944,AED,Active
ACC_1009459,CUST_107945,AED,Active
ACC_1009460,CUST_107946,AED,Active
ACC_1009461,CUST_107947,AED,Active
ACC_1009462,CUST_107948,AED,Active
ACC_1009463,CUST_107949,AED,Active
ACC_1009464,CUST_107950,AED,Active
ACC_1009465,CUST_107950,USD,Active
ACC_1009466,CUST_107951,AED,Active
ACC_1009467,CUST_107951,AED,Active
ACC_1009468,CUST_107952,AED,Active
ACC_1009469,CUST_107953,AED,Active
ACC_1009470,CUST_107953,AED,Active
ACC_1009471,CUST_107954,AED,Active
ACC_1009472,CUST_107954,AED,Active
ACC_1009473,CUST_107955,USD,Active
ACC_1009474,CUST_107956,AED,Active
ACC_1009475,CUST_107957,AED,Active
ACC_1009476,CUST_107958,AED,Active
ACC_1009477,CUST_107958,USD,Active
ACC_1009478,CUST_107959,AED,Active
ACC_1009479,CUST_107959,AED,Active
ACC_1009480,CUST_107960,AED,Active
ACC_1009481,CUST_107961,USD,Active
ACC_1009482,CUST_107962,USD,Active
ACC_1009483,CUST_107962,AED,Active
ACC_1009484,CUST_107963,AED,Active
ACC_1009485,CUST_107964,AED,Active
ACC_1009486,CUST_107965,AED,Active
ACC_1009487,CUST_107966,AED,Active
ACC_1009488,CUST_107967,AED,Active
ACC_1009489,CUST_107967,AED,Active
ACC_1009490,CUST_107968,AED,Active
ACC_1009491,CUST_107969,USD,Active
ACC_1009492,CUST_107970,USD,Active
ACC_1009493,CUST_107971,AED,Active
ACC_1009494,CUST_107972,EUR,Active
ACC_1009495,CUST_107973,USD,Active
ACC_1009496,CUST_107974,AED,Active
ACC_1009497,CUST_107975,AED,Active
ACC_1009498,CUST_107976,AED,Active
ACC_1009499,CUST_107977,AED,Active
ACC_1009500,CUST_107977,AED,Active
ACC_1009501,CUST_107978,AED,Active
ACC_1009502,CUST_107979,AED,Active
ACC_1009503,CUST_107980,AED,Active
ACC_1009504,CUST_107981,AED,Active
ACC_1009505,CUST_107982,AED,Active
ACC_1009506,CUST_107983,AED,Active
ACC_1009507,CUST_107983,USD,Active
ACC_1009508,CUST_107984,AED,Active
ACC_1009509,CUST_107985,USD,Active
ACC_1009510,CUST_107986,AED,Active
ACC_1009511,CUST_107987,AED,Active
ACC_1009512,CUST_107988,AED,Active
ACC_1009513,CUST_107989,USD,Active
ACC_1009514,CUST_107990,AED,Active
ACC_1009515,CUST_107991,AED,Active
ACC_1009516,CUST_107991,AED,Active
ACC_1009517,CUST_107992,AED,Active
ACC_1009518,CUST_107993,AED,Active
ACC_1009519,CUST_107993,AED,Active
ACC_1009520,CUST_107994,AED,Active
ACC_1009521,CUST_107995,AED,Active
ACC_1009522,CUST_107996,AED,Active
ACC_1009523,CUST_107997,AED,Active
ACC_1009524,CUST_107998,AED,Active
ACC_1009525,CUST_107999,EUR,Active
ACC_1009526,CUST_108000,USD,Active
ACC_1009527,CUST_108001,AED,Active
ACC_1009528,CUST_108002,AED,Active
ACC_1009529,CUST_108002,AED,Active
ACC_1009530,CUST_108003,AED,Active
ACC_1009531,CUST_108003,AED,Active
ACC_1009532,CUST_108004,AED,Active
ACC_1009533,CUST_108005,AED,Active
ACC_1009534,CUST_108006,AED,Active
ACC_1009535,CUST_108006,AED,Active
ACC_1009536,CUST_108007,AED,Active
ACC_1009537,CUST_108008,AED,Active
ACC_1009538,CUST_108009,AED,Active
ACC_1009539,CUST_108009,AED,Active
ACC_1009540,CUST_108010,AED,Active
ACC_1009541,CUST_108011,AED,Active
ACC_1009542,CUST_108011,AED,Active
ACC_1009543,CUST_108012,AED,Active
ACC_1009544,CUST_108013,AED,Active
ACC_1009545,CUST_108013,USD,Active
ACC_1009546,CUST_108014,AED,Active
ACC_1009547,CUST_108015,AED,Active
ACC_1009548,CUST_108016,AED,Active
ACC_1009549,CUST_108016,AED,Active
ACC_1009550,CUST_108017,USD,Active
ACC_1009551,CUST_108018,AED,Active
ACC_1009552,CUST_108019,AED,Active
ACC_1009553,CUST_108020,AED,Active
ACC_1009554,CUST_108021,AED,Active
ACC_1009555,CUST_108022,USD,Active
ACC_1009556,CUST_108023,AED,Active
ACC_1009557,CUST_108024,AED,Active
ACC_1009558,CUST_108024,AED,Active
ACC_1009559,CUST_108025,AED,Active
ACC_1009560,CUST_108026,USD,Active
ACC_1009561,CUST_108026,AED,Active
ACC_1009562,CUST_108027,AED,Active
ACC_1009563,CUST_108028,AED,Active
ACC_1009564,CUST_108028,AED,Active
ACC_1009565,CUST_108029,AED,Active
ACC_1009566,CUST_108029,AED,Active
ACC_1009567,CUST_108030,AED,Active
ACC_1009568,CUST_108030,AED,Active
ACC_1009569,CUST_108031,AED,Active
ACC_1009570,CUST_108032,AED,Active
ACC_1009571,CUST_108033,AED,Active
ACC_1009572,CUST_108034,AED,Active
ACC_1009573,CUST_108035,EUR,Active
ACC_1009574,CUST_108035,AED,Active
ACC_1009575,CUST_108036,AED,Active
ACC_1009576,CUST_108037,AED,Active
ACC_1009577,CUST_108038,AED,Active
ACC_1009578,CUST_108039,EUR,Active
ACC_1009579,CUST_108039,EUR,Active
ACC_1009580,CUST_108040,AED,Active
ACC_1009581,CUST_108041,AED,Active
ACC_1009582,CUST_108042,AED,Active
ACC_1009583,CUST_108042,AED,Active
ACC_1009584,CUST_108043,AED,Active
ACC_1009585,CUST_108044,USD,Active
ACC_1009586,CUST_108045,USD,Active
ACC_1009587,CUST_108046,USD,Active
ACC_1009588,CUST_108047,AED,Active
ACC_1009589,CUST_108048,AED,Active
ACC_1009590,CUST_108049,AED,Active
ACC_1009591,CUST_108050,USD,Active
ACC_1009592,CUST_108051,AED,Active
ACC_1009593,CUST_108052,AED,Active
ACC_1009594,CUST_108053,AED,Active
ACC_1009595,CUST_108054,AED,Active
ACC_1009596,CUST_108054,AED,Active
ACC_1009597,CUST_108055,AED,Active
ACC_1009598,CUST_108056,AED,Active
ACC_1009599,CUST_108057,AED,Active
ACC_1009600,CUST_108058,EUR,Active
ACC_1009601,CUST_108059,AED,Active
ACC_1009602,CUST_108060,EUR,Active
ACC_1009603,CUST_108060,AED,Active
ACC_1009604,CUST_108061,AED,Active
ACC_1009605,CUST_108062,AED,Active
ACC_1009606,CUST_108063,AED,Active
ACC_1009607,CUST_108064,AED,Active
ACC_1009608,CUST_108065,EUR,Active
ACC_1009609,CUST_108066,AED,Active
ACC_1009610,CUST_108066,AED,Active
ACC_1009611,CUST_108067,AED,Active
ACC_1009612,CUST_108067,AED,Active
ACC_1009613,CUST_108068,AED,Active
ACC_1009614,CUST_108069,AED,Active
ACC_1009615,CUST_108070,AED,Active
ACC_1009616,CUST_108071,AED,Active
ACC_1009617,CUST_108071,AED,Active
ACC_1009618,CUST_108072,AED,Active
ACC_1009619,CUST_108073,AED,Active
ACC_1009620,CUST_108073,AED,Active
ACC_1009621,CUST_108074,AED,Active
ACC_1009622,CUST_108075,AED,Active
ACC_1009623,CUST_108076,AED,Active
ACC_1009624,CUST_108076,AED,Active
ACC_1009625,CUST_108077,USD,Active
ACC_1009626,CUST_108078,AED,Active
ACC_1009627,CUST_108079,AED,Active
ACC_1009628,CUST_108080,EUR,Active
ACC_1009629,CUST_108081,EUR,Active
ACC_1009630,CUST_108082,AED,Active
ACC_1009631,CUST_108083,AED,Active
ACC_1009632,CUST_108084,EUR,Active
ACC_1009633,CUST_108085,AED,Active
ACC_1009634,CUST_108086,AED,Active
ACC_1009635,CUST_108086,AED,Active
ACC_1009636,CUST_108087,AED,Active
ACC_1009637,CUST_108087,AED,Active
ACC_1009638,CUST_108088,AED,Active
ACC_1009639,CUST_108089,AED,Active
ACC_1009640,CUST_108090,AED,Active
ACC_1009641,CUST_108091,AED,Active
ACC_1009642,CUST_108092,AED,Active
ACC_1009643,CUST_108093,AED,Active
ACC_1009644,CUST_108094,AED,Active
ACC_1009645,CUST_108094,EUR,Active
ACC_1009646,CUST_108095,AED,Active
ACC_1009647,CUST_108096,AED,Active
ACC_1009648,CUST_108097,AED,Active
ACC_1009649,CUST_108098,AED,Active
ACC_1009650,CUST_108098,AED,Active
ACC_1009651,CUST_108099,AED,Active
ACC_1009652,CUST_108100,AED,Active
ACC_1009653,CUST_108101,USD,Active
ACC_1009654,CUST_108102,AED,Active
ACC_1009655,CUST_108103,USD,Active
ACC_1009656,CUST_108103,AED,Active
ACC_1009657,CUST_108104,AED,Active
ACC_1009658,CUST_108105,AED,Active
ACC_1009659,CUST_108106,AED,Active
ACC_1009660,CUST_108107,AED,Active
ACC_1009661,CUST_108107,AED,Active
ACC_1009662,CUST_108108,AED,Active
ACC_1009663,CUST_108108,AED,Active
ACC_1009664,CUST_108109,USD,Active
ACC_1009665,CUST_108110,AED,Active
ACC_1009666,CUST_108111,AED,Active
ACC_1009667,CUST_108111,AED,Active
ACC_1009668,CUST_108112,AED,Active
ACC_1009669,CUST_108113,AED,Active
ACC_1009670,CUST_108114,AED,Active
ACC_1009671,CUST_108114,AED,Active
ACC_1009672,CUST_108115,AED,Active
ACC_1009673,CUST_108116,AED,Active
ACC_1009674,CUST_108116,AED,Active
ACC_1009675,CUST_108117,AED,Active
ACC_1009676,CUST_108118,USD,Active
ACC_1009677,CUST_108118,USD,Active
ACC_1009678,CUST_108119,AED,Active
ACC_1009679,CUST_108120,AED,Active
ACC_1009680,CUST_108121,AED,Active
ACC_1009681,CUST_108122,AED,Active
ACC_1009682,CUST_108123,AED,Active
ACC_1009683,CUST_108124,AED,Active
ACC_1009684,CUST_108124,AED,Active
ACC_1009685,CUST_108125,AED,Active
ACC_1009686,CUST_108126,AED,Active
ACC_1009687,CUST_108127,AED,Active
ACC_1009688,CUST_108128,AED,Active
ACC_1009689,CUST_108129,AED,Active
ACC_1009690,CUST_108130,AED,Active
ACC_1009691,CUST_108131,AED,Active
ACC_1009692,CUST_108131,USD,Active
ACC_1009693,CUST_108132,AED,Active
ACC_1009694,CUST_108133,AED,Active
ACC_1009695,CUST_108134,AED,Active
ACC_1009696,CUST_108135,AED,Active
ACC_1009697,CUST_108136,AED,Active
ACC_1009698,CUST_108137,USD,Active
ACC_1009699,CUST_108138,AED,Active
ACC_1009700,CUST_108139,AED,Active
ACC_1009701,CUST_108139,EUR,Active
ACC_1009702,CUST_108140,USD,Active
ACC_1009703,CUST_108141,AED,Active
ACC_1009704,CUST_108142,AED,Active
ACC_1009705,CUST_108143,USD,Active
ACC_1009706,CUST_108143,AED,Active
ACC_1009707,CUST_108144,USD,Active
ACC_1009708,CUST_108144,EUR,Active
ACC_1009709,CUST_108145,AED,Active
ACC_1009710,CUST_108145,AED,Active
ACC_1009711,CUST_108146,AED,Active
ACC_1009712,CUST_108147,AED,Active
ACC_1009713,CUST_108148,AED,Active
ACC_1009714,CUST_108149,USD,Active
ACC_1009715,CUST_108150,AED,Active
ACC_1009716,CUST_108151,AED,Active
ACC_1009717,CUST_108152,AED,Active
ACC_1009718,CUST_108153,AED,Active
ACC_1009719,CUST_108154,AED,Active
ACC_1009720,CUST_108154,USD,Active
ACC_1009721,CUST_108155,AED,Active
ACC_1009722,CUST_108156,AED,Active
ACC_1009723,CUST_108156,AED,Active
ACC_1009724,CUST_108157,AED,Active
ACC_1009725,CUST_108158,AED,Active
ACC_1009726,CUST_108159,AED,Active
ACC_1009727,CUST_108160,AED,Active
ACC_1009728,CUST_108160,AED,Active
ACC_1009729,CUST_108161,AED,Active
ACC_1009730,CUST_108162,AED,Active
ACC_1009731,CUST_108163,AED,Active
ACC_1009732,CUST_108164,AED,Active
ACC_1009733,CUST_108165,AED,Active
ACC_1009734,CUST_108166,AED,Active
ACC_1009735,CUST_108167,AED,Active
ACC_1009736,CUST_108168,AED,Active
ACC_1009737,CUST_108169,USD,Active
ACC_1009738,CUST_108170,AED,Active
ACC_1009739,CUST_108171,AED,Active
ACC_1009740,CUST_108172,EUR,Active
ACC_1009741,CUST_108173,AED,Active
ACC_1009742,CUST_108173,AED,Active
ACC_1009743,CUST_108174,AED,Active
ACC_1009744,CUST_108175,USD,Active
ACC_1009745,CUST_108175,AED,Active
ACC_1009746,CUST_108176,AED,Active
ACC_1009747,CUST_108177,AED,Active
ACC_1009748,CUST_108177,AED,Active
ACC_1009749,CUST_108178,AED,Active
ACC_1009750,CUST_108179,AED,Active
ACC_1009751,CUST_108179,AED,Active
ACC_1009752,CUST_108180,AED,Active
ACC_1009753,CUST_108180,AED,Active
ACC_1009754,CUST_108181,AED,Active
ACC_1009755,CUST_108182,USD,Active
ACC_1009756,CUST_108183,USD,Active
ACC_1009757,CUST_108184,AED,Active
ACC_1009758,CUST_108185,AED,Active
ACC_1009759,CUST_108185,USD,Active
ACC_1009760,CUST_108186,AED,Active
ACC_1009761,CUST_108187,AED,Active
ACC_1009762,CUST_108188,AED,Active
ACC_1009763,CUST_108189,USD,Active
ACC_1009764,CUST_108190,AED,Active
ACC_1009765,CUST_108191,AED,Active
ACC_1009766,CUST_108191,AED,Active
ACC_1009767,CUST_108192,AED,Active
ACC_1009768,CUST_108193,AED,Active
ACC_1009769,CUST_108194,AED,Active
ACC_1009770,CUST_108195,AED,Active
ACC_1009771,CUST_108196,AED,Active
ACC_1009772,CUST_108197,AED,Active
ACC_1009773,CUST_108198,AED,Active
ACC_1009774,CUST_108199,AED,Active
ACC_1009775,CUST_108200,AED,Active
ACC_1009776,CUST_108201,AED,Active
ACC_1009777,CUST_108202,AED,Active
ACC_1009778,CUST_108203,EUR,Active
ACC_1009779,CUST_108204,AED,Active
ACC_1009780,CUST_108205,AED,Active
ACC_1009781,CUST_108206,AED,Active
ACC_1009782,CUST_108207,AED,Active
ACC_1009783,CUST_108207,AED,Active
ACC_1009784,CUST_108208,AED,Active
ACC_1009785,CUST_108209,AED,Active
ACC_1009786,CUST_108210,AED,Active
ACC_1009787,CUST_108211,AED,Active
ACC_1009788,CUST_108212,AED,Active
ACC_1009789,CUST_108213,AED,Active
ACC_1009790,CUST_108214,USD,Active
ACC_1009791,CUST_108215,AED,Active
ACC_1009792,CUST_108216,AED,Active
ACC_1009793,CUST_108216,AED,Active
ACC_1009794,CUST_108217,AED,Active
ACC_1009795,CUST_108217,AED,Active
ACC_1009796,CUST_108218,AED,Active
ACC_1009797,CUST_108219,AED,Active
ACC_1009798,CUST_108220,AED,Active
ACC_1009799,CUST_108221,AED,Active
ACC_1009800,CUST_108222,AED,Active
ACC_1009801,CUST_108223,AED,Active
ACC_1009802,CUST_108224,AED,Active
ACC_1009803,CUST_108225,AED,Active
ACC_1009804,CUST_108226,AED,Active
ACC_1009805,CUST_108227,USD,Active
ACC_1009806,CUST_108228,AED,Active
ACC_1009807,CUST_108229,AED,Active
ACC_1009808,CUST_108230,AED,Active
ACC_1009809,CUST_108231,AED,Active
ACC_1009810,CUST_108232,AED,Active
ACC_1009811,CUST_108233,AED,Active
ACC_1009812,CUST_108234,AED,Active
ACC_1009813,CUST_108235,AED,Active
ACC_1009814,CUST_108235,AED,Active
ACC_1009815,CUST_108236,AED,Active
ACC_1009816,CUST_108237,AED,Active
ACC_1009817,CUST_108238,AED,Active
ACC_1009818,CUST_108239,AED,Active
ACC_1009819,CUST_108239,AED,Active
ACC_1009820,CUST_108240,AED,Active
ACC_1009821,CUST_108241,AED,Active
ACC_1009822,CUST_108242,AED,Active
ACC_1009823,CUST_108243,AED,Active
ACC_1009824,CUST_108244,AED,Active
ACC_1009825,CUST_108245,AED,Active
ACC_1009826,CUST_108246,AED,Active
ACC_1009827,CUST_108247,EUR,Active
ACC_1009828,CUST_108248,AED,Active
ACC_1009829,CUST_108249,AED,Active
ACC_1009830,CUST_108250,AED,Active
ACC_1009831,CUST_108251,AED,Active
ACC_1009832,CUST_108251,AED,Active
ACC_1009833,CUST_108252,AED,Active
ACC_1009834,CUST_108253,AED,Active
ACC_1009835,CUST_108254,AED,Active
ACC_1009836,CUST_108255,AED,Active
ACC_1009837,CUST_108256,AED,Active
ACC_1009838,CUST_108257,AED,Active
ACC_1009839,CUST_108258,USD,Active
ACC_1009840,CUST_108258,AED,Active
ACC_1009841,CUST_108259,AED,Active
ACC_1009842,CUST_108259,AED,Active
ACC_1009843,CUST_108260,AED,Active
ACC_1009844,CUST_108261,AED,Active
ACC_1009845,CUST_108262,AED,Active
ACC_1009846,CUST_108263,AED,Active
ACC_1009847,CUST_108264,AED,Active
ACC_1009848,CUST_108265,AED,Active
ACC_1009849,CUST_108266,AED,Active
ACC_1009850,CUST_108267,AED,Active
ACC_1009851,CUST_108268,AED,Active
ACC_1009852,CUST_108268,AED,Active
ACC_1009853,CUST_108269,AED,Active
ACC_1009854,CUST_108270,AED,Active
ACC_1009855,CUST_108271,AED,Active
ACC_1009856,CUST_108272,AED,Active
ACC_1009857,CUST_108273,AED,Active
ACC_1009858,CUST_108274,AED,Active
ACC_1009859,CUST_108275,AED,Active
ACC_1009860,CUST_108276,AED,Active
ACC_1009861,CUST_108277,USD,Active
ACC_1009862,CUST_108278,AED,Active
ACC_1009863,CUST_108279,AED,Active
ACC_1009864,CUST_108280,AED,Active
ACC_1009865,CUST_108281,AED,Active
ACC_1009866,CUST_108282,AED,Active
ACC_1009867,CUST_108283,USD,Active
ACC_1009868,CUST_108284,AED,Active
ACC_1009869,CUST_108285,AED,Active
ACC_1009870,CUST_108286,AED,Active
ACC_1009871,CUST_108287,AED,Active
ACC_1009872,CUST_108288,AED,Active
ACC_1009873,CUST_108289,EUR,Active
ACC_1009874,CUST_108290,AED,Active
ACC_1009875,CUST_108291,AED,Active
ACC_1009876,CUST_108292,AED,Active
ACC_1009877,CUST_108293,AED,Active
ACC_1009878,CUST_108294,AED,Active
ACC_1009879,CUST_108295,AED,Active
ACC_1009880,CUST_108296,AED,Active
ACC_1009881,CUST_108297,AED,Active
ACC_1009882,CUST_108298,AED,Active
ACC_1009883,CUST_108299,AED,Active
ACC_1009884,CUST_108300,AED,Active
ACC_1009885,CUST_108301,AED,Active
ACC_1009886,CUST_108302,AED,Active
ACC_1009887,CUST_108303,USD,Active
ACC_1009888,CUST_108304,AED,Active
ACC_1009889,CUST_108304,AED,Active
ACC_1009890,CUST_108305,AED,Active
ACC_1009891,CUST_108305,AED,Active
ACC_1009892,CUST_108306,AED,Active
ACC_1009893,CUST_108307,AED,Active
ACC_1009894,CUST_108307,AED,Active
ACC_1009895,CUST_108308,AED,Active
ACC_1009896,CUST_108309,AED,Active
ACC_1009897,CUST_108310,AED,Active
ACC_1009898,CUST_108311,AED,Active
ACC_1009899,CUST_108312,AED,Active
ACC_1009900,CUST_108313,AED,Active
ACC_1009901,CUST_108314,AED,Active
ACC_1009902,CUST_108315,AED,Active
ACC_1009903,CUST_108316,AED,Active
ACC_1009904,CUST_108317,AED,Active
ACC_1009905,CUST_108318,AED,Active
ACC_1009906,CUST_108319,USD,Active
ACC_1009907,CUST_108320,AED,Active
ACC_1009908,CUST_108321,AED,Active
ACC_1009909,CUST_108322,AED,Active
ACC_1009910,CUST_108323,AED,Active
ACC_1009911,CUST_108324,AED,Active
ACC_1009912,CUST_108325,AED,Active
ACC_1009913,CUST_108326,AED,Active
ACC_1009914,CUST_108327,AED,Active
ACC_1009915,CUST_108328,AED,Active
ACC_1009916,CUST_108329,USD,Active
ACC_1009917,CUST_108329,AED,Active
ACC_1009918,CUST_108330,EUR,Active
ACC_1009919,CUST_108331,AED,Active
ACC_1009920,CUST_108332,AED,Active
ACC_1009921,CUST_108333,AED,Active
ACC_1009922,CUST_108334,AED,Active
ACC_1009923,CUST_108334,AED,Active
ACC_1009924,CUST_108335,EUR,Active
ACC_1009925,CUST_108336,AED,Active
ACC_1009926,CUST_108337,AED,Active
ACC_1009927,CUST_108337,AED,Active
ACC_1009928,CUST_108338,AED,Active
ACC_1009929,CUST_108339,AED,Active
ACC_1009930,CUST_108339,AED,Active
ACC_1009931,CUST_108340,AED,Active
ACC_1009932,CUST_108340,AED,Active
ACC_1009933,CUST_108341,AED,Active
ACC_1009934,CUST_108342,AED,Active
ACC_1009935,CUST_108343,AED,Active
ACC_1009936,CUST_108344,AED,Active
ACC_1009937,CUST_108344,AED,Active
ACC_1009938,CUST_108345,AED,Active
ACC_1009939,CUST_108346,USD,Active
ACC_1009940,CUST_108347,AED,Active
ACC_1009941,CUST_108348,AED,Active
ACC_1009942,CUST_108349,AED,Active
ACC_1009943,CUST_108350,AED,Active
ACC_1009944,CUST_108351,AED,Active
ACC_1009945,CUST_108352,AED,Active
ACC_1009946,CUST_108353,AED,Active
ACC_1009947,CUST_108353,AED,Active
ACC_1009948,CUST_108354,AED,Active
ACC_1009949,CUST_108355,AED,Active
ACC_1009950,CUST_108356,AED,Active
ACC_1009951,CUST_108357,AED,Active
ACC_1009952,CUST_108358,AED,Active
ACC_1009953,CUST_108359,AED,Active
ACC_1009954,CUST_108360,AED,Active
ACC_1009955,CUST_108360,AED,Active
ACC_1009956,CUST_108361,AED,Active
ACC_1009957,CUST_108362,AED,Active
ACC_1009958,CUST_108363,AED,Active
ACC_1009959,CUST_108364,AED,Active
ACC_1009960,CUST_108365,AED,Active
ACC_1009961,CUST_108366,AED,Active
ACC_1009962,CUST_108366,AED,Active
ACC_1009963,CUST_108367,AED,Active
ACC_1009964,CUST_108368,AED,Active
ACC_1009965,CUST_108369,AED,Active
ACC_1009966,CUST_108370,AED,Active
ACC_1009967,CUST_108370,AED,Active
ACC_1009968,CUST_108371,AED,Active
ACC_1009969,CUST_108371,AED,Active
ACC_1009970,CUST_108372,AED,Active
ACC_1009971,CUST_108373,AED,Active
ACC_1009972,CUST_108374,AED,Active
ACC_1009973,CUST_108375,AED,Active
ACC_1009974,CUST_108376,AED,Active
ACC_1009975,CUST_108377,USD,Active
ACC_1009976,CUST_108377,EUR,Active
ACC_1009977,CUST_108378,USD,Active
ACC_1009978,CUST_108378,AED,Active
ACC_1009979,CUST_108379,AED,Active
ACC_1009980,CUST_108379,AED,Active
ACC_1009981,CUST_108380,AED,Active
ACC_1009982,CUST_108380,AED,Active
ACC_1009983,CUST_108381,AED,Active
ACC_1009984,CUST_108382,USD,Active
ACC_1009985,CUST_108383,AED,Active
ACC_1009986,CUST_108384,AED,Active
ACC_1009987,CUST_108385,AED,Active
ACC_1009988,CUST_108386,AED,Active
ACC_1009989,CUST_108387,AED,Active
ACC_1009990,CUST_108388,AED,Active
ACC_1009991,CUST_108389,AED,Active
ACC_1009992,CUST_108390,AED,Active
ACC_1009993,CUST_108391,AED,Active
ACC_1009994,CUST_108392,AED,Active
ACC_1009995,CUST_108393,AED,Active
ACC_1009996,CUST_108394,USD,Active
ACC_1009997,CUST_108395,EUR,Active
ACC_1009998,CUST_108396,AED,Active
ACC_1009999,CUST_108397,AED,Active
ACC_1010000,CUST_108398,USD,Active
ACC_1010001,CUST_108398,AED,Active
ACC_1010002,CUST_108399,AED,Active
ACC_1010003,CUST_108400,AED,Active
ACC_1010004,CUST_108400,AED,Active
ACC_1010005,CUST_108401,AED,Active
ACC_1010006,CUST_108402,USD,Active
ACC_1010007,CUST_108403,AED,Active
ACC_1010008,CUST_108404,AED,Active
ACC_1010009,CUST_108405,AED,Active
ACC_1010010,CUST_108406,AED,Active
ACC_1010011,CUST_108407,AED,Active
ACC_1010012,CUST_108407,AED,Active
ACC_1010013,CUST_108408,AED,Active
ACC_1010014,CUST_108408,AED,Active
ACC_1010015,CUST_108409,USD,Active
ACC_1010016,CUST_108409,AED,Active
ACC_1010017,CUST_108410,AED,Active
ACC_1010018,CUST_108411,AED,Active
ACC_1010019,CUST_108412,AED,Active
ACC_1010020,CUST_108413,AED,Active
ACC_1010021,CUST_108414,EUR,Active
ACC_1010022,CUST_108415,AED,Active
ACC_1010023,CUST_108416,AED,Active
ACC_1010024,CUST_108417,EUR,Active
ACC_1010025,CUST_108417,AED,Active
ACC_1010026,CUST_108418,AED,Active
ACC_1010027,CUST_108419,AED,Active
ACC_1010028,CUST_108420,AED,Active
ACC_1010029,CUST_108421,USD,Active
ACC_1010030,CUST_108422,AED,Active
ACC_1010031,CUST_108423,AED,Active
ACC_1010032,CUST_108423,AED,Active
ACC_1010033,CUST_108424,USD,Active
ACC_1010034,CUST_108425,AED,Active
ACC_1010035,CUST_108426,AED,Active
ACC_1010036,CUST_108426,USD,Active
ACC_1010037,CUST_108427,AED,Active
ACC_1010038,CUST_108428,AED,Active
ACC_1010039,CUST_108429,AED,Active
ACC_1010040,CUST_108430,AED,Active
ACC_1010041,CUST_108431,EUR,Active
ACC_1010042,CUST_108431,USD,Active
ACC_1010043,CUST_108432,EUR,Active
ACC_1010044,CUST_108433,AED,Active
ACC_1010045,CUST_108434,AED,Active
ACC_1010046,CUST_108435,AED,Active
ACC_1010047,CUST_108436,EUR,Active
ACC_1010048,CUST_108436,AED,Active
ACC_1010049,CUST_108437,AED,Active
ACC_1010050,CUST_108438,AED,Active
ACC_1010051,CUST_108439,AED,Active
ACC_1010052,CUST_108439,EUR,Active
ACC_1010053,CUST_108440,AED,Active
ACC_1010054,CUST_108441,AED,Active
ACC_1010055,CUST_108441,EUR,Active
ACC_1010056,CUST_108442,AED,Active
ACC_1010057,CUST_108443,USD,Active
ACC_1010058,CUST_108444,AED,Active
ACC_1010059,CUST_108444,EUR,Active
ACC_1010060,CUST_108445,AED,Active
ACC_1010061,CUST_108446,AED,Active
ACC_1010062,CUST_108447,USD,Active
ACC_1010063,CUST_108447,AED,Active
ACC_1010064,CUST_108448,AED,Active
ACC_1010065,CUST_108449,AED,Active
ACC_1010066,CUST_108450,AED,Active
ACC_1010067,CUST_108451,AED,Active
ACC_1010068,CUST_108452,EUR,Active
ACC_1010069,CUST_108453,AED,Active
ACC_1010070,CUST_108453,USD,Active
ACC_1010071,CUST_108454,AED,Active
ACC_1010072,CUST_108455,AED,Active
ACC_1010073,CUST_108455,AED,Active
ACC_1010074,CUST_108456,USD,Active
ACC_1010075,CUST_108457,AED,Active
ACC_1010076,CUST_108457,AED,Active
ACC_1010077,CUST_108458,AED,Active
ACC_1010078,CUST_108459,AED,Active
ACC_1010079,CUST_108460,AED,Active
ACC_1010080,CUST_108461,AED,Active
ACC_1010081,CUST_108462,AED,Active
ACC_1010082,CUST_108463,AED,Active
ACC_1010083,CUST_108463,AED,Active
ACC_1010084,CUST_108464,AED,Active
ACC_1010085,CUST_108465,AED,Active
ACC_1010086,CUST_108466,USD,Active
ACC_1010087,CUST_108467,AED,Active
ACC_1010088,CUST_108468,AED,Active
ACC_1010089,CUST_108469,AED,Active
ACC_1010090,CUST_108470,AED,Active
ACC_1010091,CUST_108471,AED,Active
ACC_1010092,CUST_108472,AED,Active
ACC_1010093,CUST_108473,AED,Active
ACC_1010094,CUST_108474,AED,Active
ACC_1010095,CUST_108475,AED,Active
ACC_1010096,CUST_108476,AED,Active
ACC_1010097,CUST_108477,AED,Active
ACC_1010098,CUST_108478,AED,Active
ACC_1010099,CUST_108479,AED,Active
ACC_1010100,CUST_108480,AED,Active
ACC_1010101,CUST_108481,AED,Active
ACC_1010102,CUST_108482,AED,Active
ACC_1010103,CUST_108483,AED,Active
ACC_1010104,CUST_108484,AED,Active
ACC_1010105,CUST_108485,AED,Active
ACC_1010106,CUST_108486,EUR,Active
ACC_1010107,CUST_108487,AED,Active
ACC_1010108,CUST_108488,AED,Active
ACC_1010109,CUST_108489,AED,Active
ACC_1010110,CUST_108490,USD,Active
ACC_1010111,CUST_108491,AED,Active
ACC_1010112,CUST_108492,AED,Active
ACC_1010113,CUST_108492,AED,Active
ACC_1010114,CUST_108493,AED,Active
ACC_1010115,CUST_108494,AED,Active
ACC_1010116,CUST_108495,AED,Active
ACC_1010117,CUST_108496,EUR,Active
ACC_1010118,CUST_108496,AED,Active
ACC_1010119,CUST_108497,AED,Active
ACC_1010120,CUST_108498,AED,Active
ACC_1010121,CUST_108499,AED,Active
ACC_1010122,CUST_108500,USD,Active
ACC_1010123,CUST_108501,AED,Active
ACC_1010124,CUST_108501,EUR,Active
ACC_1010125,CUST_108502,AED,Active
ACC_1010126,CUST_108502,AED,Active
ACC_1010127,CUST_108503,AED,Active
ACC_1010128,CUST_108504,AED,Active
ACC_1010129,CUST_108504,AED,Active
ACC_1010130,CUST_108505,AED,Active
ACC_1010131,CUST_108506,AED,Active
ACC_1010132,CUST_108506,AED,Active
ACC_1010133,CUST_108507,AED,Active
ACC_1010134,CUST_108508,AED,Active
ACC_1010135,CUST_108509,AED,Active
ACC_1010136,CUST_108510,USD,Active
ACC_1010137,CUST_108511,AED,Active
ACC_1010138,CUST_108512,AED,Active
ACC_1010139,CUST_108513,AED,Active
ACC_1010140,CUST_108514,AED,Active
ACC_1010141,CUST_108514,AED,Active
ACC_1010142,CUST_108515,AED,Active
ACC_1010143,CUST_108516,AED,Active
ACC_1010144,CUST_108517,AED,Active
ACC_1010145,CUST_108517,AED,Active
ACC_1010146,CUST_108518,USD,Active
ACC_1010147,CUST_108519,AED,Active
ACC_1010148,CUST_108520,AED,Active
ACC_1010149,CUST_108521,AED,Active
ACC_1010150,CUST_108521,AED,Active
ACC_1010151,CUST_108522,AED,Active
ACC_1010152,CUST_108523,AED,Active
ACC_1010153,CUST_108523,AED,Active
ACC_1010154,CUST_108524,AED,Active
ACC_1010155,CUST_108525,AED,Active
ACC_1010156,CUST_108526,AED,Active
ACC_1010157,CUST_108527,AED,Active
ACC_1010158,CUST_108528,AED,Active
ACC_1010159,CUST_108528,AED,Active
ACC_1010160,CUST_108529,AED,Active
ACC_1010161,CUST_108529,AED,Active
ACC_1010162,CUST_108530,AED,Active
ACC_1010163,CUST_108530,EUR,Active
ACC_1010164,CUST_108531,AED,Active
ACC_1010165,CUST_108532,AED,Active
ACC_1010166,CUST_108533,AED,Active
ACC_1010167,CUST_108534,USD,Active
ACC_1010168,CUST_108535,AED,Active
ACC_1010169,CUST_108536,AED,Active
ACC_1010170,CUST_108537,AED,Active
ACC_1010171,CUST_108537,EUR,Active
ACC_1010172,CUST_108538,EUR,Active
ACC_1010173,CUST_108539,EUR,Active
ACC_1010174,CUST_108540,AED,Active
ACC_1010175,CUST_108541,AED,Active
ACC_1010176,CUST_108542,AED,Active
ACC_1010177,CUST_108543,AED,Active
ACC_1010178,CUST_108544,AED,Active
ACC_1010179,CUST_108545,AED,Active
ACC_1010180,CUST_108545,USD,Active
ACC_1010181,CUST_108546,AED,Active
ACC_1010182,CUST_108547,AED,Active
ACC_1010183,CUST_108548,AED,Active
ACC_1010184,CUST_108549,AED,Active
ACC_1010185,CUST_108550,AED,Active
ACC_1010186,CUST_108551,AED,Active
ACC_1010187,CUST_108552,AED,Active
ACC_1010188,CUST_108553,AED,Active
ACC_1010189,CUST_108554,AED,Active
ACC_1010190,CUST_108554,EUR,Active
ACC_1010191,CUST_108555,AED,Active
ACC_1010192,CUST_108556,AED,Active
ACC_1010193,CUST_108556,USD,Active
ACC_1010194,CUST_108557,USD,Active
ACC_1010195,CUST_108558,AED,Active
ACC_1010196,CUST_108558,AED,Active
ACC_1010197,CUST_108559,AED,Active
ACC_1010198,CUST_108560,AED,Active
ACC_1010199,CUST_108561,AED,Active
ACC_1010200,CUST_108562,AED,Active
ACC_1010201,CUST_108562,AED,Active
ACC_1010202,CUST_108563,AED,Active
ACC_1010203,CUST_108564,EUR,Active
ACC_1010204,CUST_108565,AED,Active
ACC_1010205,CUST_108566,AED,Active
ACC_1010206,CUST_108567,AED,Active
ACC_1010207,CUST_108567,AED,Active
ACC_1010208,CUST_108568,AED,Active
ACC_1010209,CUST_108568,USD,Active
ACC_1010210,CUST_108569,AED,Active
ACC_1010211,CUST_108570,AED,Active
ACC_1010212,CUST_108571,AED,Active
ACC_1010213,CUST_108572,AED,Active
ACC_1010214,CUST_108573,AED,Active
ACC_1010215,CUST_108574,AED,Active
ACC_1010216,CUST_108575,AED,Active
ACC_1010217,CUST_108576,AED,Active
ACC_1010218,CUST_108577,AED,Active
ACC_1010219,CUST_108578,AED,Active
ACC_1010220,CUST_108579,AED,Active
ACC_1010221,CUST_108580,AED,Active
ACC_1010222,CUST_108581,AED,Active
ACC_1010223,CUST_108582,AED,Active
ACC_1010224,CUST_108582,AED,Active
ACC_1010225,CUST_108583,USD,Active
ACC_1010226,CUST_108584,AED,Active
ACC_1010227,CUST_108584,USD,Active
ACC_1010228,CUST_108585,USD,Active
ACC_1010229,CUST_108586,USD,Active
ACC_1010230,CUST_108587,AED,Active
ACC_1010231,CUST_108588,AED,Active
ACC_1010232,CUST_108589,AED,Active
ACC_1010233,CUST_108590,AED,Active
ACC_1010234,CUST_108591,AED,Active
ACC_1010235,CUST_108592,AED,Active
ACC_1010236,CUST_108592,AED,Active
ACC_1010237,CUST_108593,USD,Active
ACC_1010238,CUST_108594,AED,Active
ACC_1010239,CUST_108595,AED,Active
ACC_1010240,CUST_108596,AED,Active
ACC_1010241,CUST_108597,AED,Active
ACC_1010242,CUST_108598,AED,Active
ACC_1010243,CUST_108598,AED,Active
ACC_1010244,CUST_108599,AED,Active
ACC_1010245,CUST_108600,AED,Active
ACC_1010246,CUST_108600,AED,Active
ACC_1010247,CUST_108601,USD,Active
ACC_1010248,CUST_108601,AED,Active
ACC_1010249,CUST_108602,AED,Active
ACC_1010250,CUST_108603,AED,Active
ACC_1010251,CUST_108604,AED,Active
ACC_1010252,CUST_108605,AED,Active
ACC_1010253,CUST_108606,AED,Active
ACC_1010254,CUST_108607,AED,Active
ACC_1010255,CUST_108607,USD,Active
ACC_1010256,CUST_108608,AED,Active
ACC_1010257,CUST_108609,AED,Active
ACC_1010258,CUST_108610,AED,Active
ACC_1010259,CUST_108611,AED,Active
ACC_1010260,CUST_108612,AED,Active
ACC_1010261,CUST_108613,AED,Active
ACC_1010262,CUST_108614,AED,Active
ACC_1010263,CUST_108615,AED,Active
ACC_1010264,CUST_108616,AED,Active
ACC_1010265,CUST_108616,AED,Active
ACC_1010266,CUST_108617,AED,Active
ACC_1010267,CUST_108617,AED,Active
ACC_1010268,CUST_108618,USD,Active
ACC_1010269,CUST_108619,AED,Active
ACC_1010270,CUST_108620,AED,Active
ACC_1010271,CUST_108621,AED,Active
ACC_1010272,CUST_108621,AED,Active
ACC_1010273,CUST_108622,AED,Active
ACC_1010274,CUST_108623,AED,Active
ACC_1010275,CUST_108624,USD,Active
ACC_1010276,CUST_108625,EUR,Active
ACC_1010277,CUST_108626,AED,Active
ACC_1010278,CUST_108627,AED,Active
ACC_1010279,CUST_108628,EUR,Active
ACC_1010280,CUST_108629,AED,Active
ACC_1010281,CUST_108630,AED,Active
ACC_1010282,CUST_108631,USD,Active
ACC_1010283,CUST_108632,AED,Active
ACC_1010284,CUST_108633,AED,Active
ACC_1010285,CUST_108634,AED,Active
ACC_1010286,CUST_108635,AED,Active
ACC_1010287,CUST_108636,AED,Active
ACC_1010288,CUST_108637,AED,Active
ACC_1010289,CUST_108638,AED,Active
ACC_1010290,CUST_108639,AED,Active
ACC_1010291,CUST_108640,AED,Active
ACC_1010292,CUST_108641,AED,Active
ACC_1010293,CUST_108642,AED,Active
ACC_1010294,CUST_108643,EUR,Active
ACC_1010295,CUST_108644,AED,Active
ACC_1010296,CUST_108645,AED,Active
ACC_1010297,CUST_108646,AED,Active
ACC_1010298,CUST_108647,AED,Active
ACC_1010299,CUST_108648,AED,Active
ACC_1010300,CUST_108649,EUR,Active
ACC_1010301,CUST_108649,AED,Active
ACC_1010302,CUST_108650,AED,Active
ACC_1010303,CUST_108651,AED,Active
ACC_1010304,CUST_108652,AED,Active
ACC_1010305,CUST_108653,AED,Active
ACC_1010306,CUST_108654,AED,Active
ACC_1010307,CUST_108655,AED,Active
ACC_1010308,CUST_108656,AED,Active
ACC_1010309,CUST_108657,AED,Active
ACC_1010310,CUST_108658,AED,Active
ACC_1010311,CUST_108659,AED,Active
ACC_1010312,CUST_108659,AED,Active
ACC_1010313,CUST_108660,AED,Active
ACC_1010314,CUST_108661,AED,Active
ACC_1010315,CUST_108662,AED,Active
ACC_1010316,CUST_108663,AED,Active
ACC_1010317,CUST_108663,AED,Active
ACC_1010318,CUST_108664,AED,Active
ACC_1010319,CUST_108665,AED,Active
ACC_1010320,CUST_108666,USD,Active
ACC_1010321,CUST_108666,AED,Active
ACC_1010322,CUST_108667,AED,Active
ACC_1010323,CUST_108668,AED,Active
ACC_1010324,CUST_108669,AED,Active
ACC_1010325,CUST_108670,AED,Active
ACC_1010326,CUST_108671,AED,Active
ACC_1010327,CUST_108671,AED,Active
ACC_1010328,CUST_108672,AED,Active
ACC_1010329,CUST_108673,EUR,Active
ACC_1010330,CUST_108674,AED,Active
ACC_1010331,CUST_108674,AED,Active
ACC_1010332,CUST_108675,AED,Active
ACC_1010333,CUST_108676,AED,Active
ACC_1010334,CUST_108676,USD,Active
ACC_1010335,CUST_108677,AED,Active
ACC_1010336,CUST_108678,AED,Active
ACC_1010337,CUST_108679,EUR,Active
ACC_1010338,CUST_108680,AED,Active
ACC_1010339,CUST_108681,EUR,Active
ACC_1010340,CUST_108681,AED,Active
ACC_1010341,CUST_108682,AED,Active
ACC_1010342,CUST_108682,AED,Active
ACC_1010343,CUST_108683,AED,Active
ACC_1010344,CUST_108684,EUR,Active
ACC_1010345,CUST_108684,AED,Active
ACC_1010346,CUST_108685,AED,Active
ACC_1010347,CUST_108686,AED,Active
ACC_1010348,CUST_108687,USD,Active
ACC_1010349,CUST_108688,AED,Active
ACC_1010350,CUST_108689,AED,Active
ACC_1010351,CUST_108690,AED,Active
ACC_1010352,CUST_108691,AED,Active
ACC_1010353,CUST_108692,AED,Active
ACC_1010354,CUST_108693,AED,Active
ACC_1010355,CUST_108694,AED,Active
ACC_1010356,CUST_108695,AED,Active
ACC_1010357,CUST_108696,AED,Active
ACC_1010358,CUST_108697,AED,Active
ACC_1010359,CUST_108698,USD,Active
ACC_1010360,CUST_108699,EUR,Active
ACC_1010361,CUST_108700,EUR,Active
ACC_1010362,CUST_108701,USD,Active
ACC_1010363,CUST_108702,AED,Active
ACC_1010364,CUST_108702,AED,Active
ACC_1010365,CUST_108703,AED,Active
ACC_1010366,CUST_108704,AED,Active
ACC_1010367,CUST_108705,AED,Active
ACC_1010368,CUST_108706,AED,Active
ACC_1010369,CUST_108706,AED,Active
ACC_1010370,CUST_108707,AED,Active
ACC_1010371,CUST_108708,AED,Active
ACC_1010372,CUST_108709,AED,Active
ACC_1010373,CUST_108710,AED,Active
ACC_1010374,CUST_108711,AED,Active
ACC_1010375,CUST_108711,AED,Active
ACC_1010376,CUST_108712,AED,Active
ACC_1010377,CUST_108712,EUR,Active
ACC_1010378,CUST_108713,AED,Active
ACC_1010379,CUST_108714,AED,Active
ACC_1010380,CUST_108715,AED,Active
ACC_1010381,CUST_108716,AED,Active
ACC_1010382,CUST_108717,EUR,Active
ACC_1010383,CUST_108718,AED,Active
ACC_1010384,CUST_108719,AED,Active
ACC_1010385,CUST_108719,AED,Active
ACC_1010386,CUST_108720,AED,Active
ACC_1010387,CUST_108721,AED,Active
ACC_1010388,CUST_108721,AED,Active
ACC_1010389,CUST_108722,AED,Active
ACC_1010390,CUST_108723,AED,Active
ACC_1010391,CUST_108724,AED,Active
ACC_1010392,CUST_108725,AED,Active
ACC_1010393,CUST_108726,AED,Active
ACC_1010394,CUST_108726,AED,Active
ACC_1010395,CUST_108727,EUR,Active
ACC_1010396,CUST_108728,AED,Active
ACC_1010397,CUST_108729,AED,Active
ACC_1010398,CUST_108730,AED,Active
ACC_1010399,CUST_108730,EUR,Active
ACC_1010400,CUST_108731,AED,Active
ACC_1010401,CUST_108732,AED,Active
ACC_1010402,CUST_108733,AED,Active
ACC_1010403,CUST_108734,AED,Active
ACC_1010404,CUST_108735,AED,Active
ACC_1010405,CUST_108736,AED,Active
ACC_1010406,CUST_108737,AED,Active
ACC_1010407,CUST_108738,AED,Active
ACC_1010408,CUST_108739,EUR,Active
ACC_1010409,CUST_108740,AED,Active
ACC_1010410,CUST_108740,AED,Active
ACC_1010411,CUST_108741,USD,Active
ACC_1010412,CUST_108742,USD,Active
ACC_1010413,CUST_108743,AED,Active
ACC_1010414,CUST_108744,AED,Active
ACC_1010415,CUST_108745,AED,Active
ACC_1010416,CUST_108746,AED,Active
ACC_1010417,CUST_108747,AED,Active
ACC_1010418,CUST_108747,AED,Active
ACC_1010419,CUST_108748,EUR,Active
ACC_1010420,CUST_108748,AED,Active
ACC_1010421,CUST_108749,AED,Active
ACC_1010422,CUST_108749,AED,Active
ACC_1010423,CUST_108750,AED,Active
ACC_1010424,CUST_108751,AED,Active
ACC_1010425,CUST_108752,AED,Active
ACC_1010426,CUST_108753,AED,Active
ACC_1010427,CUST_108754,AED,Active
ACC_1010428,CUST_108755,AED,Active
ACC_1010429,CUST_108756,AED,Active
ACC_1010430,CUST_108757,AED,Active
ACC_1010431,CUST_108758,AED,Active
ACC_1010432,CUST_108759,USD,Active
ACC_1010433,CUST_108760,AED,Active
ACC_1010434,CUST_108761,AED,Active
ACC_1010435,CUST_108761,AED,Active
ACC_1010436,CUST_108762,AED,Active
ACC_1010437,CUST_108763,AED,Active
ACC_1010438,CUST_108764,AED,Active
ACC_1010439,CUST_108765,AED,Active
ACC_1010440,CUST_108765,AED,Active
ACC_1010441,CUST_108766,USD,Active
ACC_1010442,CUST_108767,AED,Active
ACC_1010443,CUST_108768,AED,Active
ACC_1010444,CUST_108769,AED,Active
ACC_1010445,CUST_108770,AED,Active
ACC_1010446,CUST_108770,AED,Active
ACC_1010447,CUST_108771,AED,Active
ACC_1010448,CUST_108772,AED,Active
ACC_1010449,CUST_108773,AED,Active
ACC_1010450,CUST_108774,AED,Active
ACC_1010451,CUST_108774,AED,Active
ACC_1010452,CUST_108775,EUR,Active
ACC_1010453,CUST_108776,AED,Active
ACC_1010454,CUST_108777,AED,Active
ACC_1010455,CUST_108777,AED,Active
ACC_1010456,CUST_108778,AED,Active
ACC_1010457,CUST_108779,AED,Active
ACC_1010458,CUST_108780,AED,Active
ACC_1010459,CUST_108780,AED,Active
ACC_1010460,CUST_108781,AED,Active
ACC_1010461,CUST_108782,AED,Active
ACC_1010462,CUST_108782,AED,Active
ACC_1010463,CUST_108783,AED,Active
ACC_1010464,CUST_108783,AED,Active
ACC_1010465,CUST_108784,AED,Active
ACC_1010466,CUST_108785,AED,Active
ACC_1010467,CUST_108786,AED,Active
ACC_1010468,CUST_108787,AED,Active
ACC_1010469,CUST_108788,AED,Active
ACC_1010470,CUST_108789,AED,Active
ACC_1010471,CUST_108790,AED,Active
ACC_1010472,CUST_108791,AED,Active
ACC_1010473,CUST_108792,AED,Active
ACC_1010474,CUST_108793,USD,Active
ACC_1010475,CUST_108794,AED,Active
ACC_1010476,CUST_108794,USD,Active
ACC_1010477,CUST_108795,AED,Active
ACC_1010478,CUST_108796,AED,Active
ACC_1010479,CUST_108796,AED,Active
ACC_1010480,CUST_108797,AED,Active
ACC_1010481,CUST_108798,AED,Active
ACC_1010482,CUST_108799,AED,Active
ACC_1010483,CUST_108800,AED,Active
ACC_1010484,CUST_108801,AED,Active
ACC_1010485,CUST_108802,AED,Active
ACC_1010486,CUST_108803,AED,Active
ACC_1010487,CUST_108804,AED,Active
ACC_1010488,CUST_108805,AED,Active
ACC_1010489,CUST_108805,AED,Active
ACC_1010490,CUST_108806,AED,Active
ACC_1010491,CUST_108807,AED,Active
ACC_1010492,CUST_108808,AED,Active
ACC_1010493,CUST_108808,AED,Active
ACC_1010494,CUST_108809,AED,Active
ACC_1010495,CUST_108810,AED,Active
ACC_1010496,CUST_108811,AED,Active
ACC_1010497,CUST_108812,AED,Active
ACC_1010498,CUST_108813,USD,Active
ACC_1010499,CUST_108814,AED,Active
ACC_1010500,CUST_108815,AED,Active
ACC_1010501,CUST_108815,USD,Active
ACC_1010502,CUST_108816,AED,Active
ACC_1010503,CUST_108817,AED,Active
ACC_1010504,CUST_108818,AED,Active
ACC_1010505,CUST_108819,AED,Active
ACC_1010506,CUST_108820,AED,Active
ACC_1010507,CUST_108821,AED,Active
ACC_1010508,CUST_108821,EUR,Active
ACC_1010509,CUST_108822,AED,Active
ACC_1010510,CUST_108823,AED,Active
ACC_1010511,CUST_108823,AED,Active
ACC_1010512,CUST_108824,AED,Active
ACC_1010513,CUST_108824,AED,Active
ACC_1010514,CUST_108825,AED,Active
ACC_1010515,CUST_108826,USD,Active
ACC_1010516,CUST_108827,AED,Active
ACC_1010517,CUST_108828,AED,Active
ACC_1010518,CUST_108828,AED,Active
ACC_1010519,CUST_108829,USD,Active
ACC_1010520,CUST_108829,AED,Active
ACC_1010521,CUST_108830,AED,Active
ACC_1010522,CUST_108831,USD,Active
ACC_1010523,CUST_108832,AED,Active
ACC_1010524,CUST_108833,AED,Active
ACC_1010525,CUST_108834,EUR,Active
ACC_1010526,CUST_108835,AED,Active
ACC_1010527,CUST_108836,AED,Active
ACC_1010528,CUST_108836,AED,Active
ACC_1010529,CUST_108837,AED,Active
ACC_1010530,CUST_108838,USD,Active
ACC_1010531,CUST_108839,AED,Active
ACC_1010532,CUST_108840,AED,Active
ACC_1010533,CUST_108841,AED,Active
ACC_1010534,CUST_108842,AED,Active
ACC_1010535,CUST_108843,USD,Active
ACC_1010536,CUST_108844,AED,Active
ACC_1010537,CUST_108845,AED,Active
ACC_1010538,CUST_108846,AED,Active
ACC_1010539,CUST_108846,AED,Active
ACC_1010540,CUST_108847,AED,Active
ACC_1010541,CUST_108847,AED,Active
ACC_1010542,CUST_108848,AED,Active
ACC_1010543,CUST_108849,AED,Active
ACC_1010544,CUST_108850,AED,Active
ACC_1010545,CUST_108851,AED,Active
ACC_1010546,CUST_108852,AED,Active
ACC_1010547,CUST_108853,EUR,Active
ACC_1010548,CUST_108854,AED,Active
ACC_1010549,CUST_108855,EUR,Active
ACC_1010550,CUST_108855,USD,Active
ACC_1010551,CUST_108856,USD,Active
ACC_1010552,CUST_108857,AED,Active
ACC_1010553,CUST_108857,AED,Active
ACC_1010554,CUST_108858,AED,Active
ACC_1010555,CUST_108859,AED,Active
ACC_1010556,CUST_108860,AED,Active
ACC_1010557,CUST_108861,AED,Active
ACC_1010558,CUST_108861,AED,Active
ACC_1010559,CUST_108862,AED,Active
ACC_1010560,CUST_108863,USD,Active
ACC_1010561,CUST_108864,AED,Active
ACC_1010562,CUST_108864,AED,Active
ACC_1010563,CUST_108865,AED,Active
ACC_1010564,CUST_108866,AED,Active
ACC_1010565,CUST_108866,AED,Active
ACC_1010566,CUST_108867,USD,Active
ACC_1010567,CUST_108868,AED,Active
ACC_1010568,CUST_108869,AED,Active
ACC_1010569,CUST_108870,AED,Active
ACC_1010570,CUST_108870,AED,Active
ACC_1010571,CUST_108871,AED,Active
ACC_1010572,CUST_108872,AED,Active
ACC_1010573,CUST_108873,AED,Active
ACC_1010574,CUST_108874,AED,Active
ACC_1010575,CUST_108875,AED,Active
ACC_1010576,CUST_108876,AED,Active
ACC_1010577,CUST_108877,AED,Active
ACC_1010578,CUST_108878,AED,Active
ACC_1010579,CUST_108879,AED,Active
ACC_1010580,CUST_108880,AED,Active
ACC_1010581,CUST_108881,AED,Active
ACC_1010582,CUST_108882,EUR,Active
ACC_1010583,CUST_108883,AED,Active
ACC_1010584,CUST_108883,USD,Active
ACC_1010585,CUST_108884,AED,Active
ACC_1010586,CUST_108885,AED,Active
ACC_1010587,CUST_108886,AED,Active
ACC_1010588,CUST_108886,AED,Active
ACC_1010589,CUST_108887,AED,Active
ACC_1010590,CUST_108887,EUR,Active
ACC_1010591,CUST_108888,AED,Active
ACC_1010592,CUST_108889,AED,Active
ACC_1010593,CUST_108890,EUR,Active
ACC_1010594,CUST_108891,USD,Active
ACC_1010595,CUST_108892,AED,Active
ACC_1010596,CUST_108893,AED,Active
ACC_1010597,CUST_108894,AED,Active
ACC_1010598,CUST_108895,AED,Active
ACC_1010599,CUST_108896,AED,Active
ACC_1010600,CUST_108897,AED,Active
ACC_1010601,CUST_108898,EUR,Active
ACC_1010602,CUST_108899,AED,Active
ACC_1010603,CUST_108900,AED,Active
ACC_1010604,CUST_108901,AED,Active
ACC_1010605,CUST_108901,AED,Active
ACC_1010606,CUST_108902,AED,Active
ACC_1010607,CUST_108903,AED,Active
ACC_1010608,CUST_108904,AED,Active
ACC_1010609,CUST_108904,AED,Active
ACC_1010610,CUST_108905,AED,Active
ACC_1010611,CUST_108905,AED,Active
ACC_1010612,CUST_108906,AED,Active
ACC_1010613,CUST_108906,AED,Active
ACC_1010614,CUST_108907,AED,Active
ACC_1010615,CUST_108907,AED,Active
ACC_1010616,CUST_108908,AED,Active
ACC_1010617,CUST_108909,USD,Active
ACC_1010618,CUST_108910,AED,Active
ACC_1010619,CUST_108911,AED,Active
ACC_1010620,CUST_108912,AED,Active
ACC_1010621,CUST_108913,USD,Active
ACC_1010622,CUST_108913,AED,Active
ACC_1010623,CUST_108914,AED,Active
ACC_1010624,CUST_108914,AED,Active
ACC_1010625,CUST_108915,AED,Active
ACC_1010626,CUST_108916,AED,Active
ACC_1010627,CUST_108917,AED,Active
ACC_1010628,CUST_108917,EUR,Active
ACC_1010629,CUST_108918,AED,Active
ACC_1010630,CUST_108919,AED,Active
ACC_1010631,CUST_108919,USD,Active
ACC_1010632,CUST_108920,AED,Active
ACC_1010633,CUST_108921,EUR,Active
ACC_1010634,CUST_108922,EUR,Active
ACC_1010635,CUST_108923,AED,Active
ACC_1010636,CUST_108924,EUR,Active
ACC_1010637,CUST_108925,AED,Active
ACC_1010638,CUST_108926,AED,Active
ACC_1010639,CUST_108927,AED,Active
ACC_1010640,CUST_108928,USD,Active
ACC_1010641,CUST_108929,AED,Active
ACC_1010642,CUST_108930,AED,Active
ACC_1010643,CUST_108931,AED,Active
ACC_1010644,CUST_108932,AED,Active
ACC_1010645,CUST_108933,AED,Active
ACC_1010646,CUST_108934,AED,Active
ACC_1010647,CUST_108935,AED,Active
ACC_1010648,CUST_108936,AED,Active
ACC_1010649,CUST_108936,USD,Active
ACC_1010650,CUST_108937,AED,Active
ACC_1010651,CUST_108938,AED,Active
ACC_1010652,CUST_108939,AED,Active
ACC_1010653,CUST_108940,AED,Active
ACC_1010654,CUST_108941,AED,Active
ACC_1010655,CUST_108942,AED,Active
ACC_1010656,CUST_108943,AED,Active
ACC_1010657,CUST_108944,AED,Active
ACC_1010658,CUST_108945,AED,Active
ACC_1010659,CUST_108946,AED,Active
ACC_1010660,CUST_108947,AED,Active
ACC_1010661,CUST_108948,EUR,Active
ACC_1010662,CUST_108949,AED,Active
ACC_1010663,CUST_108950,AED,Active
ACC_1010664,CUST_108950,AED,Active
ACC_1010665,CUST_108951,AED,Active
ACC_1010666,CUST_108952,AED,Active
ACC_1010667,CUST_108953,AED,Active
ACC_1010668,CUST_108954,AED,Active
ACC_1010669,CUST_108954,USD,Active
ACC_1010670,CUST_108955,AED,Active
ACC_1010671,CUST_108956,AED,Active
ACC_1010672,CUST_108957,AED,Active
ACC_1010673,CUST_108958,EUR,Active
ACC_1010674,CUST_108958,AED,Active
ACC_1010675,CUST_108959,AED,Active
ACC_1010676,CUST_108960,USD,Active
ACC_1010677,CUST_108961,AED,Active
ACC_1010678,CUST_108962,AED,Active
ACC_1010679,CUST_108963,AED,Active
ACC_1010680,CUST_108964,AED,Active
ACC_1010681,CUST_108964,AED,Active
ACC_1010682,CUST_108965,AED,Active
ACC_1010683,CUST_108966,AED,Active
ACC_1010684,CUST_108967,EUR,Active
ACC_1010685,CUST_108968,AED,Active
ACC_1010686,CUST_108969,AED,Active
ACC_1010687,CUST_108970,AED,Active
ACC_1010688,CUST_108971,AED,Active
ACC_1010689,CUST_108972,AED,Active
ACC_1010690,CUST_108973,USD,Active
ACC_1010691,CUST_108974,AED,Active
ACC_1010692,CUST_108975,AED,Active
ACC_1010693,CUST_108976,AED,Active
ACC_1010694,CUST_108977,AED,Active
ACC_1010695,CUST_108978,AED,Active
ACC_1010696,CUST_108979,AED,Active
ACC_1010697,CUST_108980,AED,Active
ACC_1010698,CUST_108981,AED,Active
ACC_1010699,CUST_108982,AED,Active
ACC_1010700,CUST_108982,USD,Active
ACC_1010701,CUST_108983,EUR,Active
ACC_1010702,CUST_108984,AED,Active
ACC_1010703,CUST_108984,AED,Active
ACC_1010704,CUST_108985,AED,Active
ACC_1010705,CUST_108986,AED,Active
ACC_1010706,CUST_108987,USD,Active
ACC_1010707,CUST_108988,AED,Active
ACC_1010708,CUST_108989,USD,Active
ACC_1010709,CUST_108990,USD,Active
ACC_1010710,CUST_108991,AED,Active
ACC_1010711,CUST_108991,EUR,Active
ACC_1010712,CUST_108992,AED,Active
ACC_1010713,CUST_108993,AED,Active
ACC_1010714,CUST_108993,AED,Active
ACC_1010715,CUST_108994,AED,Active
ACC_1010716,CUST_108995,USD,Active
ACC_1010717,CUST_108996,AED,Active
ACC_1010718,CUST_108997,AED,Active
ACC_1010719,CUST_108998,AED,Active
ACC_1010720,CUST_108999,AED,Active
ACC_1010721,CUST_109000,AED,Active
ACC_1010722,CUST_109001,EUR,Active
ACC_1010723,CUST_109001,AED,Active
ACC_1010724,CUST_109002,AED,Active
ACC_1010725,CUST_109003,AED,Active
ACC_1010726,CUST_109004,USD,Active
ACC_1010727,CUST_109005,AED,Active
ACC_1010728,CUST_109006,AED,Active
ACC_1010729,CUST_109006,AED,Active
ACC_1010730,CUST_109007,AED,Active
ACC_1010731,CUST_109008,AED,Active
ACC_1010732,CUST_109009,AED,Active
ACC_1010733,CUST_109009,AED,Active
ACC_1010734,CUST_109010,AED,Active
ACC_1010735,CUST_109011,AED,Active
ACC_1010736,CUST_109011,AED,Active
ACC_1010737,CUST_109012,AED,Active
ACC_1010738,CUST_109013,AED,Active
ACC_1010739,CUST_109014,USD,Active
ACC_1010740,CUST_109014,AED,Active
ACC_1010741,CUST_109015,AED,Active
ACC_1010742,CUST_109016,AED,Active
ACC_1010743,CUST_109016,AED,Active
ACC_1010744,CUST_109017,AED,Active
ACC_1010745,CUST_109018,AED,Active
ACC_1010746,CUST_109019,AED,Active
ACC_1010747,CUST_109019,AED,Active
ACC_1010748,CUST_109020,AED,Active
ACC_1010749,CUST_109020,AED,Active
ACC_1010750,CUST_109021,AED,Active
ACC_1010751,CUST_109022,AED,Active
ACC_1010752,CUST_109023,USD,Active
ACC_1010753,CUST_109024,AED,Active
ACC_1010754,CUST_109024,AED,Active
ACC_1010755,CUST_109025,AED,Active
ACC_1010756,CUST_109026,AED,Active
ACC_1010757,CUST_109026,USD,Active
ACC_1010758,CUST_109027,AED,Active
ACC_1010759,CUST_109028,AED,Active
ACC_1010760,CUST_109029,AED,Active
ACC_1010761,CUST_109030,AED,Active
ACC_1010762,CUST_109031,AED,Active
ACC_1010763,CUST_109032,AED,Active
ACC_1010764,CUST_109033,AED,Active
ACC_1010765,CUST_109034,USD,Active
ACC_1010766,CUST_109035,EUR,Active
ACC_1010767,CUST_109036,AED,Active
ACC_1010768,CUST_109037,AED,Active
ACC_1010769,CUST_109038,AED,Active
ACC_1010770,CUST_109039,AED,Active
ACC_1010771,CUST_109039,AED,Active
ACC_1010772,CUST_109040,AED,Active
ACC_1010773,CUST_109041,AED,Active
ACC_1010774,CUST_109042,AED,Active
ACC_1010775,CUST_109042,AED,Active
ACC_1010776,CUST_109043,AED,Active
ACC_1010777,CUST_109044,AED,Active
ACC_1010778,CUST_109045,AED,Active
ACC_1010779,CUST_109045,AED,Active
ACC_1010780,CUST_109046,AED,Active
ACC_1010781,CUST_109047,AED,Active
ACC_1010782,CUST_109048,AED,Active
ACC_1010783,CUST_109049,AED,Active
ACC_1010784,CUST_109050,AED,Active
ACC_1010785,CUST_109051,AED,Active
ACC_1010786,CUST_109052,AED,Active
ACC_1010787,CUST_109053,AED,Active
ACC_1010788,CUST_109054,EUR,Active
ACC_1010789,CUST_109055,USD,Active
ACC_1010790,CUST_109056,AED,Active
ACC_1010791,CUST_109057,AED,Active
ACC_1010792,CUST_109057,AED,Active
ACC_1010793,CUST_109058,AED,Active
ACC_1010794,CUST_109059,AED,Active
ACC_1010795,CUST_109059,AED,Active
ACC_1010796,CUST_109060,AED,Active
ACC_1010797,CUST_109060,USD,Active
ACC_1010798,CUST_109061,AED,Active
ACC_1010799,CUST_109062,AED,Active
ACC_1010800,CUST_109063,AED,Active
ACC_1010801,CUST_109064,AED,Active
ACC_1010802,CUST_109065,AED,Active
ACC_1010803,CUST_109066,AED,Active
ACC_1010804,CUST_109067,AED,Active
ACC_1010805,CUST_109068,AED,Active
ACC_1010806,CUST_109069,AED,Active
ACC_1010807,CUST_109069,AED,Active
ACC_1010808,CUST_109070,USD,Active
ACC_1010809,CUST_109071,AED,Active
ACC_1010810,CUST_109072,AED,Active
ACC_1010811,CUST_109072,AED,Active
ACC_1010812,CUST_109073,AED,Active
ACC_1010813,CUST_109074,AED,Active
ACC_1010814,CUST_109075,USD,Active
ACC_1010815,CUST_109075,AED,Active
ACC_1010816,CUST_109076,AED,Active
ACC_1010817,CUST_109077,AED,Active
ACC_1010818,CUST_109078,USD,Active
ACC_1010819,CUST_109079,AED,Active
ACC_1010820,CUST_109080,AED,Active
ACC_1010821,CUST_109080,AED,Active
ACC_1010822,CUST_109081,AED,Active
ACC_1010823,CUST_109082,AED,Active
ACC_1010824,CUST_109083,AED,Active
ACC_1010825,CUST_109084,AED,Active
ACC_1010826,CUST_109085,AED,Active
ACC_1010827,CUST_109086,AED,Active
ACC_1010828,CUST_109086,AED,Active
ACC_1010829,CUST_109087,AED,Active
ACC_1010830,CUST_109088,USD,Active
ACC_1010831,CUST_109089,AED,Active
ACC_1010832,CUST_109089,AED,Active
ACC_1010833,CUST_109090,USD,Active
ACC_1010834,CUST_109091,AED,Active
ACC_1010835,CUST_109092,AED,Active
ACC_1010836,CUST_109093,EUR,Active
ACC_1010837,CUST_109094,AED,Active
ACC_1010838,CUST_109095,AED,Active
ACC_1010839,CUST_109095,AED,Active
ACC_1010840,CUST_109096,USD,Active
ACC_1010841,CUST_109097,EUR,Active
ACC_1010842,CUST_109098,AED,Active
ACC_1010843,CUST_109099,AED,Active
ACC_1010844,CUST_109100,AED,Active
ACC_1010845,CUST_109101,AED,Active
ACC_1010846,CUST_109102,AED,Active
ACC_1010847,CUST_109103,AED,Active
ACC_1010848,CUST_109104,AED,Active
ACC_1010849,CUST_109105,AED,Active
ACC_1010850,CUST_109105,AED,Active
ACC_1010851,CUST_109106,AED,Active
ACC_1010852,CUST_109106,AED,Active
ACC_1010853,CUST_109107,AED,Active
ACC_1010854,CUST_109108,AED,Active
ACC_1010855,CUST_109109,AED,Active
ACC_1010856,CUST_109110,USD,Active
ACC_1010857,CUST_109110,AED,Active
ACC_1010858,CUST_109111,AED,Active
ACC_1010859,CUST_109112,AED,Active
ACC_1010860,CUST_109113,AED,Active
ACC_1010861,CUST_109114,AED,Active
ACC_1010862,CUST_109114,AED,Active
ACC_1010863,CUST_109115,EUR,Active
ACC_1010864,CUST_109116,AED,Active
ACC_1010865,CUST_109117,AED,Active
ACC_1010866,CUST_109118,AED,Active
ACC_1010867,CUST_109119,AED,Active
ACC_1010868,CUST_109120,AED,Active
ACC_1010869,CUST_109121,AED,Active
ACC_1010870,CUST_109122,USD,Active
ACC_1010871,CUST_109123,AED,Active
ACC_1010872,CUST_109124,EUR,Active
ACC_1010873,CUST_109125,AED,Active
ACC_1010874,CUST_109126,AED,Active
ACC_1010875,CUST_109126,AED,Active
ACC_1010876,CUST_109127,AED,Active
ACC_1010877,CUST_109128,AED,Active
ACC_1010878,CUST_109128,USD,Active
ACC_1010879,CUST_109129,AED,Active
ACC_1010880,CUST_109130,AED,Active
ACC_1010881,CUST_109131,AED,Active
ACC_1010882,CUST_109132,AED,Active
ACC_1010883,CUST_109132,USD,Active
ACC_1010884,CUST_109133,EUR,Active
ACC_1010885,CUST_109134,AED,Active
ACC_1010886,CUST_109135,AED,Active
ACC_1010887,CUST_109136,AED,Active
ACC_1010888,CUST_109137,AED,Active
ACC_1010889,CUST_109138,USD,Active
ACC_1010890,CUST_109139,AED,Active
ACC_1010891,CUST_109140,AED,Active
ACC_1010892,CUST_109140,AED,Active
ACC_1010893,CUST_109141,EUR,Active
ACC_1010894,CUST_109141,AED,Active
ACC_1010895,CUST_109142,AED,Active
ACC_1010896,CUST_109143,AED,Active
ACC_1010897,CUST_109143,AED,Active
ACC_1010898,CUST_109144,AED,Active
ACC_1010899,CUST_109145,AED,Active
ACC_1010900,CUST_109146,AED,Active
ACC_1010901,CUST_109146,USD,Active
ACC_1010902,CUST_109147,AED,Active
ACC_1010903,CUST_109148,AED,Active
ACC_1010904,CUST_109148,AED,Active
ACC_1010905,CUST_109149,AED,Active
ACC_1010906,CUST_109149,AED,Active
ACC_1010907,CUST_109150,EUR,Active
ACC_1010908,CUST_109150,AED,Active
ACC_1010909,CUST_109151,AED,Active
ACC_1010910,CUST_109151,USD,Active
ACC_1010911,CUST_109152,AED,Active
ACC_1010912,CUST_109152,AED,Active
ACC_1010913,CUST_109153,AED,Active
ACC_1010914,CUST_109154,AED,Active
ACC_1010915,CUST_109155,AED,Active
ACC_1010916,CUST_109156,AED,Active
ACC_1010917,CUST_109157,AED,Active
ACC_1010918,CUST_109158,AED,Active
ACC_1010919,CUST_109159,USD,Active
ACC_1010920,CUST_109160,AED,Active
ACC_1010921,CUST_109161,AED,Active
ACC_1010922,CUST_109162,AED,Active
ACC_1010923,CUST_109162,AED,Active
ACC_1010924,CUST_109163,USD,Active
ACC_1010925,CUST_109164,AED,Active
ACC_1010926,CUST_109165,AED,Active
ACC_1010927,CUST_109166,AED,Active
ACC_1010928,CUST_109167,AED,Active
ACC_1010929,CUST_109168,AED,Active
ACC_1010930,CUST_109169,AED,Active
ACC_1010931,CUST_109170,EUR,Active
ACC_1010932,CUST_109171,AED,Active
ACC_1010933,CUST_109172,AED,Active
ACC_1010934,CUST_109173,USD,Active
ACC_1010935,CUST_109173,AED,Active
ACC_1010936,CUST_109174,USD,Active
ACC_1010937,CUST_109175,AED,Active
ACC_1010938,CUST_109176,AED,Active
ACC_1010939,CUST_109177,AED,Active
ACC_1010940,CUST_109178,AED,Active
ACC_1010941,CUST_109178,EUR,Active
ACC_1010942,CUST_109179,AED,Active
ACC_1010943,CUST_109179,AED,Active
ACC_1010944,CUST_109180,AED,Active
ACC_1010945,CUST_109181,AED,Active
ACC_1010946,CUST_109181,EUR,Active
ACC_1010947,CUST_109182,AED,Active
ACC_1010948,CUST_109183,AED,Active
ACC_1010949,CUST_109184,AED,Active
ACC_1010950,CUST_109185,AED,Active
ACC_1010951,CUST_109186,AED,Active
ACC_1010952,CUST_109187,EUR,Active
ACC_1010953,CUST_109188,AED,Active
ACC_1010954,CUST_109189,AED,Active
ACC_1010955,CUST_109190,AED,Active
ACC_1010956,CUST_109191,USD,Active
ACC_1010957,CUST_109192,AED,Active
ACC_1010958,CUST_109193,AED,Active
ACC_1010959,CUST_109193,AED,Active
ACC_1010960,CUST_109194,EUR,Active
ACC_1010961,CUST_109195,AED,Active
ACC_1010962,CUST_109196,AED,Active
ACC_1010963,CUST_109197,AED,Active
ACC_1010964,CUST_109198,AED,Active
ACC_1010965,CUST_109199,AED,Active
ACC_1010966,CUST_109200,AED,Active
ACC_1010967,CUST_109201,AED,Active
ACC_1010968,CUST_109202,AED,Active
ACC_1010969,CUST_109203,AED,Active
ACC_1010970,CUST_109204,EUR,Active
ACC_1010971,CUST_109205,AED,Active
ACC_1010972,CUST_109206,AED,Active
ACC_1010973,CUST_109206,AED,Active
ACC_1010974,CUST_109207,AED,Active
ACC_1010975,CUST_109207,AED,Active
ACC_1010976,CUST_109208,AED,Active
ACC_1010977,CUST_109209,AED,Active
ACC_1010978,CUST_109210,AED,Active
ACC_1010979,CUST_109211,AED,Active
ACC_1010980,CUST_109212,AED,Active
ACC_1010981,CUST_109213,AED,Active
ACC_1010982,CUST_109214,AED,Active
ACC_1010983,CUST_109214,AED,Active
ACC_1010984,CUST_109215,AED,Active
ACC_1010985,CUST_109216,AED,Active
ACC_1010986,CUST_109216,USD,Active
ACC_1010987,CUST_109217,AED,Active
ACC_1010988,CUST_109218,EUR,Active
ACC_1010989,CUST_109219,AED,Active
ACC_1010990,CUST_109220,AED,Active
ACC_1010991,CUST_109221,AED,Active
ACC_1010992,CUST_109222,AED,Active
ACC_1010993,CUST_109223,AED,Active
ACC_1010994,CUST_109224,EUR,Active
ACC_1010995,CUST_109225,AED,Active
ACC_1010996,CUST_109226,AED,Active
ACC_1010997,CUST_109227,AED,Active
ACC_1010998,CUST_109227,AED,Active
ACC_1010999,CUST_109228,AED,Active
ACC_1011000,CUST_109229,AED,Active
ACC_1011001,CUST_109230,AED,Active
ACC_1011002,CUST_109231,AED,Active
ACC_1011003,CUST_109232,AED,Active
ACC_1011004,CUST_109233,AED,Active
ACC_1011005,CUST_109234,AED,Active
ACC_1011006,CUST_109235,AED,Active
ACC_1011007,CUST_109236,AED,Active
ACC_1011008,CUST_109237,AED,Active
ACC_1011009,CUST_109238,AED,Active
ACC_1011010,CUST_109239,USD,Active
ACC_1011011,CUST_109240,AED,Active
ACC_1011012,CUST_109241,AED,Active
ACC_1011013,CUST_109242,AED,Active
ACC_1011014,CUST_109243,AED,Active
ACC_1011015,CUST_109243,AED,Active
ACC_1011016,CUST_109244,AED,Active
ACC_1011017,CUST_109245,AED,Active
ACC_1011018,CUST_109246,AED,Active
ACC_1011019,CUST_109247,AED,Active
ACC_1011020,CUST_109247,AED,Active
ACC_1011021,CUST_109248,AED,Active
ACC_1011022,CUST_109249,AED,Active
ACC_1011023,CUST_109250,AED,Active
ACC_1011024,CUST_109250,AED,Active
ACC_1011025,CUST_109251,AED,Active
ACC_1011026,CUST_109252,AED,Active
ACC_1011027,CUST_109253,USD,Active
ACC_1011028,CUST_109254,AED,Active
ACC_1011029,CUST_109255,AED,Active
ACC_1011030,CUST_109255,AED,Active
ACC_1011031,CUST_109256,EUR,Active
ACC_1011032,CUST_109256,AED,Active
ACC_1011033,CUST_109257,AED,Active
ACC_1011034,CUST_109258,AED,Active
ACC_1011035,CUST_109259,AED,Active
ACC_1011036,CUST_109260,AED,Active
ACC_1011037,CUST_109261,AED,Active
ACC_1011038,CUST_109262,AED,Active
ACC_1011039,CUST_109263,AED,Active
ACC_1011040,CUST_109264,AED,Active
ACC_1011041,CUST_109265,AED,Active
ACC_1011042,CUST_109266,AED,Active
ACC_1011043,CUST_109267,AED,Active
ACC_1011044,CUST_109268,AED,Active
ACC_1011045,CUST_109268,USD,Active
ACC_1011046,CUST_109269,AED,Active
ACC_1011047,CUST_109270,AED,Active
ACC_1011048,CUST_109271,AED,Active
ACC_1011049,CUST_109271,AED,Active
ACC_1011050,CUST_109272,AED,Active
ACC_1011051,CUST_109273,EUR,Active
ACC_1011052,CUST_109273,AED,Active
ACC_1011053,CUST_109274,AED,Active
ACC_1011054,CUST_109275,AED,Active
ACC_1011055,CUST_109276,AED,Active
ACC_1011056,CUST_109277,USD,Active
ACC_1011057,CUST_109278,AED,Active
ACC_1011058,CUST_109279,AED,Active
ACC_1011059,CUST_109280,AED,Active
ACC_1011060,CUST_109281,AED,Active
ACC_1011061,CUST_109282,EUR,Active
ACC_1011062,CUST_109282,EUR,Active
ACC_1011063,CUST_109283,AED,Active
ACC_1011064,CUST_109284,AED,Active
ACC_1011065,CUST_109285,AED,Active
ACC_1011066,CUST_109286,AED,Active
ACC_1011067,CUST_109287,AED,Active
ACC_1011068,CUST_109288,EUR,Active
ACC_1011069,CUST_109288,AED,Active
ACC_1011070,CUST_109289,AED,Active
ACC_1011071,CUST_109290,AED,Active
ACC_1011072,CUST_109291,AED,Active
ACC_1011073,CUST_109292,AED,Active
ACC_1011074,CUST_109292,AED,Active
ACC_1011075,CUST_109293,AED,Active
ACC_1011076,CUST_109294,AED,Active
ACC_1011077,CUST_109295,AED,Active
ACC_1011078,CUST_109296,AED,Active
ACC_1011079,CUST_109296,AED,Active
ACC_1011080,CUST_109297,AED,Active
ACC_1011081,CUST_109297,AED,Active
ACC_1011082,CUST_109298,USD,Active
ACC_1011083,CUST_109299,AED,Active
ACC_1011084,CUST_109300,USD,Active
ACC_1011085,CUST_109301,AED,Active
ACC_1011086,CUST_109302,AED,Active
ACC_1011087,CUST_109303,AED,Active
ACC_1011088,CUST_109304,AED,Active
ACC_1011089,CUST_109305,AED,Active
ACC_1011090,CUST_109306,AED,Active
ACC_1011091,CUST_109307,AED,Active
ACC_1011092,CUST_109308,AED,Active
ACC_1011093,CUST_109309,AED,Active
ACC_1011094,CUST_109310,AED,Active
ACC_1011095,CUST_109311,AED,Active
ACC_1011096,CUST_109311,AED,Active
ACC_1011097,CUST_109312,AED,Active
ACC_1011098,CUST_109313,USD,Active
ACC_1011099,CUST_109314,AED,Active
ACC_1011100,CUST_109315,AED,Active
ACC_1011101,CUST_109316,AED,Active
ACC_1011102,CUST_109317,AED,Active
ACC_1011103,CUST_109318,USD,Active
ACC_1011104,CUST_109319,AED,Active
ACC_1011105,CUST_109319,AED,Active
ACC_1011106,CUST_109320,AED,Active
ACC_1011107,CUST_109321,AED,Active
ACC_1011108,CUST_109321,AED,Active
ACC_1011109,CUST_109322,USD,Active
ACC_1011110,CUST_109323,AED,Active
ACC_1011111,CUST_109324,EUR,Active
ACC_1011112,CUST_109325,AED,Active
ACC_1011113,CUST_109326,AED,Active
ACC_1011114,CUST_109327,AED,Active
ACC_1011115,CUST_109327,AED,Active
ACC_1011116,CUST_109328,EUR,Active
ACC_1011117,CUST_109328,AED,Active
ACC_1011118,CUST_109329,AED,Active
ACC_1011119,CUST_109330,AED,Active
ACC_1011120,CUST_109331,AED,Active
ACC_1011121,CUST_109332,AED,Active
ACC_1011122,CUST_109333,AED,Active
ACC_1011123,CUST_109334,AED,Active
ACC_1011124,CUST_109335,AED,Active
ACC_1011125,CUST_109336,AED,Active
ACC_1011126,CUST_109337,USD,Active
ACC_1011127,CUST_109338,AED,Active
ACC_1011128,CUST_109339,AED,Active
ACC_1011129,CUST_109340,AED,Active
ACC_1011130,CUST_109341,AED,Active
ACC_1011131,CUST_109342,USD,Active
ACC_1011132,CUST_109343,AED,Active
ACC_1011133,CUST_109343,USD,Active
ACC_1011134,CUST_109344,AED,Active
ACC_1011135,CUST_109345,AED,Active
ACC_1011136,CUST_109346,USD,Active
ACC_1011137,CUST_109347,AED,Active
ACC_1011138,CUST_109348,AED,Active
ACC_1011139,CUST_109349,AED,Active
ACC_1011140,CUST_109350,AED,Active
ACC_1011141,CUST_109350,AED,Active
ACC_1011142,CUST_109351,AED,Active
ACC_1011143,CUST_109352,USD,Active
ACC_1011144,CUST_109353,AED,Active
ACC_1011145,CUST_109353,AED,Active
ACC_1011146,CUST_109354,AED,Active
ACC_1011147,CUST_109355,AED,Active
ACC_1011148,CUST_109356,AED,Active
ACC_1011149,CUST_109357,AED,Active
ACC_1011150,CUST_109358,AED,Active
ACC_1011151,CUST_109359,AED,Active
ACC_1011152,CUST_109360,AED,Active
ACC_1011153,CUST_109361,AED,Active
ACC_1011154,CUST_109362,AED,Active
ACC_1011155,CUST_109363,AED,Active
ACC_1011156,CUST_109364,USD,Active
ACC_1011157,CUST_109365,USD,Active
ACC_1011158,CUST_109366,AED,Active
ACC_1011159,CUST_109367,AED,Active
ACC_1011160,CUST_109368,AED,Active
ACC_1011161,CUST_109368,AED,Active
ACC_1011162,CUST_109369,AED,Active
ACC_1011163,CUST_109370,AED,Active
ACC_1011164,CUST_109371,AED,Active
ACC_1011165,CUST_109372,AED,Active
ACC_1011166,CUST_109373,AED,Active
ACC_1011167,CUST_109374,AED,Active
ACC_1011168,CUST_109374,AED,Active
ACC_1011169,CUST_109375,AED,Active
ACC_1011170,CUST_109376,AED,Active
ACC_1011171,CUST_109377,AED,Active
ACC_1011172,CUST_109378,AED,Active
ACC_1011173,CUST_109379,AED,Active
ACC_1011174,CUST_109380,AED,Active
ACC_1011175,CUST_109381,AED,Active
ACC_1011176,CUST_109382,EUR,Active
ACC_1011177,CUST_109383,AED,Active
ACC_1011178,CUST_109384,AED,Active
ACC_1011179,CUST_109385,AED,Active
ACC_1011180,CUST_109386,AED,Active
ACC_1011181,CUST_109387,AED,Active
ACC_1011182,CUST_109388,AED,Active
ACC_1011183,CUST_109389,AED,Active
ACC_1011184,CUST_109390,AED,Active
ACC_1011185,CUST_109391,AED,Active
ACC_1011186,CUST_109392,AED,Active
ACC_1011187,CUST_109393,AED,Active
ACC_1011188,CUST_109394,AED,Active
ACC_1011189,CUST_109395,USD,Active
ACC_1011190,CUST_109396,AED,Active
ACC_1011191,CUST_109397,AED,Active
ACC_1011192,CUST_109398,EUR,Active
ACC_1011193,CUST_109399,AED,Active
ACC_1011194,CUST_109400,AED,Active
ACC_1011195,CUST_109401,AED,Active
ACC_1011196,CUST_109402,AED,Active
ACC_1011197,CUST_109402,USD,Active
ACC_1011198,CUST_109403,AED,Active
ACC_1011199,CUST_109404,EUR,Active
ACC_1011200,CUST_109404,AED,Active
ACC_1011201,CUST_109405,AED,Active
ACC_1011202,CUST_109405,EUR,Active
ACC_1011203,CUST_109406,USD,Active
ACC_1011204,CUST_109407,USD,Active
ACC_1011205,CUST_109408,AED,Active
ACC_1011206,CUST_109409,AED,Active
ACC_1011207,CUST_109410,USD,Active
ACC_1011208,CUST_109410,EUR,Active
ACC_1011209,CUST_109411,AED,Active
ACC_1011210,CUST_109412,AED,Active
ACC_1011211,CUST_109412,AED,Active
ACC_1011212,CUST_109413,AED,Active
ACC_1011213,CUST_109414,USD,Active
ACC_1011214,CUST_109415,AED,Active
ACC_1011215,CUST_109416,AED,Active
ACC_1011216,CUST_109417,AED,Active
ACC_1011217,CUST_109417,AED,Active
ACC_1011218,CUST_109418,AED,Active
ACC_1011219,CUST_109418,AED,Active
ACC_1011220,CUST_109419,EUR,Active
ACC_1011221,CUST_109420,USD,Active
ACC_1011222,CUST_109421,AED,Active
ACC_1011223,CUST_109422,AED,Active
ACC_1011224,CUST_109423,AED,Active
ACC_1011225,CUST_109424,USD,Active
ACC_1011226,CUST_109425,USD,Active
ACC_1011227,CUST_109426,EUR,Active
ACC_1011228,CUST_109427,AED,Active
ACC_1011229,CUST_109427,AED,Active
ACC_1011230,CUST_109428,AED,Active
ACC_1011231,CUST_109429,AED,Active
ACC_1011232,CUST_109430,AED,Active
ACC_1011233,CUST_109431,AED,Active
ACC_1011234,CUST_109432,AED,Active
ACC_1011235,CUST_109433,AED,Active
ACC_1011236,CUST_109434,USD,Active
ACC_1011237,CUST_109435,AED,Active
ACC_1011238,CUST_109436,AED,Active
ACC_1011239,CUST_109437,AED,Active
ACC_1011240,CUST_109438,AED,Active
ACC_1011241,CUST_109439,AED,Active
ACC_1011242,CUST_109440,AED,Active
ACC_1011243,CUST_109441,AED,Active
ACC_1011244,CUST_109442,AED,Active
ACC_1011245,CUST_109442,AED,Active
ACC_1011246,CUST_109443,AED,Active
ACC_1011247,CUST_109444,AED,Active
ACC_1011248,CUST_109445,AED,Active
ACC_1011249,CUST_109446,AED,Active
ACC_1011250,CUST_109447,AED,Active
ACC_1011251,CUST_109447,AED,Active
ACC_1011252,CUST_109448,AED,Active
ACC_1011253,CUST_109449,AED,Active
ACC_1011254,CUST_109449,AED,Active
ACC_1011255,CUST_109450,AED,Active
ACC_1011256,CUST_109451,AED,Active
ACC_1011257,CUST_109452,AED,Active
ACC_1011258,CUST_109453,AED,Active
ACC_1011259,CUST_109453,AED,Active
ACC_1011260,CUST_109454,AED,Active
ACC_1011261,CUST_109455,USD,Active
ACC_1011262,CUST_109456,AED,Active
ACC_1011263,CUST_109456,EUR,Active
ACC_1011264,CUST_109457,AED,Active
ACC_1011265,CUST_109457,AED,Active
ACC_1011266,CUST_109458,AED,Active
ACC_1011267,CUST_109459,AED,Active
ACC_1011268,CUST_109460,AED,Active
ACC_1011269,CUST_109461,AED,Active
ACC_1011270,CUST_109461,AED,Active
ACC_1011271,CUST_109462,AED,Active
ACC_1011272,CUST_109463,AED,Active
ACC_1011273,CUST_109464,EUR,Active
ACC_1011274,CUST_109464,AED,Active
ACC_1011275,CUST_109465,AED,Active
ACC_1011276,CUST_109465,USD,Active
ACC_1011277,CUST_109466,AED,Active
ACC_1011278,CUST_109467,AED,Active
ACC_1011279,CUST_109468,USD,Active
ACC_1011280,CUST_109469,AED,Active
ACC_1011281,CUST_109469,AED,Active
ACC_1011282,CUST_109470,AED,Active
ACC_1011283,CUST_109471,EUR,Active
ACC_1011284,CUST_109472,AED,Active
ACC_1011285,CUST_109473,AED,Active
ACC_1011286,CUST_109474,USD,Active
ACC_1011287,CUST_109474,AED,Active
ACC_1011288,CUST_109475,AED,Active
ACC_1011289,CUST_109476,AED,Active
ACC_1011290,CUST_109477,AED,Active
ACC_1011291,CUST_109477,AED,Active
ACC_1011292,CUST_109478,AED,Active
ACC_1011293,CUST_109479,USD,Active
ACC_1011294,CUST_109480,AED,Active
ACC_1011295,CUST_109481,AED,Active
ACC_1011296,CUST_109482,AED,Active
ACC_1011297,CUST_109483,AED,Active
ACC_1011298,CUST_109484,AED,Active
ACC_1011299,CUST_109485,AED,Active
ACC_1011300,CUST_109486,AED,Active
ACC_1011301,CUST_109486,AED,Active
ACC_1011302,CUST_109487,AED,Active
ACC_1011303,CUST_109488,AED,Active
ACC_1011304,CUST_109489,AED,Active
ACC_1011305,CUST_109490,AED,Active
ACC_1011306,CUST_109491,AED,Active
ACC_1011307,CUST_109491,AED,Active
ACC_1011308,CUST_109492,AED,Active
ACC_1011309,CUST_109493,AED,Active
ACC_1011310,CUST_109494,AED,Active
ACC_1011311,CUST_109495,AED,Active
ACC_1011312,CUST_109496,AED,Active
ACC_1011313,CUST_109497,AED,Active
ACC_1011314,CUST_109498,AED,Active
ACC_1011315,CUST_109499,EUR,Active
ACC_1011316,CUST_109500,AED,Active
ACC_1011317,CUST_109501,AED,Active
ACC_1011318,CUST_109502,AED,Active
ACC_1011319,CUST_109503,AED,Active
ACC_1011320,CUST_109504,AED,Active
ACC_1011321,CUST_109505,AED,Active
ACC_1011322,CUST_109506,AED,Active
ACC_1011323,CUST_109507,AED,Active
ACC_1011324,CUST_109508,AED,Active
ACC_1011325,CUST_109509,AED,Active
ACC_1011326,CUST_109510,AED,Active
ACC_1011327,CUST_109511,AED,Active
ACC_1011328,CUST_109512,AED,Active
ACC_1011329,CUST_109513,USD,Active
ACC_1011330,CUST_109514,USD,Active
ACC_1011331,CUST_109515,AED,Active
ACC_1011332,CUST_109516,AED,Active
ACC_1011333,CUST_109516,AED,Active
ACC_1011334,CUST_109517,AED,Active
ACC_1011335,CUST_109518,AED,Active
ACC_1011336,CUST_109518,AED,Active
ACC_1011337,CUST_109519,AED,Active
ACC_1011338,CUST_109520,AED,Active
ACC_1011339,CUST_109521,AED,Active
ACC_1011340,CUST_109521,USD,Active
ACC_1011341,CUST_109522,AED,Active
ACC_1011342,CUST_109523,AED,Active
ACC_1011343,CUST_109523,AED,Active
ACC_1011344,CUST_109524,AED,Active
ACC_1011345,CUST_109525,AED,Active
ACC_1011346,CUST_109526,AED,Active
ACC_1011347,CUST_109527,AED,Active
ACC_1011348,CUST_109528,AED,Active
ACC_1011349,CUST_109528,AED,Active
ACC_1011350,CUST_109529,AED,Active
ACC_1011351,CUST_109530,AED,Active
ACC_1011352,CUST_109531,USD,Active
ACC_1011353,CUST_109531,AED,Active
ACC_1011354,CUST_109532,AED,Active
ACC_1011355,CUST_109533,AED,Active
ACC_1011356,CUST_109534,AED,Active
ACC_1011357,CUST_109535,EUR,Active
ACC_1011358,CUST_109536,AED,Active
ACC_1011359,CUST_109537,AED,Active
ACC_1011360,CUST_109538,AED,Active
ACC_1011361,CUST_109539,AED,Active
ACC_1011362,CUST_109539,AED,Active
ACC_1011363,CUST_109540,AED,Active
ACC_1011364,CUST_109541,AED,Active
ACC_1011365,CUST_109541,AED,Active
ACC_1011366,CUST_109542,AED,Active
ACC_1011367,CUST_109543,AED,Active
ACC_1011368,CUST_109544,AED,Active
ACC_1011369,CUST_109545,AED,Active
ACC_1011370,CUST_109545,AED,Active
ACC_1011371,CUST_109546,AED,Active
ACC_1011372,CUST_109547,AED,Active
ACC_1011373,CUST_109548,AED,Active
ACC_1011374,CUST_109549,AED,Active
ACC_1011375,CUST_109550,AED,Active
ACC_1011376,CUST_109551,AED,Active
ACC_1011377,CUST_109552,AED,Active
ACC_1011378,CUST_109553,AED,Active
ACC_1011379,CUST_109554,AED,Active
ACC_1011380,CUST_109555,EUR,Active
ACC_1011381,CUST_109556,AED,Active
ACC_1011382,CUST_109557,AED,Active
ACC_1011383,CUST_109558,AED,Active
ACC_1011384,CUST_109558,AED,Active
ACC_1011385,CUST_109559,AED,Active
ACC_1011386,CUST_109560,AED,Active
ACC_1011387,CUST_109561,AED,Active
ACC_1011388,CUST_109562,AED,Active
ACC_1011389,CUST_109563,USD,Active
ACC_1011390,CUST_109564,USD,Active
ACC_1011391,CUST_109564,AED,Active
ACC_1011392,CUST_109565,AED,Active
ACC_1011393,CUST_109566,AED,Active
ACC_1011394,CUST_109567,AED,Active
ACC_1011395,CUST_109568,AED,Active
ACC_1011396,CUST_109569,AED,Active
ACC_1011397,CUST_109570,AED,Active
ACC_1011398,CUST_109571,AED,Active
ACC_1011399,CUST_109572,USD,Active
ACC_1011400,CUST_109572,EUR,Active
ACC_1011401,CUST_109573,AED,Active
ACC_1011402,CUST_109574,AED,Active
ACC_1011403,CUST_109575,AED,Active
ACC_1011404,CUST_109576,AED,Active
ACC_1011405,CUST_109576,AED,Active
ACC_1011406,CUST_109577,AED,Active
ACC_1011407,CUST_109578,USD,Active
ACC_1011408,CUST_109578,AED,Active
ACC_1011409,CUST_109579,AED,Active
ACC_1011410,CUST_109580,AED,Active
ACC_1011411,CUST_109581,AED,Active
ACC_1011412,CUST_109581,EUR,Active
ACC_1011413,CUST_109582,AED,Active
ACC_1011414,CUST_109582,AED,Active
ACC_1011415,CUST_109583,AED,Active
ACC_1011416,CUST_109584,USD,Active
ACC_1011417,CUST_109585,AED,Active
ACC_1011418,CUST_109586,AED,Active
ACC_1011419,CUST_109587,AED,Active
ACC_1011420,CUST_109588,AED,Active
ACC_1011421,CUST_109588,USD,Active
ACC_1011422,CUST_109589,AED,Active
ACC_1011423,CUST_109590,AED,Active
ACC_1011424,CUST_109591,AED,Active
ACC_1011425,CUST_109592,AED,Active
ACC_1011426,CUST_109593,USD,Active
ACC_1011427,CUST_109594,AED,Active
ACC_1011428,CUST_109595,AED,Active
ACC_1011429,CUST_109596,EUR,Active
ACC_1011430,CUST_109597,AED,Active
ACC_1011431,CUST_109598,AED,Active
ACC_1011432,CUST_109598,AED,Active
ACC_1011433,CUST_109599,AED,Active
ACC_1011434,CUST_109600,AED,Active
ACC_1011435,CUST_109601,AED,Active
ACC_1011436,CUST_109602,AED,Active
ACC_1011437,CUST_109603,AED,Active
ACC_1011438,CUST_109604,AED,Active
ACC_1011439,CUST_109605,AED,Active
ACC_1011440,CUST_109606,AED,Active
ACC_1011441,CUST_109606,AED,Active
ACC_1011442,CUST_109607,EUR,Active
ACC_1011443,CUST_109608,AED,Active
ACC_1011444,CUST_109608,AED,Active
ACC_1011445,CUST_109609,EUR,Active
ACC_1011446,CUST_109609,AED,Active
ACC_1011447,CUST_109610,EUR,Active
ACC_1011448,CUST_109611,AED,Active
ACC_1011449,CUST_109612,AED,Active
ACC_1011450,CUST_109613,AED,Active
ACC_1011451,CUST_109614,AED,Active
ACC_1011452,CUST_109614,AED,Active
ACC_1011453,CUST_109615,AED,Active
ACC_1011454,CUST_109615,AED,Active
ACC_1011455,CUST_109616,AED,Active
ACC_1011456,CUST_109617,AED,Active
ACC_1011457,CUST_109617,AED,Active
ACC_1011458,CUST_109618,USD,Active
ACC_1011459,CUST_109618,AED,Active
ACC_1011460,CUST_109619,AED,Active
ACC_1011461,CUST_109620,AED,Active
ACC_1011462,CUST_109621,AED,Active
ACC_1011463,CUST_109622,AED,Active
ACC_1011464,CUST_109623,AED,Active
ACC_1011465,CUST_109624,AED,Active
ACC_1011466,CUST_109624,AED,Active
ACC_1011467,CUST_109625,AED,Active
ACC_1011468,CUST_109625,AED,Active
ACC_1011469,CUST_109626,AED,Active
ACC_1011470,CUST_109627,AED,Active
ACC_1011471,CUST_109627,AED,Active
ACC_1011472,CUST_109628,AED,Active
ACC_1011473,CUST_109628,USD,Active
ACC_1011474,CUST_109629,USD,Active
ACC_1011475,CUST_109630,USD,Active
ACC_1011476,CUST_109631,AED,Active
ACC_1011477,CUST_109632,AED,Active
ACC_1011478,CUST_109633,AED,Active
ACC_1011479,CUST_109633,AED,Active
ACC_1011480,CUST_109634,AED,Active
ACC_1011481,CUST_109634,USD,Active
ACC_1011482,CUST_109635,AED,Active
ACC_1011483,CUST_109636,AED,Active
ACC_1011484,CUST_109637,AED,Active
ACC_1011485,CUST_109638,USD,Active
ACC_1011486,CUST_109639,AED,Active
ACC_1011487,CUST_109640,AED,Active
ACC_1011488,CUST_109641,AED,Active
ACC_1011489,CUST_109641,AED,Active
ACC_1011490,CUST_109642,AED,Active
ACC_1011491,CUST_109642,AED,Active
ACC_1011492,CUST_109643,AED,Active
ACC_1011493,CUST_109644,AED,Active
ACC_1011494,CUST_109645,AED,Active
ACC_1011495,CUST_109646,AED,Active
ACC_1011496,CUST_109647,AED,Active
ACC_1011497,CUST_109648,AED,Active
ACC_1011498,CUST_109648,AED,Active
ACC_1011499,CUST_109649,AED,Active
ACC_1011500,CUST_109650,AED,Active
ACC_1011501,CUST_109651,AED,Active
ACC_1011502,CUST_109652,AED,Active
ACC_1011503,CUST_109653,AED,Active
ACC_1011504,CUST_109654,AED,Active
ACC_1011505,CUST_109654,AED,Active
ACC_1011506,CUST_109655,AED,Active
ACC_1011507,CUST_109656,EUR,Active
ACC_1011508,CUST_109657,AED,Active
ACC_1011509,CUST_109658,AED,Active
ACC_1011510,CUST_109659,AED,Active
ACC_1011511,CUST_109660,AED,Active
ACC_1011512,CUST_109660,AED,Active
ACC_1011513,CUST_109661,AED,Active
ACC_1011514,CUST_109662,AED,Active
ACC_1011515,CUST_109662,USD,Active
ACC_1011516,CUST_109663,USD,Active
ACC_1011517,CUST_109664,AED,Active
ACC_1011518,CUST_109664,USD,Active
ACC_1011519,CUST_109665,AED,Active
ACC_1011520,CUST_109666,AED,Active
ACC_1011521,CUST_109666,USD,Active
ACC_1011522,CUST_109667,AED,Active
ACC_1011523,CUST_109668,AED,Active
ACC_1011524,CUST_109669,AED,Active
ACC_1011525,CUST_109669,AED,Active
ACC_1011526,CUST_109670,AED,Active
ACC_1011527,CUST_109671,USD,Active
ACC_1011528,CUST_109672,AED,Active
ACC_1011529,CUST_109673,AED,Active
ACC_1011530,CUST_109674,AED,Active
ACC_1011531,CUST_109675,AED,Active
ACC_1011532,CUST_109676,AED,Active
ACC_1011533,CUST_109677,AED,Active
ACC_1011534,CUST_109677,USD,Active
ACC_1011535,CUST_109678,AED,Active
ACC_1011536,CUST_109678,AED,Active
ACC_1011537,CUST_109679,AED,Active
ACC_1011538,CUST_109680,AED,Active
ACC_1011539,CUST_109680,AED,Active
ACC_1011540,CUST_109681,EUR,Active
ACC_1011541,CUST_109682,AED,Active
ACC_1011542,CUST_109683,AED,Active
ACC_1011543,CUST_109684,USD,Active
ACC_1011544,CUST_109684,AED,Active
ACC_1011545,CUST_109685,AED,Active
ACC_1011546,CUST_109686,AED,Active
ACC_1011547,CUST_109687,AED,Active
ACC_1011548,CUST_109688,AED,Active
ACC_1011549,CUST_109689,AED,Active
ACC_1011550,CUST_109690,AED,Active
ACC_1011551,CUST_109691,EUR,Active
ACC_1011552,CUST_109692,AED,Active
ACC_1011553,CUST_109693,AED,Active
ACC_1011554,CUST_109693,AED,Active
ACC_1011555,CUST_109694,AED,Active
ACC_1011556,CUST_109694,EUR,Active
ACC_1011557,CUST_109695,AED,Active
ACC_1011558,CUST_109695,USD,Active
ACC_1011559,CUST_109696,AED,Active
ACC_1011560,CUST_109697,AED,Active
ACC_1011561,CUST_109697,USD,Active
ACC_1011562,CUST_109698,AED,Active
ACC_1011563,CUST_109699,AED,Active
ACC_1011564,CUST_109699,AED,Active
ACC_1011565,CUST_109700,USD,Active
ACC_1011566,CUST_109701,AED,Active
ACC_1011567,CUST_109702,AED,Active
ACC_1011568,CUST_109703,USD,Active
ACC_1011569,CUST_109703,AED,Active
ACC_1011570,CUST_109704,AED,Active
ACC_1011571,CUST_109705,AED,Active
ACC_1011572,CUST_109705,AED,Active
ACC_1011573,CUST_109706,USD,Active
ACC_1011574,CUST_109707,AED,Active
ACC_1011575,CUST_109708,AED,Active
ACC_1011576,CUST_109709,AED,Active
ACC_1011577,CUST_109709,AED,Active
ACC_1011578,CUST_109710,USD,Active
ACC_1011579,CUST_109711,AED,Active
ACC_1011580,CUST_109712,AED,Active
ACC_1011581,CUST_109713,AED,Active
ACC_1011582,CUST_109714,AED,Active
ACC_1011583,CUST_109715,AED,Active
ACC_1011584,CUST_109715,AED,Active
ACC_1011585,CUST_109716,AED,Active
ACC_1011586,CUST_109716,AED,Active
ACC_1011587,CUST_109717,AED,Active
ACC_1011588,CUST_109717,AED,Active
ACC_1011589,CUST_109718,AED,Active
ACC_1011590,CUST_109719,EUR,Active
ACC_1011591,CUST_109719,AED,Active
ACC_1011592,CUST_109720,AED,Active
ACC_1011593,CUST_109721,AED,Active
ACC_1011594,CUST_109721,AED,Active
ACC_1011595,CUST_109722,EUR,Active
ACC_1011596,CUST_109723,USD,Active
ACC_1011597,CUST_109724,AED,Active
ACC_1011598,CUST_109725,AED,Active
ACC_1011599,CUST_109726,AED,Active
ACC_1011600,CUST_109727,EUR,Active
ACC_1011601,CUST_109728,AED,Active
ACC_1011602,CUST_109729,AED,Active
ACC_1011603,CUST_109729,AED,Active
ACC_1011604,CUST_109730,AED,Active
ACC_1011605,CUST_109731,AED,Active
ACC_1011606,CUST_109732,AED,Active
ACC_1011607,CUST_109733,AED,Active
ACC_1011608,CUST_109734,AED,Active
ACC_1011609,CUST_109735,AED,Active
ACC_1011610,CUST_109736,USD,Active
ACC_1011611,CUST_109737,AED,Active
ACC_1011612,CUST_109738,AED,Active
ACC_1011613,CUST_109738,AED,Active
ACC_1011614,CUST_109739,AED,Active
ACC_1011615,CUST_109740,AED,Active
ACC_1011616,CUST_109741,AED,Active
ACC_1011617,CUST_109742,AED,Active
ACC_1011618,CUST_109743,AED,Active
ACC_1011619,CUST_109744,AED,Active
ACC_1011620,CUST_109744,AED,Active
ACC_1011621,CUST_109745,AED,Active
ACC_1011622,CUST_109745,USD,Active
ACC_1011623,CUST_109746,AED,Active
ACC_1011624,CUST_109746,AED,Active
ACC_1011625,CUST_109747,AED,Active
ACC_1011626,CUST_109748,AED,Active
ACC_1011627,CUST_109749,AED,Active
ACC_1011628,CUST_109750,AED,Active
ACC_1011629,CUST_109751,AED,Active
ACC_1011630,CUST_109752,AED,Active
ACC_1011631,CUST_109753,AED,Active
ACC_1011632,CUST_109754,AED,Active
ACC_1011633,CUST_109755,AED,Active
ACC_1011634,CUST_109756,AED,Active
ACC_1011635,CUST_109756,EUR,Active
ACC_1011636,CUST_109757,AED,Active
ACC_1011637,CUST_109758,AED,Active
ACC_1011638,CUST_109758,AED,Active
ACC_1011639,CUST_109759,AED,Active
ACC_1011640,CUST_109760,AED,Active
ACC_1011641,CUST_109761,AED,Active
ACC_1011642,CUST_109761,AED,Active
ACC_1011643,CUST_109762,AED,Active
ACC_1011644,CUST_109763,AED,Active
ACC_1011645,CUST_109764,AED,Active
ACC_1011646,CUST_109765,USD,Active
ACC_1011647,CUST_109766,USD,Active
ACC_1011648,CUST_109766,AED,Active
ACC_1011649,CUST_109767,AED,Active
ACC_1011650,CUST_109768,USD,Active
ACC_1011651,CUST_109769,USD,Active
ACC_1011652,CUST_109769,USD,Active
ACC_1011653,CUST_109770,AED,Active
ACC_1011654,CUST_109771,AED,Active
ACC_1011655,CUST_109771,AED,Active
ACC_1011656,CUST_109772,AED,Active
ACC_1011657,CUST_109772,AED,Active
ACC_1011658,CUST_109773,AED,Active
ACC_1011659,CUST_109774,AED,Active
ACC_1011660,CUST_109775,AED,Active
ACC_1011661,CUST_109776,AED,Active
ACC_1011662,CUST_109776,AED,Active
ACC_1011663,CUST_109777,AED,Active
ACC_1011664,CUST_109778,AED,Active
ACC_1011665,CUST_109779,AED,Active
ACC_1011666,CUST_109780,AED,Active
ACC_1011667,CUST_109781,AED,Active
ACC_1011668,CUST_109782,AED,Active
ACC_1011669,CUST_109783,AED,Active
ACC_1011670,CUST_109784,AED,Active
ACC_1011671,CUST_109785,AED,Active
ACC_1011672,CUST_109786,AED,Active
ACC_1011673,CUST_109787,AED,Active
ACC_1011674,CUST_109787,AED,Active
ACC_1011675,CUST_109788,AED,Active
ACC_1011676,CUST_109789,AED,Active
ACC_1011677,CUST_109790,EUR,Active
ACC_1011678,CUST_109791,AED,Active
ACC_1011679,CUST_109792,AED,Active
ACC_1011680,CUST_109793,AED,Active
ACC_1011681,CUST_109794,AED,Active
ACC_1011682,CUST_109795,AED,Active
ACC_1011683,CUST_109796,AED,Active
ACC_1011684,CUST_109797,AED,Active
ACC_1011685,CUST_109798,AED,Active
ACC_1011686,CUST_109798,USD,Active
ACC_1011687,CUST_109799,AED,Active
ACC_1011688,CUST_109799,AED,Active
ACC_1011689,CUST_109800,AED,Active
ACC_1011690,CUST_109800,AED,Active
ACC_1011691,CUST_109801,AED,Active
ACC_1011692,CUST_109802,AED,Active
ACC_1011693,CUST_109802,AED,Active
ACC_1011694,CUST_109803,AED,Active
ACC_1011695,CUST_109804,AED,Active
ACC_1011696,CUST_109805,AED,Active
ACC_1011697,CUST_109806,AED,Active
ACC_1011698,CUST_109807,AED,Active
ACC_1011699,CUST_109808,AED,Active
ACC_1011700,CUST_109808,AED,Active
ACC_1011701,CUST_109809,EUR,Active
ACC_1011702,CUST_109809,AED,Active
ACC_1011703,CUST_109810,AED,Active
ACC_1011704,CUST_109810,USD,Active
ACC_1011705,CUST_109811,AED,Active
ACC_1011706,CUST_109812,AED,Active
ACC_1011707,CUST_109813,EUR,Active
ACC_1011708,CUST_109814,AED,Active
ACC_1011709,CUST_109815,AED,Active
ACC_1011710,CUST_109815,AED,Active
ACC_1011711,CUST_109816,AED,Active
ACC_1011712,CUST_109817,AED,Active
ACC_1011713,CUST_109818,AED,Active
ACC_1011714,CUST_109819,AED,Active
ACC_1011715,CUST_109819,AED,Active
ACC_1011716,CUST_109820,AED,Active
ACC_1011717,CUST_109821,USD,Active
ACC_1011718,CUST_109822,AED,Active
ACC_1011719,CUST_109823,AED,Active
ACC_1011720,CUST_109824,AED,Active
ACC_1011721,CUST_109825,AED,Active
ACC_1011722,CUST_109825,AED,Active
ACC_1011723,CUST_109826,AED,Active
ACC_1011724,CUST_109827,AED,Active
ACC_1011725,CUST_109828,AED,Active
ACC_1011726,CUST_109829,USD,Active
ACC_1011727,CUST_109830,AED,Active
ACC_1011728,CUST_109831,AED,Active
ACC_1011729,CUST_109832,USD,Active
ACC_1011730,CUST_109833,AED,Active
ACC_1011731,CUST_109834,AED,Active
ACC_1011732,CUST_109835,AED,Active
ACC_1011733,CUST_109836,AED,Active
ACC_1011734,CUST_109837,USD,Active
ACC_1011735,CUST_109838,AED,Active
ACC_1011736,CUST_109839,AED,Active
ACC_1011737,CUST_109839,USD,Active
ACC_1011738,CUST_109840,AED,Active
ACC_1011739,CUST_109841,AED,Active
ACC_1011740,CUST_109842,AED,Active
ACC_1011741,CUST_109843,AED,Active
ACC_1011742,CUST_109843,AED,Active
ACC_1011743,CUST_109844,AED,Active
ACC_1011744,CUST_109845,USD,Active
ACC_1011745,CUST_109846,AED,Active
ACC_1011746,CUST_109847,AED,Active
ACC_1011747,CUST_109848,USD,Active
ACC_1011748,CUST_109848,AED,Active
ACC_1011749,CUST_109849,AED,Active
ACC_1011750,CUST_109849,AED,Active
ACC_1011751,CUST_109850,AED,Active
ACC_1011752,CUST_109851,AED,Active
ACC_1011753,CUST_109851,AED,Active
ACC_1011754,CUST_109852,AED,Active
ACC_1011755,CUST_109853,AED,Active
ACC_1011756,CUST_109854,AED,Active
ACC_1011757,CUST_109854,AED,Active
ACC_1011758,CUST_109855,AED,Active
ACC_1011759,CUST_109855,AED,Active
ACC_1011760,CUST_109856,AED,Active
ACC_1011761,CUST_109856,EUR,Active
ACC_1011762,CUST_109857,USD,Active
ACC_1011763,CUST_109858,AED,Active
ACC_1011764,CUST_109858,USD,Active
ACC_1011765,CUST_109859,AED,Active
ACC_1011766,CUST_109860,USD,Active
ACC_1011767,CUST_109861,AED,Active
ACC_1011768,CUST_109862,AED,Active
ACC_1011769,CUST_109863,AED,Active
ACC_1011770,CUST_109864,AED,Active
ACC_1011771,CUST_109864,AED,Active
ACC_1011772,CUST_109865,AED,Active
ACC_1011773,CUST_109866,AED,Active
ACC_1011774,CUST_109866,AED,Active
ACC_1011775,CUST_109867,AED,Active
ACC_1011776,CUST_109868,AED,Active
ACC_1011777,CUST_109869,AED,Active
ACC_1011778,CUST_109870,AED,Active
ACC_1011779,CUST_109871,AED,Active
ACC_1011780,CUST_109872,AED,Active
ACC_1011781,CUST_109873,AED,Active
ACC_1011782,CUST_109874,AED,Active
ACC_1011783,CUST_109875,AED,Active
ACC_1011784,CUST_109876,AED,Active
ACC_1011785,CUST_109877,AED,Active
ACC_1011786,CUST_109877,AED,Active
ACC_1011787,CUST_109878,AED,Active
ACC_1011788,CUST_109879,AED,Active
ACC_1011789,CUST_109880,AED,Active
ACC_1011790,CUST_109881,AED,Active
ACC_1011791,CUST_109882,AED,Active
ACC_1011792,CUST_109883,AED,Active
ACC_1011793,CUST_109884,EUR,Active
ACC_1011794,CUST_109885,EUR,Active
ACC_1011795,CUST_109885,AED,Active
ACC_1011796,CUST_109886,AED,Active
ACC_1011797,CUST_109887,AED,Active
ACC_1011798,CUST_109888,USD,Active
ACC_1011799,CUST_109888,AED,Active
ACC_1011800,CUST_109889,AED,Active
ACC_1011801,CUST_109890,AED,Active
ACC_1011802,CUST_109890,AED,Active
ACC_1011803,CUST_109891,AED,Active
ACC_1011804,CUST_109892,AED,Active
ACC_1011805,CUST_109893,AED,Active
ACC_1011806,CUST_109894,AED,Active
ACC_1011807,CUST_109895,AED,Active
ACC_1011808,CUST_109896,AED,Active
ACC_1011809,CUST_109897,AED,Active
ACC_1011810,CUST_109897,AED,Active
ACC_1011811,CUST_109898,AED,Active
ACC_1011812,CUST_109899,AED,Active
ACC_1011813,CUST_109900,AED,Active
ACC_1011814,CUST_109901,AED,Active
ACC_1011815,CUST_109902,AED,Active
ACC_1011816,CUST_109903,USD,Active
ACC_1011817,CUST_109904,AED,Active
ACC_1011818,CUST_109905,AED,Active
ACC_1011819,CUST_109906,AED,Active
ACC_1011820,CUST_109907,AED,Active
ACC_1011821,CUST_109908,AED,Active
ACC_1011822,CUST_109909,AED,Active
ACC_1011823,CUST_109909,AED,Active
ACC_1011824,CUST_109910,AED,Active
ACC_1011825,CUST_109911,AED,Active
ACC_1011826,CUST_109912,AED,Active
ACC_1011827,CUST_109912,AED,Active
ACC_1011828,CUST_109913,AED,Active
ACC_1011829,CUST_109914,AED,Active
ACC_1011830,CUST_109914,AED,Active
ACC_1011831,CUST_109915,AED,Active
ACC_1011832,CUST_109916,AED,Active
ACC_1011833,CUST_109917,AED,Active
ACC_1011834,CUST_109917,AED,Active
ACC_1011835,CUST_109918,AED,Active
ACC_1011836,CUST_109919,AED,Active
ACC_1011837,CUST_109920,USD,Active
ACC_1011838,CUST_109921,AED,Active
ACC_1011839,CUST_109922,AED,Active
ACC_1011840,CUST_109922,AED,Active
ACC_1011841,CUST_109923,AED,Active
ACC_1011842,CUST_109924,AED,Active
ACC_1011843,CUST_109925,AED,Active
ACC_1011844,CUST_109926,AED,Active
ACC_1011845,CUST_109927,AED,Active
ACC_1011846,CUST_109928,AED,Active
ACC_1011847,CUST_109929,AED,Active
ACC_1011848,CUST_109930,AED,Active
ACC_1011849,CUST_109931,AED,Active
ACC_1011850,CUST_109932,AED,Active
ACC_1011851,CUST_109933,USD,Active
ACC_1011852,CUST_109934,AED,Active
ACC_1011853,CUST_109934,AED,Active
ACC_1011854,CUST_109935,USD,Active
ACC_1011855,CUST_109936,AED,Active
ACC_1011856,CUST_109937,AED,Active
ACC_1011857,CUST_109938,AED,Active
ACC_1011858,CUST_109939,AED,Active
ACC_1011859,CUST_109940,AED,Active
ACC_1011860,CUST_109940,AED,Active
ACC_1011861,CUST_109941,USD,Active
ACC_1011862,CUST_109942,USD,Active
ACC_1011863,CUST_109943,AED,Active
ACC_1011864,CUST_109944,AED,Active
ACC_1011865,CUST_109945,AED,Active
ACC_1011866,CUST_109946,EUR,Active
ACC_1011867,CUST_109947,AED,Active
ACC_1011868,CUST_109947,AED,Active
ACC_1011869,CUST_109948,AED,Active
ACC_1011870,CUST_109948,EUR,Active
ACC_1011871,CUST_109949,AED,Active
ACC_1011872,CUST_109950,AED,Active
ACC_1011873,CUST_109951,USD,Active
ACC_1011874,CUST_109951,AED,Active
ACC_1011875,CUST_109952,AED,Active
ACC_1011876,CUST_109952,AED,Active
ACC_1011877,CUST_109953,AED,Active
ACC_1011878,CUST_109953,USD,Active
ACC_1011879,CUST_109954,AED,Active
ACC_1011880,CUST_109954,AED,Active
ACC_1011881,CUST_109955,USD,Active
ACC_1011882,CUST_109956,AED,Active
ACC_1011883,CUST_109956,AED,Active
ACC_1011884,CUST_109957,AED,Active
ACC_1011885,CUST_109958,AED,Active
ACC_1011886,CUST_109958,AED,Active
ACC_1011887,CUST_109959,AED,Active
ACC_1011888,CUST_109960,AED,Active
ACC_1011889,CUST_109961,AED,Active
ACC_1011890,CUST_109962,AED,Active
ACC_1011891,CUST_109963,AED,Active
ACC_1011892,CUST_109964,AED,Active
ACC_1011893,CUST_109965,USD,Active
ACC_1011894,CUST_109966,AED,Active
ACC_1011895,CUST_109967,AED,Active
ACC_1011896,CUST_109968,AED,Active
ACC_1011897,CUST_109968,AED,Active
ACC_1011898,CUST_109969,AED,Active
ACC_1011899,CUST_109969,USD,Active
ACC_1011900,CUST_109970,AED,Active
ACC_1011901,CUST_109971,AED,Active
ACC_1011902,CUST_109972,AED,Active
ACC_1011903,CUST_109973,AED,Active
ACC_1011904,CUST_109974,AED,Active
ACC_1011905,CUST_109974,AED,Active
ACC_1011906,CUST_109975,AED,Active
ACC_1011907,CUST_109976,USD,Active
ACC_1011908,CUST_109977,USD,Active
ACC_1011909,CUST_109978,AED,Active
ACC_1011910,CUST_109978,EUR,Active
ACC_1011911,CUST_109979,AED,Active
ACC_1011912,CUST_109980,AED,Active
ACC_1011913,CUST_109981,AED,Active
ACC_1011914,CUST_109981,AED,Active
ACC_1011915,CUST_109982,AED,Active
ACC_1011916,CUST_109982,AED,Active
ACC_1011917,CUST_109983,AED,Active
ACC_1011918,CUST_109984,AED,Active
ACC_1011919,CUST_109985,USD,Active
ACC_1011920,CUST_109986,AED,Active
ACC_1011921,CUST_109987,AED,Active
ACC_1011922,CUST_109988,AED,Active
ACC_1011923,CUST_109989,AED,Active
ACC_1011924,CUST_109990,AED,Active
ACC_1011925,CUST_109991,AED,Active
ACC_1011926,CUST_109991,AED,Active
ACC_1011927,CUST_109992,AED,Active
ACC_1011928,CUST_109993,AED,Active
ACC_1011929,CUST_109994,AED,Active
ACC_1011930,CUST_109994,AED,Active
ACC_1011931,CUST_109995,AED,Active
ACC_1011932,CUST_109996,AED,Active
ACC_1011933,CUST_109997,AED,Active
ACC_1011934,CUST_109997,AED,Active
ACC_1011935,CUST_109998,AED,Active
ACC_1011936,CUST_109999,AED,Active
