cp_id,cp_name,cp_type,country,bank_name
CP_10000,Evans-Cannon Corp,Corporate,Germany,Harper-Robles Bank
CP_10001,"Brooks, Jenkins and Castro Holdings",Offshore,BVI,Wright-Espinoza Bank
CP_10002,"Price, Gray and Baker Corp",Corporate,Saudi Arabia,Garrett-Black Bank
CP_10003,"Aguirre, Cohen and Mitchell Trading",High-Risk,North Korea,"Patel, Adams and Lopez Bank"
CP_10004,Chad Rodriguez,Individual,UK,Williamson-Nelson Bank
CP_10005,"Vasquez, Flores and Hernandez Trading",High-Risk,North Korea,"Johnson, Compton and Campbell Bank"
CP_10006,Espinoza Ltd Holdings,Offshore,Seychelles,Hall and Sons Bank
CP_10007,Daniel Fisher,Individual,UK,Bolton-Ford Bank
CP_10008,Rivera and Sons Holdings,Offshore,Cayman Islands,Adams Group Bank
CP_10009,Daniels and Sons Holdings,Offshore,Cayman Islands,Huang LLC Bank
CP_10010,Clayton-Martinez Corp,Corporate,China,"Wright, Wise and Ramos Bank"
CP_10011,"Vang, Gonzalez and Moss Holdings",Offshore,Seychelles,Boyd and Sons Bank
CP_10012,Price-Ali Holdings,Offshore,Panama,Moore-Chandler Bank
CP_10013,"Pineda, Meyer and King Corp",Corporate,China,"Evans, Ward and Williams Bank"
CP_10014,"Robinson, Rodriguez and Chen Corp",Corporate,Saudi Arabia,Smith-Bauer Bank
CP_10015,"Wilson, Mccormick and Smith Corp",Corporate,Saudi Arabia,Perkins Ltd Bank
CP_10016,Kyle Watson,Individual,UK,Wright Group Bank
CP_10017,Luke Galvan,Individual,Philippines,"Brown, Kelly and Moore Bank"
CP_10018,Ashley Freeman,Individual,India,Holden-Kramer Bank
CP_10019,Trujillo-Gonzales Holdings,Offshore,Panama,Smith Group Bank
CP_10020,Ramsey-King Holdings,Offshore,Cayman Islands,Washington Group Bank
CP_10021,Kimberly Henry,Individual,Philippines,"Lopez, Bailey and Oconnor Bank"
CP_10022,Dillon-George Trading,High-Risk,Myanmar,"Martin, Schmidt and Cole Bank"
CP_10023,Weaver-Gibson Corp,Corporate,China,"Hunter, Gross and Andrade Bank"
CP_10024,"Vincent, Parsons and Allen Corp",Corporate,Germany,"Brown, Coffey and Fuentes Bank"
CP_10025,Warren Group Corp,Corporate,China,"Moore, Campbell and Ortiz Bank"
CP_10026,Rodriguez-Mills Holdings,Offshore,Panama,Williams and Sons Bank
CP_10027,Andre Rodriguez,Individual,UK,Garcia PLC Bank
CP_10028,"Huff, Barrett and Fox Trading",High-Risk,Myanmar,"Garza, Williams and Walker Bank"
CP_10029,Alexis Mccall,Individual,Egypt,"Henry, Preston and Miller Bank"
CP_10030,"Brown, Grant and Hurley Holdings",Offshore,Seychelles,Short-Bauer Bank
CP_10031,Luis Rice,Individual,Philippines,"Jones, Torres and Blackburn Bank"
CP_10032,"Davis, Hardy and Schmidt Trading",High-Risk,Syria,Lee Ltd Bank
CP_10033,Hudson and Sons Holdings,Offshore,Cayman Islands,"Curry, Perry and Garcia Bank"
CP_10034,Heather Ellis,Individual,Philippines,"Simmons, Garcia and Sparks Bank"
CP_10035,"Morales, Morgan and Moore Holdings",Offshore,Cayman Islands,"Ramos, Gomez and Edwards Bank"
CP_10036,Kirk-Gutierrez Corp,Corporate,Germany,"Jordan, Swanson and Franklin Bank"
CP_10037,"Gardner, Brooks and Pierce Corp",Corporate,China,"King, Nixon and West Bank"
CP_10038,Smith-Johnson Corp,Corporate,USA,Larson-Holmes Bank
CP_10039,Smith-Joyce Holdings,Offshore,Seychelles,Foley Inc Bank
CP_10040,Terri Short,Individual,India,"Dixon, Duncan and Duncan Bank"
CP_10041,Johnson LLC Trading,High-Risk,Myanmar,Taylor LLC Bank
CP_10042,"Wright, Scott and Evans Corp",Corporate,China,"Ross, Hardin and Navarro Bank"
CP_10043,"Nguyen, Olson and Freeman Trading",High-Risk,Myanmar,"Warner, Weiss and Davis Bank"
CP_10044,"Evans, Cross and Johnston Holdings",Offshore,Seychelles,Deleon LLC Bank
CP_10045,Hobbs-Hamilton Trading,High-Risk,Syria,Kane and Sons Bank
CP_10046,Sarah Mcfarland,Individual,India,"Waters, Reyes and Torres Bank"
CP_10047,Joshua Hernandez,Individual,Egypt,"Wolfe, Hernandez and Nunez Bank"
CP_10048,Maddox-Mullins Trading,High-Risk,North Korea,"Wagner, Walker and Roberts Bank"
CP_10049,Hernandez-Rogers Holdings,Offshore,BVI,Duncan-Williams Bank
CP_10050,Baker-Ross Corp,Corporate,Germany,Ayala-Anderson Bank
CP_10051,Castillo and Sons Holdings,Offshore,Panama,Foster-Duncan Bank
CP_10052,Yolanda Warren,Individual,UK,Jones Group Bank
CP_10053,Thomas Davis,Individual,UK,"Gutierrez, Diaz and Lee Bank"
CP_10054,Wheeler-Johnson Corp,Corporate,China,Jackson-Bailey Bank
CP_10055,Hanson-Alexander Trading,High-Risk,Syria,Gonzalez LLC Bank
CP_10056,Todd Inc Holdings,Offshore,Cayman Islands,Singh and Sons Bank
CP_10057,"Mcintosh, Melton and Wilkins Corp",Corporate,Saudi Arabia,Cooper Inc Bank
CP_10058,Cole-Johnson Holdings,Offshore,Cayman Islands,Singh and Sons Bank
CP_10059,Payne LLC Corp,Corporate,Germany,"Webb, Blair and Thomas Bank"
CP_10060,"Barnett, Bennett and Escobar Trading",High-Risk,Myanmar,"Williams, Jackson and Campbell Bank"
CP_10061,Lisa Brown,Individual,India,"Landry, Jones and Guerrero Bank"
CP_10062,"Christian, Keller and Lin Trading",High-Risk,North Korea,Carter Ltd Bank
CP_10063,Hall-James Corp,Corporate,Saudi Arabia,"Garcia, Stewart and Delacruz Bank"
CP_10064,Charlotte Mason,Individual,Egypt,Castro-Marquez Bank
CP_10065,Wright PLC Corp,Corporate,Germany,Cook-Long Bank
CP_10066,Smith Ltd Trading,High-Risk,North Korea,Kelly-Turner Bank
CP_10067,"Hill, Brown and Scott Trading",High-Risk,Iran,Zamora-Briggs Bank
CP_10068,Justin Ramirez,Individual,Egypt,Peterson Group Bank
CP_10069,"Taylor, Blair and Meyer Corp",Corporate,Saudi Arabia,"Salazar, Garrett and Perez Bank"
CP_10070,Berry Group Trading,High-Risk,Syria,Browning-Murphy Bank
CP_10071,"Anderson, Delgado and Carpenter Corp",Corporate,China,"Mcbride, Huffman and Parker Bank"
CP_10072,"Roach, Browning and Jordan Holdings",Offshore,BVI,Douglas PLC Bank
CP_10073,Stewart PLC Trading,High-Risk,North Korea,"Fry, Wilson and Stewart Bank"
CP_10074,Monica Cannon,Individual,India,Ali-Turner Bank
CP_10075,Samantha Walsh,Individual,UK,"Hill, Maxwell and Rodriguez Bank"
CP_10076,Johnson PLC Corp,Corporate,USA,"Adams, Bradley and Hall Bank"
CP_10077,Hall Inc Trading,High-Risk,North Korea,Miller-Chan Bank
CP_10078,Shaw PLC Corp,Corporate,China,Joseph-Brooks Bank
CP_10079,Henry-Taylor Trading,High-Risk,Iran,Perez Group Bank
CP_10080,Alexis Nelson,Individual,UK,Walker-Powers Bank
CP_10081,Daniel Thompson,Individual,UK,Camacho-Burns Bank
CP_10082,Delacruz-Clay Trading,High-Risk,Iran,Sullivan-Williams Bank
CP_10083,"Holloway, Cortez and Long Corp",Corporate,Germany,"Armstrong, Herrera and Davidson Bank"
CP_10084,"Buchanan, Meyer and Hayes Trading",High-Risk,Syria,Rich and Sons Bank
CP_10085,"Medina, Terrell and Williams Trading",High-Risk,Iran,Black-Mccoy Bank
CP_10086,Lee Group Corp,Corporate,USA,Wilkerson-Ayala Bank
CP_10087,Christopher Phillips,Individual,India,Vaughn and Sons Bank
CP_10088,Matthew Davis,Individual,India,"Wilson, Osborne and Pace Bank"
CP_10089,Brandy Gutierrez,Individual,UK,Johnson-Chavez Bank
CP_10090,"Huang, Khan and Davis Corp",Corporate,Saudi Arabia,Holt-Meadows Bank
CP_10091,Higgins Inc Holdings,Offshore,BVI,Wilson Group Bank
CP_10092,"Cox, Mills and Cruz Corp",Corporate,China,"Salazar, Moore and Pierce Bank"
CP_10093,Tate LLC Corp,Corporate,Saudi Arabia,"Savage, Huffman and Martin Bank"
CP_10094,White Ltd Corp,Corporate,Saudi Arabia,Barnes LLC Bank
CP_10095,"Mack, Griffin and Sims Holdings",Offshore,BVI,Roach and Sons Bank
CP_10096,Dean LLC Corp,Corporate,China,Ellis Group Bank
CP_10097,"Aguirre, Franklin and Snyder Trading",High-Risk,Iran,Chapman Group Bank
CP_10098,Ortiz-Miller Trading,High-Risk,North Korea,"Smith, Khan and Ramirez Bank"
CP_10099,Samantha Clark,Individual,Philippines,Hernandez Ltd Bank
CP_10100,Johnson-Nash Holdings,Offshore,BVI,"Lane, Morrison and Rivera Bank"
CP_10101,Brian Chaney,Individual,India,Powers PLC Bank
CP_10102,"Holt, Larson and Cobb Holdings",Offshore,Panama,Burch Ltd Bank
CP_10103,"Ward, Johnson and Mack Trading",High-Risk,Iran,Richardson-Gray Bank
CP_10104,Chang PLC Corp,Corporate,Germany,Carter and Sons Bank
CP_10105,Neal LLC Trading,High-Risk,Myanmar,Rose-Warren Bank
CP_10106,"Clark, Brown and Duncan Corp",Corporate,Germany,"Rice, Miller and Ramsey Bank"
CP_10107,"Peck, Andersen and Mitchell Corp",Corporate,Germany,"Abbott, Green and Andrews Bank"
CP_10108,"Gomez, Anderson and Hart Corp",Corporate,China,"Daniel, Jimenez and Morton Bank"
CP_10109,"Hall, Roberts and Lee Holdings",Offshore,Panama,Johnson Ltd Bank
CP_10110,Mclaughlin and Sons Holdings,Offshore,Panama,"Duarte, Gutierrez and Cook Bank"
CP_10111,"Shaffer, Lewis and Davidson Trading",High-Risk,Myanmar,"Campbell, Tyler and Parker Bank"
CP_10112,"Pierce, Wang and Wilson Trading",High-Risk,Syria,Peterson-Ramsey Bank
CP_10113,"Choi, Collier and Lee Corp",Corporate,Saudi Arabia,Nielsen-Mendoza Bank
CP_10114,Robles-Brewer Corp,Corporate,China,Moore-Murray Bank
CP_10115,"Huang, Ford and Olsen Holdings",Offshore,Panama,"Brown, Meyer and Cunningham Bank"
CP_10116,Kristen Smith,Individual,UK,"Jennings, Marsh and Barron Bank"
CP_10117,Jones-Hernandez Corp,Corporate,Saudi Arabia,Morgan Group Bank
CP_10118,"Ferguson, Martin and Obrien Holdings",Offshore,BVI,Larson LLC Bank
CP_10119,"Hodge, Mckinney and Nelson Corp",Corporate,Germany,Crawford and Sons Bank
CP_10120,Hayes-Sampson Holdings,Offshore,Seychelles,Warren and Sons Bank
CP_10121,Richard Strickland,Individual,India,Wallace Inc Bank
CP_10122,Susan Moore,Individual,Philippines,Mclean-Oconnor Bank
CP_10123,"Collins, Murphy and Hammond Corp",Corporate,China,Short PLC Bank
CP_10124,"Haney, Harris and Johnson Holdings",Offshore,BVI,Reeves-Boyd Bank
CP_10125,Collins Inc Trading,High-Risk,Iran,"Charles, Wiggins and Cook Bank"
CP_10126,Garcia Ltd Trading,High-Risk,Iran,"Edwards, Lane and Collins Bank"
CP_10127,Flores and Sons Holdings,Offshore,Cayman Islands,Hill-Flores Bank
CP_10128,Lambert-Nelson Holdings,Offshore,Seychelles,Hill Inc Bank
CP_10129,"Castro, Garcia and Daniels Holdings",Offshore,Seychelles,"Flores, Thomas and Bush Bank"
CP_10130,Andrews-Jackson Corp,Corporate,Saudi Arabia,Austin-Morgan Bank
CP_10131,Williams-Johnson Corp,Corporate,China,"Williams, Reyes and Miller Bank"
CP_10132,White-Carlson Corp,Corporate,USA,"Soto, Vaughn and Griffin Bank"
CP_10133,Edwards-Roth Trading,High-Risk,Myanmar,"Chang, Lamb and Miller Bank"
CP_10134,Pamela Bradley,Individual,Philippines,Hess Ltd Bank
CP_10135,Davis-Collins Holdings,Offshore,Seychelles,"Mckinney, Marshall and Hall Bank"
CP_10136,Thomas PLC Corp,Corporate,China,Durham-Myers Bank
CP_10137,"Stark, Rivera and Valencia Holdings",Offshore,Cayman Islands,Chavez-Johnson Bank
CP_10138,Gregory Murray,Individual,India,Campbell LLC Bank
CP_10139,"Andrews, Romero and Sullivan Holdings",Offshore,Seychelles,"Robles, Nguyen and Banks Bank"
CP_10140,Kim Morales,Individual,Egypt,Allen-Sanchez Bank
CP_10141,Dickson Group Holdings,Offshore,BVI,Peterson Ltd Bank
CP_10142,Rachel Graham,Individual,UK,Stephens-Young Bank
CP_10143,Angela Galvan,Individual,UK,"Copeland, Wilson and Carlson Bank"
CP_10144,Peters-Short Trading,High-Risk,Myanmar,Parker Group Bank
CP_10145,George Ltd Corp,Corporate,Germany,"Wise, Gray and Snyder Bank"
CP_10146,"Brown, Robinson and Taylor Trading",High-Risk,Myanmar,"Berger, Fields and Smith Bank"
CP_10147,Guerrero Group Corp,Corporate,USA,"Carter, Gilbert and West Bank"
CP_10148,Maldonado LLC Holdings,Offshore,Seychelles,Hudson-Gentry Bank
CP_10149,Tony Graham,Individual,UK,Mooney-Aguilar Bank
CP_10150,"Downs, Powell and Anderson Corp",Corporate,USA,Brown-Santana Bank
CP_10151,Smith PLC Corp,Corporate,Germany,Rodriguez-Campbell Bank
CP_10152,Young Ltd Trading,High-Risk,Syria,"Long, Flores and Reyes Bank"
CP_10153,Graham-Clark Holdings,Offshore,BVI,Wells and Sons Bank
CP_10154,"Cruz, Middleton and Larsen Trading",High-Risk,Syria,Roberts Ltd Bank
CP_10155,Taylor Inc Holdings,Offshore,BVI,"Smith, Griffith and Tucker Bank"
CP_10156,Proctor-Taylor Holdings,Offshore,Panama,May Group Bank
CP_10157,English-Dominguez Corp,Corporate,Saudi Arabia,Hanson-Gibson Bank
CP_10158,Robert Cruz,Individual,UK,Lopez PLC Bank
CP_10159,Lane Ltd Holdings,Offshore,Cayman Islands,Joseph LLC Bank
CP_10160,House-Johnston Corp,Corporate,Germany,Good PLC Bank
CP_10161,Mr. Kevin Nixon,Individual,India,Thomas Ltd Bank
CP_10162,"Terrell, Terrell and Maxwell Holdings",Offshore,BVI,Black-Mills Bank
CP_10163,"Davis, Kennedy and Harmon Trading",High-Risk,Myanmar,"Miller, Schultz and Yates Bank"
CP_10164,Austin-Berger Trading,High-Risk,Syria,"Osborne, Harrison and Hunt Bank"
CP_10165,Berry-Rivera Holdings,Offshore,BVI,Yu-Yates Bank
CP_10166,Jackson-Neal Trading,High-Risk,Syria,"Curry, Acosta and Elliott Bank"
CP_10167,Soto PLC Corp,Corporate,Saudi Arabia,Berry Ltd Bank
CP_10168,Lamb-Weber Holdings,Offshore,Cayman Islands,Washington-Martinez Bank
CP_10169,Richard King,Individual,Egypt,"Campbell, Hodge and Smith Bank"
CP_10170,Christopher Vargas,Individual,UK,Hopkins LLC Bank
CP_10171,Debbie Haynes,Individual,India,White-Rose Bank
CP_10172,Cooper Inc Trading,High-Risk,Syria,Larson and Sons Bank
CP_10173,Mullins-Gutierrez Holdings,Offshore,BVI,Young-Alexander Bank
CP_10174,Christine Navarro,Individual,Philippines,Brown-Baker Bank
CP_10175,Amy Marshall,Individual,India,Turner-Reese Bank
CP_10176,"Hall, Vega and Price Trading",High-Risk,Syria,Thomas-Berg Bank
CP_10177,Roberts Group Holdings,Offshore,Cayman Islands,Gregory-Nixon Bank
CP_10178,Amanda Hardin,Individual,India,"Gomez, Richard and Bishop Bank"
CP_10179,"Garrison, Rogers and Adams Trading",High-Risk,Myanmar,Scott PLC Bank
CP_10180,Murray-Leonard Trading,High-Risk,Myanmar,Navarro PLC Bank
CP_10181,Kelly Byrd,Individual,Philippines,Edwards Inc Bank
CP_10182,"Smith, Jones and Jenkins Corp",Corporate,China,"Garcia, Griffin and Robinson Bank"
CP_10183,King-Johnson Corp,Corporate,Saudi Arabia,"Davis, Mays and Douglas Bank"
CP_10184,Sampson Ltd Trading,High-Risk,Syria,Erickson Inc Bank
CP_10185,Larry Bennett,Individual,Pakistan,"Knight, Coffey and Kemp Bank"
CP_10186,"Lopez, Phillips and Guerrero Trading",High-Risk,Syria,Fowler LLC Bank
CP_10187,Melissa Contreras,Individual,India,Scott-Norman Bank
CP_10188,Antonio Price,Individual,UK,Scott LLC Bank
CP_10189,Alexander Group Trading,High-Risk,North Korea,Bishop and Sons Bank
CP_10190,"Vasquez, Thomas and Mack Trading",High-Risk,Iran,Mendez Inc Bank
CP_10191,Michelle Garcia,Individual,UK,Jones Ltd Bank
CP_10192,Waters-Smith Trading,High-Risk,Iran,Hernandez-Bowman Bank
CP_10193,Ortega LLC Holdings,Offshore,Cayman Islands,Graves Group Bank
CP_10194,"Smith, Zimmerman and Wise Holdings",Offshore,Cayman Islands,Graham-Anthony Bank
CP_10195,Fernandez Inc Trading,High-Risk,Iran,Finley-Meyers Bank
CP_10196,Mr. Timothy Howard,Individual,India,"Turner, Brown and Shea Bank"
CP_10197,"Davis, Nichols and Woodward Trading",High-Risk,Myanmar,Randall LLC Bank
CP_10198,"Harris, Spencer and Ponce Trading",High-Risk,Myanmar,"Lee, Dominguez and Mosley Bank"
CP_10199,"Barker, Tucker and Mcclure Holdings",Offshore,Panama,Moss-Taylor Bank
CP_10200,Johnson PLC Corp,Corporate,Germany,Burns Inc Bank
CP_10201,"Schneider, Porter and Hanna Holdings",Offshore,Cayman Islands,Levy-Smith Bank
CP_10202,Brown-French Trading,High-Risk,Syria,Sullivan and Sons Bank
CP_10203,"Contreras, Ellis and Gregory Corp",Corporate,Saudi Arabia,"Hernandez, Riley and Buckley Bank"
CP_10204,Charles Valdez,Individual,Egypt,Meadows-Montgomery Bank
CP_10205,Haynes and Sons Trading,High-Risk,Syria,Jackson Inc Bank
CP_10206,Samantha Davis,Individual,India,"Jackson, Garza and Meyers Bank"
CP_10207,Wilson PLC Holdings,Offshore,Panama,"Walker, Brock and Simmons Bank"
CP_10208,"Gregory, Nguyen and Daugherty Corp",Corporate,USA,"Gardner, Morris and Oconnell Bank"
CP_10209,Angel Thompson,Individual,Philippines,Martinez and Sons Bank
CP_10210,Carol Wood,Individual,India,Gonzales PLC Bank
CP_10211,Brett Boone,Individual,Philippines,"Bennett, Moore and Hobbs Bank"
CP_10212,Smith and Sons Corp,Corporate,Germany,Mann PLC Bank
CP_10213,Butler-Aguirre Corp,Corporate,Germany,Schwartz-Harris Bank
CP_10214,Kelly Jenkins,Individual,Pakistan,Bishop Inc Bank
CP_10215,"White, Porter and Clements Trading",High-Risk,North Korea,"Serrano, Turner and Barnes Bank"
CP_10216,"Young, Wilson and Moreno Holdings",Offshore,BVI,Montgomery PLC Bank
CP_10217,"Robinson, Townsend and Hopkins Corp",Corporate,USA,Brown-Rodriguez Bank
CP_10218,Jennings Group Corp,Corporate,USA,Thompson-Santiago Bank
CP_10219,Matthew Mitchell,Individual,Philippines,King-Jensen Bank
CP_10220,Williams-Yang Corp,Corporate,China,"Thompson, Floyd and Washington Bank"
CP_10221,Jones and Sons Trading,High-Risk,Syria,"Wallace, Riley and Barnes Bank"
CP_10222,"Rhodes, Nguyen and Maxwell Trading",High-Risk,North Korea,Perez-Young Bank
CP_10223,Kane-Bennett Trading,High-Risk,Syria,Jones PLC Bank
CP_10224,Dr. Charles Reilly,Individual,UK,Thompson-Brooks Bank
CP_10225,Cortez-Chen Trading,High-Risk,Syria,Harris-Martinez Bank
CP_10226,"Carroll, Ramirez and Rodriguez Corp",Corporate,Germany,Ellis-Jackson Bank
CP_10227,Robinson-Phillips Holdings,Offshore,Seychelles,Clarke Ltd Bank
CP_10228,"Whitehead, Lane and Tran Corp",Corporate,USA,Miller PLC Bank
CP_10229,Zachary Vargas PhD,Individual,Egypt,Smith-Patterson Bank
CP_10230,Wright Group Trading,High-Risk,Syria,"Walker, Pennington and Shah Bank"
CP_10231,Stephanie Butler,Individual,Pakistan,Williams Group Bank
CP_10232,Kathy Simmons,Individual,Pakistan,Mendoza-Yates Bank
CP_10233,Chavez and Sons Holdings,Offshore,BVI,Hansen Inc Bank
CP_10234,"Dennis, Dodson and Anderson Corp",Corporate,Saudi Arabia,Allen-Duarte Bank
CP_10235,Castillo LLC Corp,Corporate,USA,Warner PLC Bank
CP_10236,"Silva, Bray and Ford Corp",Corporate,Germany,Sawyer Group Bank
CP_10237,Clarke LLC Holdings,Offshore,Seychelles,"Marshall, Schultz and Dalton Bank"
CP_10238,Steven Cook,Individual,UK,Phillips LLC Bank
CP_10239,"Shah, Daniels and Norton Holdings",Offshore,Seychelles,"Miller, Gilmore and Fitzgerald Bank"
CP_10240,Tony Leonard,Individual,UK,Rodriguez LLC Bank
CP_10241,Andrew Richardson,Individual,India,"Hansen, Jones and Fletcher Bank"
CP_10242,Taylor LLC Holdings,Offshore,Panama,Fernandez Ltd Bank
CP_10243,Mclaughlin-Goodwin Trading,High-Risk,Syria,"Clark, Mcgee and Perez Bank"
CP_10244,Derek Frazier,Individual,Egypt,Brown-Watson Bank
CP_10245,Jonathan Gallegos,Individual,Pakistan,Mckinney-Gregory Bank
CP_10246,"Lam, Hayes and Richardson Corp",Corporate,Germany,"Dougherty, Lamb and Everett Bank"
CP_10247,Lopez Group Corp,Corporate,Saudi Arabia,Miller and Sons Bank
CP_10248,Mullen-Jones Trading,High-Risk,Syria,Hill Ltd Bank
CP_10249,Crawford and Sons Holdings,Offshore,Cayman Islands,"Crane, Johnson and Butler Bank"
CP_10250,Tara Wells,Individual,India,Wallace-Newman Bank
CP_10251,Arthur Wiggins,Individual,Egypt,Conley PLC Bank
CP_10252,Jennifer Cooper,Individual,Egypt,"Buchanan, Tucker and Wade Bank"
CP_10253,Kimberly Ellis,Individual,India,"Anderson, Clarke and Jackson Bank"
CP_10254,Perez-Watson Holdings,Offshore,Seychelles,Carrillo-Williams Bank
CP_10255,Mitchell-Huber Corp,Corporate,USA,"Glass, Joseph and Mitchell Bank"
CP_10256,Franco Ltd Corp,Corporate,Saudi Arabia,"Bauer, Martin and Wilson Bank"
CP_10257,Andrews-Alexander Trading,High-Risk,Syria,Lopez-Hart Bank
CP_10258,Wade LLC Holdings,Offshore,BVI,Watson PLC Bank
CP_10259,Ferguson Inc Corp,Corporate,Saudi Arabia,Sullivan Group Bank
CP_10260,Theresa Reilly,Individual,India,Smith Ltd Bank
CP_10261,"Cantrell, Rivera and Thornton Holdings",Offshore,Panama,Kemp-Montes Bank
CP_10262,Wendy Estrada,Individual,Philippines,"Chandler, Nielsen and Morgan Bank"
CP_10263,John Williams,Individual,India,"Pierce, Parker and Morales Bank"
CP_10264,Jill Davis,Individual,India,Franklin and Sons Bank
CP_10265,"Fox, Harrington and Wang Trading",High-Risk,Syria,Johnson PLC Bank
CP_10266,Rhodes-Rosario Holdings,Offshore,Panama,"Foster, Henry and Morrison Bank"
CP_10267,Amy Estrada,Individual,Philippines,Hernandez-Nash Bank
CP_10268,Hughes-Smith Trading,High-Risk,Iran,Bell-Madden Bank
CP_10269,Anita Luna,Individual,India,Figueroa-Perry Bank
CP_10270,Christopher Luna,Individual,India,Chandler-Perry Bank
CP_10271,"Harper, Thomas and Turner Holdings",Offshore,Seychelles,"Hatfield, Jones and Choi Bank"
CP_10272,Davis-Ortiz Corp,Corporate,Saudi Arabia,Perry-Peters Bank
CP_10273,"Bradley, Melendez and Gonzalez Holdings",Offshore,Panama,Roberts-Henry Bank
CP_10274,Davenport-Torres Trading,High-Risk,Syria,"Singh, Walker and Moody Bank"
CP_10275,Baker Ltd Corp,Corporate,Saudi Arabia,"Kennedy, Valdez and Stafford Bank"
CP_10276,White-Knox Corp,Corporate,Saudi Arabia,"Sanchez, Wilson and Ramirez Bank"
CP_10277,Andrea Reese DDS,Individual,Philippines,"Graham, Scott and Jennings Bank"
CP_10278,Sabrina Brooks,Individual,Pakistan,"Johnston, Bruce and Martin Bank"
CP_10279,Thomas Group Trading,High-Risk,Myanmar,"Taylor, Martin and Nelson Bank"
CP_10280,Fields-Friedman Corp,Corporate,Saudi Arabia,Roberts PLC Bank
CP_10281,"Mayer, Palmer and Miranda Trading",High-Risk,Iran,Duran PLC Bank
CP_10282,Kimberly Brennan,Individual,Pakistan,"Marsh, Nelson and Wolfe Bank"
CP_10283,Joseph Bell,Individual,UK,Smith PLC Bank
CP_10284,Richard Jenkins,Individual,Pakistan,Garcia and Sons Bank
CP_10285,"Walker, Lopez and Prince Trading",High-Risk,Iran,"Norris, Cisneros and Mathis Bank"
CP_10286,"Arnold, Avila and Wilson Holdings",Offshore,Seychelles,Moon-Wilson Bank
CP_10287,Mclean Group Trading,High-Risk,North Korea,Collins-Cox Bank
CP_10288,Preston-Harper Holdings,Offshore,Seychelles,Jackson-Torres Bank
CP_10289,"Olsen, Walker and Vincent Holdings",Offshore,BVI,Watts LLC Bank
CP_10290,Clark Inc Corp,Corporate,Saudi Arabia,Vazquez-Bowers Bank
CP_10291,Smith Group Trading,High-Risk,North Korea,Williams-Rodriguez Bank
CP_10292,"Palmer, Brown and Wilson Holdings",Offshore,Cayman Islands,Williams-Turner Bank
CP_10293,Brent Martinez,Individual,Philippines,"Harris, Santana and Lopez Bank"
CP_10294,Johnson-Thomas Holdings,Offshore,Seychelles,"Mcmahon, Rush and Bailey Bank"
CP_10295,Wyatt Ltd Holdings,Offshore,Cayman Islands,"Allen, Hudson and Garcia Bank"
CP_10296,"Hines, Rice and Baldwin Trading",High-Risk,North Korea,Jackson-Webster Bank
CP_10297,Nicholas Glass,Individual,UK,"York, Wells and Wolfe Bank"
CP_10298,Gonzales Inc Holdings,Offshore,Panama,Davenport Group Bank
CP_10299,Lewis-Perez Holdings,Offshore,Seychelles,Juarez LLC Bank
CP_10300,Brian Taylor,Individual,Egypt,Bush-Hawkins Bank
CP_10301,Miller Group Corp,Corporate,China,Cruz Group Bank
CP_10302,"Fitzgerald, Mcdaniel and Randall Corp",Corporate,Saudi Arabia,Spencer LLC Bank
CP_10303,Mrs. Shannon Jacobson,Individual,UK,Crosby-Richardson Bank
CP_10304,Lutz Group Trading,High-Risk,Iran,"Garcia, Kim and Barrett Bank"
CP_10305,Wilson Group Trading,High-Risk,Syria,Neal-Madden Bank
CP_10306,"Schaefer, Levine and Brown Holdings",Offshore,Cayman Islands,Morgan PLC Bank
CP_10307,Martinez-Massey Holdings,Offshore,Seychelles,"Porter, Hubbard and Miranda Bank"
CP_10308,"Nelson, Clarke and Schneider Holdings",Offshore,Seychelles,Kelly-Estrada Bank
CP_10309,Archer-Dixon Trading,High-Risk,Syria,Tate Inc Bank
CP_10310,King Group Trading,High-Risk,Syria,Fuller and Sons Bank
CP_10311,Garcia Inc Corp,Corporate,Saudi Arabia,Jimenez Inc Bank
CP_10312,Janet Shelton,Individual,Egypt,Turner PLC Bank
CP_10313,Wolf Ltd Trading,High-Risk,Syria,"Saunders, Sparks and Harris Bank"
CP_10314,Katherine Green,Individual,Philippines,Pacheco-Fernandez Bank
CP_10315,Cisneros Inc Holdings,Offshore,Panama,Beard-Wilson Bank
CP_10316,Edwards-Bennett Trading,High-Risk,Syria,Johnson-Thompson Bank
CP_10317,"Dalton, Turner and Mccarthy Holdings",Offshore,Cayman Islands,Jordan-Edwards Bank
CP_10318,Freeman-Rodriguez Holdings,Offshore,Panama,"Henry, Spencer and Ryan Bank"
CP_10319,Alvarez-Dickerson Holdings,Offshore,Seychelles,"Brown, Baker and Garza Bank"
CP_10320,Michael Miranda,Individual,Pakistan,Flores-Johnson Bank
CP_10321,Russell Bailey,Individual,Pakistan,"Silva, Hubbard and Garrett Bank"
CP_10322,Davis-Reed Trading,High-Risk,Myanmar,Jenkins-Brown Bank
CP_10323,Wright Ltd Trading,High-Risk,Myanmar,Watkins-Lozano Bank
CP_10324,Melton Inc Corp,Corporate,China,Jackson-Ryan Bank
CP_10325,Murray Group Corp,Corporate,USA,"Robertson, Fisher and Smith Bank"
CP_10326,Chapman-Odom Trading,High-Risk,Myanmar,Hudson-Morris Bank
CP_10327,John Vazquez,Individual,Pakistan,Rogers PLC Bank
CP_10328,"Morgan, Mendez and Cox Holdings",Offshore,Panama,Harris-Reid Bank
CP_10329,Angela Jefferson,Individual,Egypt,Mitchell Inc Bank
CP_10330,Davies-Morales Corp,Corporate,Germany,Weber Inc Bank
CP_10331,Laura Vargas,Individual,Pakistan,Jones-Solis Bank
CP_10332,Daniel Flynn,Individual,Pakistan,"Colon, Wagner and Evans Bank"
CP_10333,"Fernandez, Gonzalez and Morales Trading",High-Risk,Syria,"Robertson, Powers and Kelley Bank"
CP_10334,Lori Black,Individual,Egypt,Ray and Sons Bank
CP_10335,"Hayden, Harmon and Mcdonald Corp",Corporate,Germany,"Patel, Mendez and Hammond Bank"
CP_10336,Michael-Barber Trading,High-Risk,Myanmar,Boyd LLC Bank
CP_10337,David Francis,Individual,Pakistan,Richard-Jenkins Bank
CP_10338,Walters Group Holdings,Offshore,Cayman Islands,Colon-Lucas Bank
CP_10339,Mcdaniel-Young Trading,High-Risk,Syria,Wilson and Sons Bank
CP_10340,Sanchez LLC Trading,High-Risk,North Korea,Washington-Esparza Bank
CP_10341,Lucas-Johnson Trading,High-Risk,Myanmar,Nelson Inc Bank
CP_10342,Clarke-Ramirez Holdings,Offshore,BVI,"Thompson, Phelps and Stuart Bank"
CP_10343,Mr. Scott Miller,Individual,Pakistan,"Evans, Brown and Friedman Bank"
CP_10344,Powers-Blackwell Holdings,Offshore,Seychelles,Hahn-Ramsey Bank
CP_10345,Young PLC Corp,Corporate,USA,"Mason, Martinez and Beck Bank"
CP_10346,"Herring, Huynh and King Holdings",Offshore,BVI,Young Inc Bank
CP_10347,Emily Collier,Individual,India,"Price, Goodman and Young Bank"
CP_10348,Robinson-Rodriguez Holdings,Offshore,Seychelles,Booker Group Bank
CP_10349,King-Lawrence Corp,Corporate,USA,Ferguson-Lyons Bank
CP_10350,Stewart Group Holdings,Offshore,Cayman Islands,Vega-Richmond Bank
CP_10351,Taylor Cox,Individual,Egypt,"Richardson, Parker and Brewer Bank"
CP_10352,"Johnson, Stevenson and Lindsey Holdings",Offshore,Panama,Vazquez Ltd Bank
CP_10353,King Group Trading,High-Risk,North Korea,Fowler-Haynes Bank
CP_10354,"Martinez, Camacho and Mathews Trading",High-Risk,North Korea,Smith-Yu Bank
CP_10355,Turner-Mayer Corp,Corporate,USA,Evans and Sons Bank
CP_10356,Welch-Suarez Corp,Corporate,USA,"Sullivan, Johnson and Delacruz Bank"
CP_10357,Teresa Ruiz,Individual,India,House-Cook Bank
CP_10358,Mcdowell-Wilkins Corp,Corporate,USA,Hale PLC Bank
CP_10359,Bell PLC Corp,Corporate,Germany,"Li, Rojas and Chavez Bank"
CP_10360,Gill Ltd Holdings,Offshore,Panama,"White, Ramos and Davidson Bank"
CP_10361,Curtis Torres,Individual,Pakistan,"Miller, Moore and Black Bank"
CP_10362,"Hines, Bradford and Jennings Holdings",Offshore,BVI,Hayes-Russo Bank
CP_10363,Green Ltd Corp,Corporate,USA,"Serrano, Marsh and Gonzalez Bank"
CP_10364,Richardson-Long Holdings,Offshore,Cayman Islands,Duffy-Wilkerson Bank
CP_10365,Travis Leblanc,Individual,Philippines,"Salazar, Perez and Davis Bank"
CP_10366,Gonzalez-Haynes Holdings,Offshore,Seychelles,Williams PLC Bank
CP_10367,Burke-Hernandez Trading,High-Risk,Syria,Jackson-Bradley Bank
CP_10368,Higgins Group Holdings,Offshore,Seychelles,Wilcox-Snyder Bank
CP_10369,Reeves and Sons Corp,Corporate,Saudi Arabia,Roberts-Snyder Bank
CP_10370,Reynolds and Sons Corp,Corporate,Germany,"Lewis, Holloway and Acosta Bank"
CP_10371,Barnes Group Holdings,Offshore,Cayman Islands,Johnson LLC Bank
CP_10372,Williamson and Sons Corp,Corporate,Germany,Aguilar-Holland Bank
CP_10373,Smith and Sons Trading,High-Risk,Iran,Mccann-Sanders Bank
CP_10374,James Henderson,Individual,UK,"Scott, Davis and Brown Bank"
CP_10375,Galvan-Ruiz Holdings,Offshore,Cayman Islands,Barajas-Crosby Bank
CP_10376,"Mckinney, Pacheco and Smith Trading",High-Risk,Iran,"Harvey, Turner and Foster Bank"
CP_10377,Anderson-Mcclain Holdings,Offshore,BVI,Carpenter LLC Bank
CP_10378,Johnathan Morgan,Individual,UK,Anderson-Stewart Bank
CP_10379,Brenda Wilson,Individual,India,Good Group Bank
CP_10380,Adkins-Howe Trading,High-Risk,Syria,Orr-Baker Bank
CP_10381,Black-Graham Trading,High-Risk,Iran,Stewart Group Bank
CP_10382,Peters Ltd Trading,High-Risk,North Korea,"Yates, Brown and Hernandez Bank"
CP_10383,White Group Trading,High-Risk,Iran,Martin-Mcdonald Bank
CP_10384,Carney Group Trading,High-Risk,Syria,Alexander Ltd Bank
CP_10385,"Washington, Vasquez and Singleton Trading",High-Risk,Syria,Martinez Inc Bank
CP_10386,Oneill and Sons Holdings,Offshore,BVI,Brady LLC Bank
CP_10387,"Macdonald, Willis and Silva Trading",High-Risk,Iran,Fox PLC Bank
CP_10388,Butler Inc Corp,Corporate,China,Tate Ltd Bank
CP_10389,Clay Inc Corp,Corporate,Saudi Arabia,Maldonado-Becker Bank
CP_10390,Brooks-Hickman Corp,Corporate,China,Hood and Sons Bank
CP_10391,Miller Ltd Trading,High-Risk,Syria,"Castillo, Fuller and Adams Bank"
CP_10392,"Smith, Booker and Douglas Corp",Corporate,USA,Nguyen-Dennis Bank
CP_10393,"Meadows, Robles and Anderson Holdings",Offshore,BVI,Solis LLC Bank
CP_10394,Yates-Manning Holdings,Offshore,BVI,"Crane, James and Ross Bank"
CP_10395,Allen Group Trading,High-Risk,Myanmar,Smith and Sons Bank
CP_10396,Price Group Corp,Corporate,Germany,Holland-Best Bank
CP_10397,Martinez Group Corp,Corporate,Germany,Fitzgerald-Dorsey Bank
CP_10398,Lindsey Howard,Individual,Egypt,Collier PLC Bank
CP_10399,Jeremy Hughes,Individual,India,Hart-Henderson Bank
CP_10400,Shepherd-Austin Holdings,Offshore,Seychelles,Mccoy-Davis Bank
CP_10401,"Peterson, Ford and Walker Corp",Corporate,Saudi Arabia,"Reeves, Arias and Rose Bank"
CP_10402,"Warren, Roberts and Kim Corp",Corporate,USA,Evans-Joyce Bank
CP_10403,"Leach, Skinner and Mills Holdings",Offshore,Seychelles,Carroll-Arnold Bank
CP_10404,Palmer PLC Trading,High-Risk,Iran,Gutierrez-Marshall Bank
CP_10405,"Carroll, King and Scott Trading",High-Risk,Myanmar,Mack Inc Bank
CP_10406,Yang Group Trading,High-Risk,Myanmar,Hartman Group Bank
CP_10407,Miller Ltd Holdings,Offshore,Seychelles,Edwards-Ramsey Bank
CP_10408,"Cole, Morton and Peterson Corp",Corporate,USA,Clark Inc Bank
CP_10409,"Hendrix, Green and Nunez Holdings",Offshore,Seychelles,Ferguson-Smith Bank
CP_10410,Smith Ltd Holdings,Offshore,Seychelles,Stevens-Sullivan Bank
CP_10411,"Church, Guzman and Tucker Corp",Corporate,USA,"Li, Jensen and Vazquez Bank"
CP_10412,"Leonard, Ballard and Miller Trading",High-Risk,Myanmar,Smith Inc Bank
CP_10413,Horton and Sons Trading,High-Risk,Myanmar,Clark Ltd Bank
CP_10414,David Wilkinson,Individual,India,"Lee, Turner and Ford Bank"
CP_10415,Henderson-Wilson Corp,Corporate,USA,Rodgers Group Bank
CP_10416,Ruiz-Heath Trading,High-Risk,Syria,"Sanchez, Phillips and Gallegos Bank"
CP_10417,Williams-Smith Corp,Corporate,Saudi Arabia,"Abbott, Reynolds and Perry Bank"
CP_10418,Mclaughlin-Larson Trading,High-Risk,North Korea,"Duarte, Johnson and Ross Bank"
CP_10419,"Garza, Carr and Gregory Trading",High-Risk,Iran,Hall-Brown Bank
CP_10420,Kenneth Tran,Individual,UK,Orozco-Butler Bank
CP_10421,Wilson-Dean Corp,Corporate,Germany,"Reed, Terry and Smith Bank"
CP_10422,Barber-Harrison Corp,Corporate,USA,Hall-Robinson Bank
CP_10423,"Morgan, Guzman and Kirby Corp",Corporate,Germany,"Mcdonald, Ware and Sharp Bank"
CP_10424,Jason Pugh,Individual,Pakistan,"Navarro, Flynn and Marsh Bank"
CP_10425,Lisa Campbell,Individual,Pakistan,"Miller, Webb and Thompson Bank"
CP_10426,Johnathan Leon,Individual,Egypt,Torres-Clark Bank
CP_10427,Kidd LLC Corp,Corporate,China,Kelly-Moore Bank
CP_10428,Stephanie Johnson,Individual,India,Morgan Inc Bank
CP_10429,Barbara Walker,Individual,Philippines,Chaney-Glover Bank
CP_10430,Carrillo PLC Holdings,Offshore,Seychelles,Kemp-Castaneda Bank
CP_10431,"Munoz, Garcia and Williams Corp",Corporate,China,Lloyd-Estes Bank
CP_10432,Villegas PLC Corp,Corporate,Germany,"Casey, Meza and Colon Bank"
CP_10433,Romero and Sons Corp,Corporate,China,"Wilson, Harris and Ward Bank"
CP_10434,"Carter, Alexander and Hunter Corp",Corporate,China,"Harrell, Moore and Cox Bank"
CP_10435,Martinez and Sons Corp,Corporate,China,Montes-Hammond Bank
CP_10436,Sanchez Group Holdings,Offshore,BVI,Mitchell-Jackson Bank
CP_10437,Watson-Fischer Trading,High-Risk,Iran,Soto-Sanchez Bank
CP_10438,"Fisher, Perez and Pham Trading",High-Risk,Syria,Hardin-Villanueva Bank
CP_10439,"Norton, Cox and Johnson Trading",High-Risk,North Korea,Carrillo Ltd Bank
CP_10440,Terri Miller,Individual,Pakistan,Morales-Barton Bank
CP_10441,Brown-Malone Corp,Corporate,Saudi Arabia,"Nielsen, Hernandez and Andrews Bank"
CP_10442,Veronica Lloyd,Individual,Philippines,"Kaufman, Barnes and Blackwell Bank"
CP_10443,"Spencer, Torres and Newton Corp",Corporate,Germany,Smith-Ramirez Bank
CP_10444,"Bishop, Thomas and Powell Corp",Corporate,Saudi Arabia,"Harris, Stephens and Kramer Bank"
CP_10445,"Ramos, Reed and Cain Corp",Corporate,Saudi Arabia,"Sullivan, Gonzalez and Turner Bank"
CP_10446,Medina Group Holdings,Offshore,Seychelles,"Higgins, Hobbs and Meyer Bank"
CP_10447,"Campbell, Davis and Arnold Holdings",Offshore,Seychelles,"Peterson, Reid and Johnson Bank"
CP_10448,"Vargas, Allen and Schroeder Corp",Corporate,USA,"Henderson, Wagner and Dennis Bank"
CP_10449,Green-Romero Holdings,Offshore,Cayman Islands,Williams Ltd Bank
CP_10450,West PLC Holdings,Offshore,BVI,"Smith, Morgan and Young Bank"
CP_10451,"Zhang, Cunningham and Kline Holdings",Offshore,BVI,"Wade, Richard and Hall Bank"
CP_10452,Mitchell-Glover Holdings,Offshore,BVI,"Armstrong, Taylor and Gray Bank"
CP_10453,"Wright, Murphy and Aguilar Corp",Corporate,Germany,Gibson-Thomas Bank
CP_10454,Poole-Miller Corp,Corporate,Germany,Coleman and Sons Bank
CP_10455,Lewis-Miller Corp,Corporate,USA,"Fox, Chapman and Stone Bank"
CP_10456,Wiggins-Silva Corp,Corporate,USA,"Henderson, Alexander and Galvan Bank"
CP_10457,William Colon Jr.,Individual,India,Washington Group Bank
CP_10458,Faulkner PLC Trading,High-Risk,North Korea,"Wilson, Lewis and Kennedy Bank"
CP_10459,"Moore, Hansen and Dorsey Corp",Corporate,USA,Guzman Group Bank
CP_10460,Martinez PLC Corp,Corporate,Germany,Williams-Hernandez Bank
CP_10461,Torres-Brooks Corp,Corporate,Saudi Arabia,Tucker-Moody Bank
CP_10462,Kevin Williams,Individual,UK,Small-Lewis Bank
CP_10463,"Burns, Martinez and Bailey Holdings",Offshore,Panama,Butler PLC Bank
CP_10464,Jesse Morgan,Individual,India,Alvarez-Cortez Bank
CP_10465,Pamela Wagner,Individual,Egypt,Gill-Contreras Bank
CP_10466,Cline LLC Corp,Corporate,Germany,Marsh Ltd Bank
CP_10467,Jasmine Mccullough,Individual,Pakistan,Weaver-Rubio Bank
CP_10468,Fitzgerald-Brewer Trading,High-Risk,Iran,Mann PLC Bank
CP_10469,"Hogan, Zimmerman and Hoffman Holdings",Offshore,Seychelles,Schneider Inc Bank
CP_10470,Luke Ray,Individual,UK,Bernard PLC Bank
CP_10471,Christensen PLC Trading,High-Risk,Myanmar,Martinez PLC Bank
CP_10472,Rivers LLC Trading,High-Risk,Myanmar,Sanchez Ltd Bank
CP_10473,"Wallace, Roman and Lawson Trading",High-Risk,Iran,Chapman-Henry Bank
CP_10474,Morgan and Sons Holdings,Offshore,BVI,Johnson-Rice Bank
CP_10475,Scott-Wilson Trading,High-Risk,Syria,Weaver LLC Bank
CP_10476,David Davis,Individual,UK,Farley-Gregory Bank
CP_10477,Mendez LLC Holdings,Offshore,BVI,Johnson Inc Bank
CP_10478,Price-Flores Trading,High-Risk,Iran,Orozco-Scott Bank
CP_10479,Williams and Sons Holdings,Offshore,BVI,"Willis, Vasquez and Goodwin Bank"
CP_10480,Avery-Adams Corp,Corporate,Germany,Marshall-Russell Bank
CP_10481,Johnson-Schultz Holdings,Offshore,Panama,Adams PLC Bank
CP_10482,"Garcia, Hines and Pearson Holdings",Offshore,Panama,Torres Group Bank
CP_10483,Ryan Mason,Individual,Philippines,Brooks and Sons Bank
CP_10484,Medina Group Corp,Corporate,Saudi Arabia,"Hayes, Smith and Marshall Bank"
CP_10485,Donna Stanton,Individual,Pakistan,Brown Group Bank
CP_10486,Harper-Franco Corp,Corporate,China,Kidd-Kirby Bank
CP_10487,Richards PLC Corp,Corporate,USA,Williams-Stevenson Bank
CP_10488,"Jones, Davis and Hale Holdings",Offshore,Seychelles,Hardy LLC Bank
CP_10489,Clark-Wagner Holdings,Offshore,Cayman Islands,Henson-Dougherty Bank
CP_10490,"Green, Mullins and Chavez Holdings",Offshore,Panama,Bates LLC Bank
CP_10491,Joe Greene,Individual,Philippines,Sloan and Sons Bank
CP_10492,April Alvarez,Individual,India,Chambers Group Bank
CP_10493,"Woodard, Warner and Farmer Trading",High-Risk,Syria,"Miller, Mcdowell and Curtis Bank"
CP_10494,"Johnson, Collier and Powers Corp",Corporate,China,"Martinez, Stanton and Bennett Bank"
CP_10495,"Howard, Thompson and Tate Holdings",Offshore,Seychelles,"Terrell, Martinez and Wood Bank"
CP_10496,Wallace and Sons Trading,High-Risk,Myanmar,"Smith, Campbell and Morse Bank"
CP_10497,Brandon Austin,Individual,UK,Stokes-Walker Bank
CP_10498,Coffey-Johnson Trading,High-Risk,North Korea,Conway-Mann Bank
CP_10499,Smith Ltd Trading,High-Risk,Iran,Rodriguez-Ramirez Bank
CP_10500,Carolyn Lee,Individual,UK,"Knight, Fleming and Cunningham Bank"
CP_10501,Chapman Ltd Trading,High-Risk,Iran,Anderson PLC Bank
CP_10502,Ibarra Ltd Trading,High-Risk,Myanmar,Lee-Gregory Bank
CP_10503,"Byrd, Mendez and Becker Trading",High-Risk,Syria,Smith-Simmons Bank
CP_10504,"Hahn, Williams and Mcmillan Holdings",Offshore,BVI,Richard-Russell Bank
CP_10505,Frazier Group Holdings,Offshore,Cayman Islands,Ward-Blake Bank
CP_10506,"Walker, Ramirez and Fisher Trading",High-Risk,North Korea,Stewart-Myers Bank
CP_10507,Miller-Armstrong Corp,Corporate,Germany,Mooney and Sons Bank
CP_10508,Jessica Jones,Individual,Philippines,Gonzalez LLC Bank
CP_10509,Brown-Garrett Holdings,Offshore,Panama,Castillo Inc Bank
CP_10510,"Robles, Mcconnell and Pittman Trading",High-Risk,Syria,Rodriguez and Sons Bank
CP_10511,Wall-Underwood Corp,Corporate,China,"Bauer, Harding and Parsons Bank"
CP_10512,Pamela Garrett,Individual,Egypt,"Martinez, Villegas and Rangel Bank"
CP_10513,Edwards-Abbott Corp,Corporate,USA,Patton Inc Bank
CP_10514,Brown-Bishop Corp,Corporate,China,Jones-Byrd Bank
CP_10515,"Williams, Horn and Morales Corp",Corporate,Saudi Arabia,"Walton, Hall and Greene Bank"
CP_10516,"Hanson, Chavez and Marshall Holdings",Offshore,Cayman Islands,Hobbs-Harvey Bank
CP_10517,Curtis-Lowe Corp,Corporate,Saudi Arabia,Gibson LLC Bank
CP_10518,"Lee, Garcia and Larson Holdings",Offshore,Cayman Islands,Watkins and Sons Bank
CP_10519,"Martinez, Hicks and Kelly Corp",Corporate,China,Hardy-Wallace Bank
CP_10520,Taylor Inc Corp,Corporate,Germany,Anderson PLC Bank
CP_10521,Palmer-Pearson Holdings,Offshore,Cayman Islands,Collins-Mcclure Bank
CP_10522,Brittany Parker,Individual,Egypt,Carter-Cordova Bank
CP_10523,Mary Thomas,Individual,Pakistan,Hunter PLC Bank
CP_10524,Henderson and Sons Corp,Corporate,USA,Davidson and Sons Bank
CP_10525,Gloria Contreras,Individual,Egypt,"Holt, Mcdonald and Schwartz Bank"
CP_10526,"Knight, Rogers and Evans Corp",Corporate,USA,Martin-Gibson Bank
CP_10527,Amanda Robinson,Individual,UK,Fowler Ltd Bank
CP_10528,Marcus Allen,Individual,Philippines,"Tate, Briggs and Aguirre Bank"
CP_10529,James Mckenzie,Individual,UK,Cox Inc Bank
CP_10530,Johnson-Wilson Holdings,Offshore,Panama,Alexander-Welch Bank
CP_10531,Heather Hester,Individual,UK,Gonzalez and Sons Bank
CP_10532,Mcclure Ltd Trading,High-Risk,North Korea,Morgan PLC Bank
CP_10533,Craig Thompson,Individual,Pakistan,Lozano-Smith Bank
CP_10534,"Taylor, Pena and Dyer Corp",Corporate,Germany,Boyle-Torres Bank
CP_10535,Wood LLC Corp,Corporate,Germany,"Jackson, Rose and Lloyd Bank"
CP_10536,"Keith, Johns and Jones Trading",High-Risk,Myanmar,Andrade and Sons Bank
CP_10537,Lee Group Corp,Corporate,Germany,"Brooks, Greene and Rowland Bank"
CP_10538,Mccall PLC Holdings,Offshore,Cayman Islands,"Lopez, Nichols and Clarke Bank"
CP_10539,Anthony Flynn,Individual,UK,York PLC Bank
CP_10540,Christine Miller,Individual,Pakistan,Gibbs-Mendez Bank
CP_10541,James Khan,Individual,Pakistan,"Brooks, Stone and White Bank"
CP_10542,Kelly Webb,Individual,India,Wells-Perkins Bank
CP_10543,Rachel Santos,Individual,India,Robinson and Sons Bank
CP_10544,Roy-Foster Trading,High-Risk,Iran,Coleman-Bennett Bank
CP_10545,Ryan Scott,Individual,India,Taylor Inc Bank
CP_10546,Wallace-Bell Corp,Corporate,Germany,"Williams, Hunt and Rogers Bank"
CP_10547,Mcdonald-Ortiz Trading,High-Risk,Iran,Stewart-Reyes Bank
CP_10548,David Brewer,Individual,Pakistan,Valenzuela-Phillips Bank
CP_10549,"Hunt, Schneider and Hartman Corp",Corporate,Saudi Arabia,Garcia Inc Bank
CP_10550,Johnson-Gonzalez Trading,High-Risk,Myanmar,Leonard LLC Bank
CP_10551,Mcgee-Mack Trading,High-Risk,Iran,Lee-Munoz Bank
CP_10552,Murillo Ltd Trading,High-Risk,North Korea,"Daniels, Green and Carrillo Bank"
CP_10553,Short-Logan Holdings,Offshore,BVI,Bautista-Underwood Bank
CP_10554,"Smith, Valdez and Hays Trading",High-Risk,North Korea,Grimes and Sons Bank
CP_10555,Cummings and Sons Corp,Corporate,Germany,Hall-Matthews Bank
CP_10556,Julie Olsen,Individual,India,Conner-Edwards Bank
CP_10557,Patterson Ltd Trading,High-Risk,North Korea,Clark-Cole Bank
CP_10558,"Johnson, Taylor and Russo Trading",High-Risk,Iran,Harding-Smith Bank
CP_10559,"Flowers, Morgan and Barnes Holdings",Offshore,Cayman Islands,"Goodwin, Farmer and Vaughn Bank"
CP_10560,Nguyen-Johnson Trading,High-Risk,Myanmar,Weeks and Sons Bank
CP_10561,Wendy Carroll,Individual,Egypt,"Mcintyre, Berry and Myers Bank"
CP_10562,Harris-Myers Trading,High-Risk,Iran,"Hughes, Wells and Murphy Bank"
CP_10563,Fowler-Torres Trading,High-Risk,Iran,Garcia PLC Bank
CP_10564,Johnson Ltd Holdings,Offshore,Panama,"Burns, Lopez and Jones Bank"
CP_10565,Diane Hall,Individual,Egypt,"Warren, Gibson and Wood Bank"
CP_10566,Jackson Group Holdings,Offshore,Seychelles,Moore-Rodriguez Bank
CP_10567,"Barnes, Paul and Price Holdings",Offshore,Seychelles,Anderson and Sons Bank
CP_10568,Robert Ortega,Individual,Egypt,Munoz LLC Bank
CP_10569,"Harris, Moran and Stevens Trading",High-Risk,Iran,Smith and Sons Bank
CP_10570,Brown-Ross Trading,High-Risk,Syria,Fox PLC Bank
CP_10571,Stevens-Johnston Holdings,Offshore,BVI,"Davis, Lucas and Ellison Bank"
CP_10572,Graves-Dawson Trading,High-Risk,North Korea,Myers-Colon Bank
CP_10573,Perry and Sons Trading,High-Risk,North Korea,"Quinn, Ellis and Bartlett Bank"
CP_10574,Hale Inc Holdings,Offshore,Panama,Hale-Williams Bank
CP_10575,Hill Ltd Holdings,Offshore,Seychelles,"Carter, Hendricks and Wolfe Bank"
CP_10576,"Barrera, Kerr and Jenkins Holdings",Offshore,Panama,"Martinez, Wood and Campos Bank"
CP_10577,"Miranda, Nguyen and Hayes Corp",Corporate,USA,Clark-Williams Bank
CP_10578,Mark Lowe,Individual,Pakistan,James-Reese Bank
CP_10579,Sanders Inc Corp,Corporate,China,Wilson-Stark Bank
CP_10580,Santiago-Marshall Trading,High-Risk,Myanmar,Jones-Kelley Bank
CP_10581,Reeves Group Trading,High-Risk,Iran,Ruiz LLC Bank
CP_10582,Jackson Inc Holdings,Offshore,Seychelles,"Garcia, Phillips and Nichols Bank"
CP_10583,Jackson-Powers Trading,High-Risk,Myanmar,Byrd and Sons Bank
CP_10584,Christopher Klein,Individual,India,"Patel, Ramos and Williams Bank"
CP_10585,"Cain, Davidson and Moran Corp",Corporate,China,Myers LLC Bank
CP_10586,Williams-Smith Corp,Corporate,China,Wang-Mcfarland Bank
CP_10587,David Davis,Individual,UK,Johnson-Smith Bank
CP_10588,Frazier Inc Corp,Corporate,Germany,Benjamin Inc Bank
CP_10589,"Jackson, Jackson and Perry Corp",Corporate,USA,Ochoa LLC Bank
CP_10590,Chelsey Clark,Individual,India,"Foster, Patterson and Hall Bank"
CP_10591,Kelly and Sons Corp,Corporate,China,Morales LLC Bank
CP_10592,Price Group Corp,Corporate,China,Jones LLC Bank
CP_10593,"Hanson, Williams and Mcclure Corp",Corporate,Saudi Arabia,Turner-George Bank
CP_10594,Mrs. Kimberly Mooney,Individual,UK,"Jackson, Haley and Greene Bank"
CP_10595,"Horton, Gregory and Compton Trading",High-Risk,North Korea,"Anderson, Thompson and Gill Bank"
CP_10596,"Stewart, York and Olson Trading",High-Risk,Syria,Smith-Barr Bank
CP_10597,Reyes-Davidson Corp,Corporate,USA,Gordon Ltd Bank
CP_10598,Crystal Jensen DVM,Individual,UK,Young-Patterson Bank
CP_10599,Harvey Inc Corp,Corporate,China,Brooks LLC Bank
CP_10600,Hernandez and Sons Corp,Corporate,China,"Johnson, Mclean and George Bank"
CP_10601,Nancy Murphy,Individual,Pakistan,Stewart-Buchanan Bank
CP_10602,Meyer Group Holdings,Offshore,Cayman Islands,"Hess, Christensen and Perez Bank"
CP_10603,Grace Harris,Individual,Philippines,Knox Ltd Bank
CP_10604,Solis Ltd Corp,Corporate,Germany,"Walker, Salas and Boyd Bank"
CP_10605,Ramos Inc Corp,Corporate,USA,Kane Inc Bank
CP_10606,Williams and Sons Corp,Corporate,Saudi Arabia,Martinez and Sons Bank
CP_10607,"Dunn, Pope and Harris Trading",High-Risk,Syria,"Miller, Hardy and Collins Bank"
CP_10608,"Gonzalez, Coleman and Obrien Trading",High-Risk,Iran,Mitchell-West Bank
CP_10609,"Harris, Huffman and Olson Trading",High-Risk,Myanmar,Sanders-Jackson Bank
CP_10610,Henderson-Lynch Holdings,Offshore,BVI,Wolf-Weiss Bank
CP_10611,Alicia James,Individual,Egypt,Blake LLC Bank
CP_10612,"Medina, Tran and Thompson Holdings",Offshore,BVI,Ford-Chavez Bank
CP_10613,Hart-Castillo Trading,High-Risk,Syria,Taylor-Harrison Bank
CP_10614,Hendricks Inc Holdings,Offshore,Panama,Hensley Ltd Bank
CP_10615,Katherine Frost,Individual,UK,Waller-Brooks Bank
CP_10616,Martin Chapman MD,Individual,Pakistan,Riddle Inc Bank
CP_10617,Keith Lee,Individual,Egypt,Krueger-Wise Bank
CP_10618,"Bailey, Fletcher and Reid Corp",Corporate,USA,Horton-Curtis Bank
CP_10619,Fitzgerald-Allen Corp,Corporate,Germany,Dorsey LLC Bank
CP_10620,"Mann, Johnson and Wade Corp",Corporate,Germany,Green Group Bank
CP_10621,"Hernandez, Wright and Lane Corp",Corporate,China,"Skinner, Smith and Wise Bank"
CP_10622,"Dawson, Cruz and Mccarthy Holdings",Offshore,Seychelles,Stone and Sons Bank
CP_10623,Martin-Simmons Trading,High-Risk,North Korea,"Turner, Ponce and Barrett Bank"
CP_10624,Willis-Gross Trading,High-Risk,Syria,"Booth, Rodriguez and Armstrong Bank"
CP_10625,Olsen-Adams Corp,Corporate,China,Conrad Group Bank
CP_10626,Abigail Jackson,Individual,UK,Smith-Jones Bank
CP_10627,Kelly Pena,Individual,Egypt,"Jordan, Thompson and Lopez Bank"
CP_10628,Gonzalez and Sons Corp,Corporate,Saudi Arabia,"Fry, Hayes and Olsen Bank"
CP_10629,Anthony White,Individual,Egypt,Green Group Bank
CP_10630,Sims-Weber Holdings,Offshore,Seychelles,"Martin, Carter and Gray Bank"
CP_10631,Brown-Johnson Holdings,Offshore,BVI,Woods Ltd Bank
CP_10632,Smith LLC Holdings,Offshore,Panama,Ortega Inc Bank
CP_10633,Clark Inc Holdings,Offshore,Panama,Morrison-Hatfield Bank
CP_10634,Frederick-Kennedy Trading,High-Risk,Myanmar,Munoz-Rogers Bank
CP_10635,Grace Edwards,Individual,Philippines,Everett Ltd Bank
CP_10636,Leslie Hester,Individual,Egypt,Drake-Smith Bank
CP_10637,Jennifer Houston,Individual,Philippines,Johnson Inc Bank
CP_10638,"Ramirez, Lyons and Briggs Holdings",Offshore,BVI,Hayes-Parks Bank
CP_10639,Robertson-Keller Holdings,Offshore,Panama,Andersen LLC Bank
CP_10640,Isaac Williams,Individual,UK,"Nguyen, Wallace and Lawson Bank"
CP_10641,Stevenson-Bauer Holdings,Offshore,Cayman Islands,Patterson-Huynh Bank
CP_10642,Hatfield-Vincent Trading,High-Risk,Iran,Navarro LLC Bank
CP_10643,"Lee, Thomas and Meyer Holdings",Offshore,Seychelles,"Glover, Moran and Johnson Bank"
CP_10644,Robles-Turner Corp,Corporate,Saudi Arabia,"Davies, Archer and Owens Bank"
CP_10645,Friedman-Olson Trading,High-Risk,Myanmar,"Allen, Lewis and Mullins Bank"
CP_10646,Ann Graham,Individual,UK,"Johnson, Hickman and Nguyen Bank"
CP_10647,Douglas Ball,Individual,Philippines,"Alvarez, Merritt and Martinez Bank"
CP_10648,Joseph Swanson,Individual,UK,Pope LLC Bank
CP_10649,Huynh PLC Trading,High-Risk,North Korea,Schneider Group Bank
CP_10650,"Paul, Hardy and Valdez Trading",High-Risk,Myanmar,"Burch, Kim and Hall Bank"
CP_10651,Wilson-Miller Corp,Corporate,Saudi Arabia,Peterson PLC Bank
CP_10652,Garner Inc Holdings,Offshore,Cayman Islands,"Richardson, Castaneda and Finley Bank"
CP_10653,"Mclaughlin, Collins and Lawrence Corp",Corporate,USA,Boone Group Bank
CP_10654,Wise-Salinas Trading,High-Risk,Syria,Meyer PLC Bank
CP_10655,"Walker, Foster and Medina Holdings",Offshore,Panama,Stewart-Cabrera Bank
CP_10656,Hood-Porter Holdings,Offshore,BVI,Hernandez-Campbell Bank
CP_10657,Sarah Carey,Individual,Egypt,George LLC Bank
CP_10658,Melissa Hill,Individual,UK,"Berry, Welch and Lewis Bank"
CP_10659,Padilla-Bennett Trading,High-Risk,Syria,Hernandez-Moran Bank
CP_10660,"Michael, Walker and Fitzgerald Corp",Corporate,Saudi Arabia,Gates Ltd Bank
CP_10661,Evans-Briggs Corp,Corporate,Saudi Arabia,Ritter PLC Bank
CP_10662,Rogers-Gregory Trading,High-Risk,Iran,Todd-Myers Bank
CP_10663,"Acosta, Campbell and Leblanc Corp",Corporate,Saudi Arabia,"Chase, Long and Anderson Bank"
CP_10664,Lauren Trujillo,Individual,Pakistan,"Torres, Pena and Ray Bank"
CP_10665,John Merritt,Individual,India,Robinson Ltd Bank
CP_10666,Moss Inc Trading,High-Risk,North Korea,Barber-Johnston Bank
CP_10667,"Floyd, Garrison and Bennett Trading",High-Risk,North Korea,Shelton-Jackson Bank
CP_10668,Davis Group Holdings,Offshore,Panama,Landry Inc Bank
CP_10669,"Santos, Watkins and Booker Corp",Corporate,Germany,"Sharp, Sanchez and Wilson Bank"
CP_10670,Burns-Watts Holdings,Offshore,Cayman Islands,Delgado Group Bank
CP_10671,"Esparza, Lambert and Davis Corp",Corporate,Germany,Hancock-Santos Bank
CP_10672,Chen-Wallace Holdings,Offshore,Cayman Islands,Wilson Inc Bank
CP_10673,Burns Ltd Trading,High-Risk,Myanmar,"Walker, Matthews and Archer Bank"
CP_10674,Hill-Mcgee Corp,Corporate,Germany,"White, Washington and Newman Bank"
CP_10675,Evans-Martinez Corp,Corporate,China,Brown-Stout Bank
CP_10676,"Lopez, Hess and Smith Corp",Corporate,USA,"Roth, Logan and Moreno Bank"
CP_10677,Stone PLC Corp,Corporate,USA,"Reeves, Tyler and Martinez Bank"
CP_10678,Sheppard Inc Corp,Corporate,Germany,Atkins Ltd Bank
CP_10679,Smith Group Holdings,Offshore,Cayman Islands,Martinez-Anderson Bank
CP_10680,Delgado Inc Corp,Corporate,Saudi Arabia,"Scott, Mullins and Miller Bank"
CP_10681,Hunter LLC Corp,Corporate,Germany,"Jackson, Rowland and Barrett Bank"
CP_10682,Turner PLC Trading,High-Risk,Iran,Hopkins-Wallace Bank
CP_10683,Melissa Mills,Individual,UK,Obrien-Dixon Bank
CP_10684,Mary Williams,Individual,UK,Lopez LLC Bank
CP_10685,Cindy Anderson,Individual,Philippines,"Robinson, Howard and Anderson Bank"
CP_10686,"Henderson, Pierce and Green Trading",High-Risk,Iran,"Mckee, Ross and Miller Bank"
CP_10687,Rhodes-Bentley Trading,High-Risk,Syria,Herrera Inc Bank
CP_10688,"Oconnor, Cowan and Terry Holdings",Offshore,Seychelles,Klein PLC Bank
CP_10689,"Holland, Dixon and Martin Trading",High-Risk,Myanmar,Stewart Group Bank
CP_10690,Johnson-Munoz Corp,Corporate,Germany,Nelson PLC Bank
CP_10691,Sutton Group Corp,Corporate,Saudi Arabia,Murphy Inc Bank
CP_10692,Blankenship-Strickland Corp,Corporate,China,Melton and Sons Bank
CP_10693,Smith-Bennett Holdings,Offshore,Seychelles,Gray Inc Bank
CP_10694,Thompson Ltd Trading,High-Risk,North Korea,Chapman-Roman Bank
CP_10695,Gregory Armstrong,Individual,Philippines,Arnold-Lawson Bank
CP_10696,Jackson Group Corp,Corporate,Germany,Reed Ltd Bank
CP_10697,Rachel Arnold,Individual,UK,Woods-Anderson Bank
CP_10698,Parks Ltd Corp,Corporate,Saudi Arabia,Sandoval and Sons Bank
CP_10699,Bradley-Adams Corp,Corporate,USA,"Fowler, Wood and Waters Bank"
CP_10700,"Franklin, Mann and White Holdings",Offshore,Seychelles,Lindsey-Shaw Bank
CP_10701,Cisneros-Meyer Trading,High-Risk,North Korea,"Keith, Cervantes and Torres Bank"
CP_10702,Meza Group Trading,High-Risk,Iran,Bruce-Walters Bank
CP_10703,Blair Inc Trading,High-Risk,Syria,Johnston Inc Bank
CP_10704,"Mitchell, Noble and Stokes Holdings",Offshore,Cayman Islands,Hayden Group Bank
CP_10705,"Romero, Cross and Castillo Holdings",Offshore,Cayman Islands,"Jennings, Rhodes and Patel Bank"
CP_10706,Sullivan PLC Corp,Corporate,China,Bartlett Ltd Bank
CP_10707,Klein Ltd Trading,High-Risk,Iran,"Brady, Sanchez and Stevenson Bank"
CP_10708,"Sutton, Williams and West Holdings",Offshore,Seychelles,Craig PLC Bank
CP_10709,Thompson LLC Holdings,Offshore,Panama,Palmer Inc Bank
CP_10710,Simpson-Jackson Holdings,Offshore,Cayman Islands,Morgan Ltd Bank
CP_10711,Decker Inc Trading,High-Risk,Syria,Evans-Carter Bank
CP_10712,Oscar Carroll,Individual,India,Leblanc Ltd Bank
CP_10713,Stephanie Walls,Individual,UK,"Charles, Brown and Smith Bank"
CP_10714,Murphy-Gomez Trading,High-Risk,Myanmar,Bailey Ltd Bank
CP_10715,Morales Inc Holdings,Offshore,Panama,Jordan and Sons Bank
CP_10716,Rice and Sons Holdings,Offshore,BVI,Martinez-Freeman Bank
CP_10717,Hammond LLC Holdings,Offshore,BVI,Ruiz LLC Bank
CP_10718,Diaz-Mcclain Trading,High-Risk,North Korea,"Cain, Rodriguez and Gonzales Bank"
CP_10719,Martin-Gomez Holdings,Offshore,Cayman Islands,Smith-Stephenson Bank
CP_10720,"Gonzalez, Lopez and Williams Corp",Corporate,Germany,Fisher-Rivera Bank
CP_10721,Melvin Vaughan,Individual,India,"Bird, Wilson and Burns Bank"
CP_10722,Marsh-Klein Trading,High-Risk,Iran,Potter-Deleon Bank
CP_10723,Shaw-Mclean Corp,Corporate,Saudi Arabia,Anderson-Rosario Bank
CP_10724,Martinez LLC Holdings,Offshore,Cayman Islands,"Smith, Cohen and Williams Bank"
CP_10725,Jordan-Harper Holdings,Offshore,Cayman Islands,Hamilton LLC Bank
CP_10726,Tucker-Hodges Corp,Corporate,Saudi Arabia,Williamson Ltd Bank
CP_10727,"Lopez, Campbell and Wilson Corp",Corporate,USA,Gamble-Wright Bank
CP_10728,Gonzalez-Mccarthy Corp,Corporate,USA,Haynes PLC Bank
CP_10729,"White, Riddle and Garza Holdings",Offshore,Cayman Islands,"Hernandez, Martinez and Morales Bank"
CP_10730,Mooney-Hickman Holdings,Offshore,Cayman Islands,Smith-Gonzalez Bank
CP_10731,James PLC Holdings,Offshore,BVI,Graves-Baird Bank
CP_10732,Rogers Group Holdings,Offshore,BVI,Hicks Ltd Bank
CP_10733,Torres LLC Corp,Corporate,China,Ramirez-Bell Bank
CP_10734,Francisco Williams,Individual,Egypt,Smith Ltd Bank
CP_10735,"Morris, Mitchell and Ramirez Trading",High-Risk,Iran,"Garcia, Lopez and Vaughan Bank"
CP_10736,Cook-Rodriguez Trading,High-Risk,Iran,"Smith, Arnold and Atkins Bank"
CP_10737,Patrick Ward,Individual,Pakistan,"Rice, Watson and Santos Bank"
CP_10738,Silva Inc Trading,High-Risk,Iran,Anderson Ltd Bank
CP_10739,"Martinez, Willis and Barr Trading",High-Risk,Syria,"Roth, Lee and Griffin Bank"
CP_10740,Jones PLC Corp,Corporate,Germany,"Cooper, Swanson and Mayo Bank"
CP_10741,Ferguson and Sons Corp,Corporate,China,Anderson Group Bank
CP_10742,"Dawson, Snow and Malone Holdings",Offshore,BVI,"Hester, Jacobson and West Bank"
CP_10743,"Wilson, Graham and Webb Holdings",Offshore,Cayman Islands,"Velazquez, Gordon and Johnson Bank"
CP_10744,"Hill, Ponce and Roberts Trading",High-Risk,Iran,"Brown, Compton and Lee Bank"
CP_10745,Simpson-Patel Trading,High-Risk,Syria,"Mata, Martin and Christensen Bank"
CP_10746,Richard Morales,Individual,UK,Clark-Smith Bank
CP_10747,"Robinson, Horton and Suarez Trading",High-Risk,Myanmar,"Gibson, Zimmerman and Warren Bank"
CP_10748,Daniel Erickson,Individual,UK,"Wilson, Walker and Ferguson Bank"
CP_10749,Williams-Hernandez Trading,High-Risk,Iran,Ho-Nelson Bank
CP_10750,Day and Sons Trading,High-Risk,Iran,Nichols Inc Bank
CP_10751,"Bailey, Jacobs and Wood Corp",Corporate,Germany,Potts PLC Bank
CP_10752,Bowen-Ortiz Trading,High-Risk,Syria,"Phillips, Galloway and Garrett Bank"
CP_10753,Holloway and Sons Corp,Corporate,Saudi Arabia,"Sanford, Thompson and Bonilla Bank"
CP_10754,"Sandoval, Parrish and Crosby Trading",High-Risk,North Korea,"Rodriguez, Reese and Reyes Bank"
CP_10755,"Scott, Sims and Munoz Holdings",Offshore,Panama,Montoya and Sons Bank
CP_10756,Adams-Perkins Trading,High-Risk,Syria,Moore-Hall Bank
CP_10757,"Hamilton, Hernandez and Mendoza Trading",High-Risk,Syria,White-Lopez Bank
CP_10758,Lopez Group Trading,High-Risk,Myanmar,"White, Campbell and Collins Bank"
CP_10759,Roth Ltd Corp,Corporate,China,"Lopez, Thomas and Simmons Bank"
CP_10760,Stout-Waller Corp,Corporate,USA,Ramsey and Sons Bank
CP_10761,Rhonda Morrison,Individual,UK,Cruz-Rodriguez Bank
CP_10762,Ronald Michael,Individual,Egypt,Wright Inc Bank
CP_10763,Thomas-Burton Trading,High-Risk,Myanmar,Sparks Inc Bank
CP_10764,Daniels LLC Holdings,Offshore,Seychelles,"Miller, Taylor and Malone Bank"
CP_10765,Ochoa-Parker Corp,Corporate,Saudi Arabia,Moore-Brown Bank
CP_10766,"Adams, Stephens and Smith Holdings",Offshore,Cayman Islands,Garcia LLC Bank
CP_10767,Stephen Perry,Individual,UK,Barr Inc Bank
CP_10768,Simmons and Sons Corp,Corporate,USA,Rios-Perez Bank
CP_10769,"Cruz, Henson and Carson Holdings",Offshore,Panama,Vasquez Inc Bank
CP_10770,Garcia LLC Corp,Corporate,China,Jones-Cook Bank
CP_10771,Mclean-Gillespie Holdings,Offshore,BVI,Munoz and Sons Bank
CP_10772,Moreno-Greene Trading,High-Risk,Myanmar,"Coleman, Barry and Mcdaniel Bank"
CP_10773,"Roth, Bailey and Garcia Holdings",Offshore,Seychelles,Stanley-Cantu Bank
CP_10774,"Lindsey, Mccormick and Hensley Trading",High-Risk,North Korea,Strickland and Sons Bank
CP_10775,Hernandez-Griffin Trading,High-Risk,North Korea,Briggs-Wilson Bank
CP_10776,Nicholas Thomas,Individual,Pakistan,Cooley-White Bank
CP_10777,Gomez-Snyder Corp,Corporate,Germany,Steele-Gutierrez Bank
CP_10778,"Cook, Pham and Valdez Trading",High-Risk,Myanmar,Reyes PLC Bank
CP_10779,Ryan-Vasquez Corp,Corporate,USA,"Underwood, Cruz and Carpenter Bank"
CP_10780,Kenneth Steele,Individual,Pakistan,"Robinson, Miller and Ward Bank"
CP_10781,Samuel Cox,Individual,Pakistan,Rosario-Mccall Bank
CP_10782,Gregory Allison,Individual,Philippines,Phillips and Sons Bank
CP_10783,"Bonilla, Durham and Sanchez Holdings",Offshore,BVI,Brown and Sons Bank
CP_10784,Michael Thomas,Individual,India,"Johnson, Hanna and Watson Bank"
CP_10785,"Rodriguez, Perkins and Woods Holdings",Offshore,Panama,"Harrell, Johnson and Diaz Bank"
CP_10786,Billy Carroll,Individual,Egypt,Hernandez-White Bank
CP_10787,"Taylor, Rose and Rush Trading",High-Risk,Myanmar,Jenkins-Rogers Bank
CP_10788,Melissa Mitchell,Individual,Egypt,Brown Ltd Bank
CP_10789,Paul Gordon,Individual,India,Sanders Group Bank
CP_10790,"Vaughan, Gibson and Dawson Corp",Corporate,USA,Ellison-Shaw Bank
CP_10791,"Perez, Huynh and Nelson Trading",High-Risk,North Korea,Boyd and Sons Bank
CP_10792,"Lewis, Montgomery and Robinson Corp",Corporate,USA,Carson PLC Bank
CP_10793,"Skinner, Velasquez and Mcdonald Holdings",Offshore,BVI,Delgado-Sullivan Bank
CP_10794,Martin-Pratt Holdings,Offshore,Cayman Islands,"Coleman, Nelson and Garcia Bank"
CP_10795,Richard Rogers,Individual,Egypt,Campbell PLC Bank
CP_10796,Daniel Smith,Individual,Pakistan,Lopez-Harris Bank
CP_10797,Allen Inc Trading,High-Risk,Syria,"Cunningham, Elliott and Tyler Bank"
CP_10798,Williams Inc Holdings,Offshore,Cayman Islands,Smith-Kelly Bank
CP_10799,Benjamin-Porter Holdings,Offshore,BVI,Walton-Swanson Bank
CP_10800,Michele Davis,Individual,India,Mosley-Gordon Bank
CP_10801,"Aguirre, Hernandez and Matthews Corp",Corporate,Saudi Arabia,Woods-Melton Bank
CP_10802,Roberts and Sons Corp,Corporate,Saudi Arabia,"Ford, Mcclure and Davis Bank"
CP_10803,"Hall, Lewis and Maldonado Corp",Corporate,USA,Mack and Sons Bank
CP_10804,"Black, Chandler and Curtis Corp",Corporate,USA,West-Anderson Bank
CP_10805,Marcus Bentley,Individual,Pakistan,Macdonald Ltd Bank
CP_10806,Allen-Shea Corp,Corporate,Germany,"Jones, Hernandez and Burton Bank"
CP_10807,Robert Thomas PhD,Individual,Pakistan,"Dillon, Salinas and Jacobson Bank"
CP_10808,Davis-Edwards Corp,Corporate,Saudi Arabia,Martin-Ramirez Bank
CP_10809,Gomez-Jones Trading,High-Risk,Myanmar,"Ingram, Scott and Kennedy Bank"
CP_10810,Hines-Ramos Holdings,Offshore,Cayman Islands,Case PLC Bank
CP_10811,Williams-Trevino Holdings,Offshore,BVI,Ortiz-Harvey Bank
CP_10812,"Anderson, Richardson and Kirk Trading",High-Risk,Myanmar,Brooks-Fleming Bank
CP_10813,"Cole, Rich and Esparza Holdings",Offshore,Seychelles,Oliver Ltd Bank
CP_10814,Figueroa and Sons Corp,Corporate,Germany,"Nicholson, Smith and Farrell Bank"
CP_10815,Bennett-Hudson Holdings,Offshore,BVI,Walker Group Bank
CP_10816,"Davis, Owens and Day Holdings",Offshore,Seychelles,Rodriguez-White Bank
CP_10817,Lowery Group Holdings,Offshore,Panama,Gonzalez-Murphy Bank
CP_10818,Zachary Tucker,Individual,Egypt,"Figueroa, Wilson and Gibson Bank"
CP_10819,"Moore, Harrison and Bowman Trading",High-Risk,Syria,Carroll-Huerta Bank
CP_10820,Brown-Stokes Holdings,Offshore,Seychelles,Irwin-Lewis Bank
CP_10821,Parrish Ltd Corp,Corporate,Germany,Nelson-Reid Bank
CP_10822,Thomas LLC Corp,Corporate,China,Miller-Russo Bank
CP_10823,Savage-Warren Trading,High-Risk,Myanmar,"Orozco, White and Brown Bank"
CP_10824,Jessica Richmond,Individual,UK,Martin-Bailey Bank
CP_10825,Olson-Nichols Trading,High-Risk,Syria,Sheppard Group Bank
CP_10826,Gaines-Hudson Holdings,Offshore,Cayman Islands,Hoffman PLC Bank
CP_10827,Nathan Lane,Individual,Pakistan,Morris Ltd Bank
CP_10828,"Bryan, Quinn and Smith Trading",High-Risk,Syria,Peck-Porter Bank
CP_10829,Ricky Craig,Individual,Pakistan,Meyer-Smith Bank
CP_10830,Ronnie Martinez,Individual,Philippines,Fowler-Lane Bank
CP_10831,Robinson and Sons Trading,High-Risk,Myanmar,Horton-Schroeder Bank
CP_10832,Cindy Clark,Individual,Pakistan,Bonilla PLC Bank
CP_10833,Wood LLC Trading,High-Risk,North Korea,Turner LLC Bank
CP_10834,"Fuentes, Martinez and Porter Corp",Corporate,China,Gutierrez-Bell Bank
CP_10835,"Simmons, Dickson and Rogers Trading",High-Risk,North Korea,Ellis LLC Bank
CP_10836,Kurt Daniels,Individual,Philippines,Mitchell-Keller Bank
CP_10837,"Kim, Campbell and Oliver Corp",Corporate,China,Cowan Inc Bank
CP_10838,Banks PLC Holdings,Offshore,Cayman Islands,Garcia-Brady Bank
CP_10839,"Ho, Garcia and Wallace Holdings",Offshore,Panama,"Shaffer, Contreras and Christian Bank"
CP_10840,Walker Group Trading,High-Risk,Myanmar,"James, Gonzalez and Harrison Bank"
CP_10841,Bell Group Corp,Corporate,Germany,Odonnell-Newman Bank
CP_10842,"Foster, Ayers and Casey Trading",High-Risk,Myanmar,"Campbell, Hobbs and Baker Bank"
CP_10843,Nunez-Smith Trading,High-Risk,Iran,Johnson-Johnson Bank
CP_10844,Randall-Stone Trading,High-Risk,Iran,"Greene, Rogers and Haley Bank"
CP_10845,Dana Beltran MD,Individual,India,"Long, Williams and Frederick Bank"
CP_10846,Anderson-Fields Holdings,Offshore,Panama,"Thompson, Strong and Holmes Bank"
CP_10847,Hall-Mckinney Trading,High-Risk,Syria,Gordon Ltd Bank
CP_10848,"Mueller, Cameron and Burton Trading",High-Risk,Syria,Hood-Moore Bank
CP_10849,Harris-Davis Corp,Corporate,Germany,Smith-Carrillo Bank
CP_10850,Johnson Ltd Trading,High-Risk,Syria,"Knapp, Miller and Reyes Bank"
CP_10851,"Gross, Lucero and Walters Trading",High-Risk,Syria,Lopez-Delgado Bank
CP_10852,Phillips PLC Holdings,Offshore,Seychelles,Barber Group Bank
CP_10853,Hopkins-Hill Holdings,Offshore,Cayman Islands,Burton Ltd Bank
CP_10854,"Camacho, Rodriguez and Ho Holdings",Offshore,Panama,Rodriguez LLC Bank
CP_10855,Kline-Davis Corp,Corporate,China,Kirk-Durham Bank
CP_10856,Myers Group Trading,High-Risk,Syria,Gutierrez Group Bank
CP_10857,Angela Mcdaniel,Individual,UK,Preston-Schultz Bank
CP_10858,Christopher Evans,Individual,Egypt,Keller Ltd Bank
CP_10859,"Bond, Wilson and Cooper Trading",High-Risk,Myanmar,Webb-Mendez Bank
CP_10860,"Smith, Boyd and Scott Trading",High-Risk,North Korea,Lee Inc Bank
CP_10861,Kelly Hodges,Individual,UK,Camacho Inc Bank
CP_10862,Johnson and Sons Corp,Corporate,Saudi Arabia,Miller Ltd Bank
CP_10863,Adams Group Corp,Corporate,Saudi Arabia,Ashley LLC Bank
CP_10864,"Arnold, Phillips and Mcgee Holdings",Offshore,Seychelles,Graham-Potts Bank
CP_10865,Danielle Gonzalez,Individual,UK,"Campbell, Long and Silva Bank"
CP_10866,"Collins, Bauer and Mckay Holdings",Offshore,BVI,Hamilton-Griffin Bank
CP_10867,"Burgess, Cabrera and Dean Holdings",Offshore,Seychelles,"Reyes, Gonzalez and Gomez Bank"
CP_10868,Sabrina Cole,Individual,Egypt,Rubio LLC Bank
CP_10869,"Ortiz, Munoz and Wiley Holdings",Offshore,Cayman Islands,"Bell, Johnson and White Bank"
CP_10870,Richard Howard,Individual,Egypt,Lewis LLC Bank
CP_10871,Thomas-Edwards Corp,Corporate,Germany,Flores Inc Bank
CP_10872,"Murphy, Marshall and Pope Trading",High-Risk,Syria,Hoffman Group Bank
CP_10873,Guzman-Rose Corp,Corporate,China,Hoffman Ltd Bank
CP_10874,"Shah, Aguirre and Powers Holdings",Offshore,Panama,"Stafford, Fisher and Avila Bank"
CP_10875,Li-Gonzalez Trading,High-Risk,North Korea,Lang Group Bank
CP_10876,Donald Wilson,Individual,India,Jackson-Murphy Bank
CP_10877,Young-Smith Holdings,Offshore,Cayman Islands,Schneider PLC Bank
CP_10878,Buck LLC Trading,High-Risk,Iran,Skinner Group Bank
CP_10879,Huang PLC Trading,High-Risk,Syria,Rogers Inc Bank
CP_10880,Harrison Group Corp,Corporate,Saudi Arabia,"Turner, Stewart and Reed Bank"
CP_10881,Hawkins LLC Corp,Corporate,USA,Salazar-Long Bank
CP_10882,"Riggs, Snyder and Davidson Holdings",Offshore,Cayman Islands,Cameron PLC Bank
CP_10883,Johnson Inc Trading,High-Risk,Iran,Taylor LLC Bank
CP_10884,Misty Perez,Individual,UK,Lee LLC Bank
CP_10885,"Mayo, Villa and Parrish Corp",Corporate,Saudi Arabia,Ware-Williams Bank
CP_10886,Valentine Inc Corp,Corporate,China,Murphy-Salazar Bank
CP_10887,Nelson-Jackson Trading,High-Risk,Myanmar,Silva Inc Bank
CP_10888,Scott Mullins,Individual,Philippines,Walsh-Barnett Bank
CP_10889,"Rose, Lane and Stanley Corp",Corporate,China,Morris-Simon Bank
CP_10890,Davis LLC Trading,High-Risk,Myanmar,"Miller, Hansen and Salas Bank"
CP_10891,Nancy Harris,Individual,Egypt,Jones Group Bank
CP_10892,Lewis Ltd Trading,High-Risk,Syria,Mcdonald Group Bank
CP_10893,Freeman LLC Corp,Corporate,China,Cervantes PLC Bank
CP_10894,"Garrison, Hodges and Collins Trading",High-Risk,Myanmar,Rios-Abbott Bank
CP_10895,Sloan and Sons Corp,Corporate,Saudi Arabia,Cruz-Chavez Bank
CP_10896,"Palmer, Deleon and Lopez Trading",High-Risk,Iran,Henderson-Parks Bank
CP_10897,"Wong, Thomas and Walter Trading",High-Risk,Myanmar,"Rodriguez, Smith and Murray Bank"
CP_10898,Johnson-Stanley Corp,Corporate,Saudi Arabia,Bell-Wilson Bank
CP_10899,Heather Lewis,Individual,Egypt,Shaw-Romero Bank
CP_10900,Alexander LLC Holdings,Offshore,Seychelles,Williams Group Bank
CP_10901,"Reilly, Lee and Lopez Corp",Corporate,USA,Wheeler PLC Bank
CP_10902,"Snyder, Hamilton and Maldonado Holdings",Offshore,Panama,"Wright, Rodriguez and Wilson Bank"
CP_10903,Johnston and Sons Corp,Corporate,Saudi Arabia,Patel LLC Bank
CP_10904,Andrade Ltd Holdings,Offshore,Cayman Islands,"Sullivan, Long and Robinson Bank"
CP_10905,"Adams, Harris and Floyd Holdings",Offshore,Seychelles,Walsh-Mccarthy Bank
CP_10906,Gross-Davis Trading,High-Risk,Syria,"Velez, Howell and Stevenson Bank"
CP_10907,Melissa Jackson,Individual,Egypt,"Jones, Lopez and Yoder Bank"
CP_10908,Rivers Ltd Trading,High-Risk,North Korea,Patterson-Smith Bank
CP_10909,Ibarra-Jackson Corp,Corporate,China,Wheeler Group Bank
CP_10910,"Smith, Marks and Kennedy Holdings",Offshore,Panama,Fuentes PLC Bank
CP_10911,Donna Perez,Individual,UK,"Jackson, Thomas and Davis Bank"
CP_10912,Noah Chavez,Individual,Pakistan,"Bell, Gardner and Alvarado Bank"
CP_10913,Diaz-Smith Corp,Corporate,China,Turner-Cook Bank
CP_10914,"Hampton, Vincent and Barrera Trading",High-Risk,Myanmar,"Washington, Nelson and Stone Bank"
CP_10915,"Smith, Irwin and Chase Trading",High-Risk,North Korea,"Mcknight, Howard and Johnson Bank"
CP_10916,"Figueroa, Mcpherson and Howard Holdings",Offshore,BVI,"Davis, Knapp and Gray Bank"
CP_10917,Donald Sims,Individual,UK,"Nolan, Cole and Mullen Bank"
CP_10918,"Thompson, Lozano and Bailey Trading",High-Risk,Iran,Myers-Butler Bank
CP_10919,Parker-Williams Trading,High-Risk,North Korea,"Miles, Flowers and Martinez Bank"
CP_10920,Knight-Sparks Holdings,Offshore,Seychelles,Roberts-Montes Bank
CP_10921,Ho-Thomas Holdings,Offshore,Panama,"Hernandez, Levy and Hanson Bank"
CP_10922,"Martin, Tucker and Brown Trading",High-Risk,Syria,Smith-Williams Bank
CP_10923,Kevin Brown,Individual,Egypt,Smith-Bell Bank
CP_10924,Williams and Sons Holdings,Offshore,Cayman Islands,Koch-Glover Bank
CP_10925,Tina Castro,Individual,Egypt,Reeves and Sons Bank
CP_10926,"Gonzalez, Richards and Miller Corp",Corporate,Germany,Johnson LLC Bank
CP_10927,Cain Ltd Corp,Corporate,Germany,Henderson-Rasmussen Bank
CP_10928,Orozco LLC Trading,High-Risk,Iran,"Collins, Elliott and Shelton Bank"
CP_10929,Brock-Taylor Holdings,Offshore,Cayman Islands,Wright Group Bank
CP_10930,"Gonzalez, Torres and Evans Holdings",Offshore,Seychelles,"Murray, White and Patton Bank"
CP_10931,Anne Rose,Individual,Pakistan,"Edwards, Donovan and Marquez Bank"
CP_10932,Gomez-Owens Holdings,Offshore,Cayman Islands,Murray-Gaines Bank
CP_10933,Bernard Group Corp,Corporate,China,Campos PLC Bank
CP_10934,Buchanan-Carpenter Holdings,Offshore,Panama,Martinez-Daniels Bank
CP_10935,"Rich, Brown and Bruce Holdings",Offshore,Panama,Powell Inc Bank
CP_10936,Aguirre-Golden Corp,Corporate,Germany,Combs-Miller Bank
CP_10937,Gallegos-Santos Corp,Corporate,Saudi Arabia,Wheeler-Short Bank
CP_10938,"Olson, Rivera and Brown Corp",Corporate,Germany,"Richards, Dixon and Love Bank"
CP_10939,Kelli Hart,Individual,Philippines,Taylor-Jacobson Bank
CP_10940,"Phelps, Turner and Collins Holdings",Offshore,BVI,Shaffer PLC Bank
CP_10941,"Gonzalez, Jones and Hernandez Holdings",Offshore,BVI,Meyer and Sons Bank
CP_10942,Garcia Inc Holdings,Offshore,Seychelles,"Wallace, Brown and Martinez Bank"
CP_10943,William Wilkins,Individual,India,"Green, Salazar and Gonzales Bank"
CP_10944,"Williamson, Reynolds and Fields Trading",High-Risk,Myanmar,Thomas Ltd Bank
CP_10945,"Allen, Hunt and Lyons Corp",Corporate,Saudi Arabia,Alvarez LLC Bank
CP_10946,Contreras-Haley Corp,Corporate,China,Richardson-Hill Bank
CP_10947,Wolfe-Rodriguez Corp,Corporate,Germany,Li-Hernandez Bank
CP_10948,Bryan Price,Individual,Philippines,"Turner, Brewer and Barry Bank"
CP_10949,"Wallace, Odonnell and Kelly Corp",Corporate,China,Mcdonald Ltd Bank
CP_10950,Hill-Holden Holdings,Offshore,BVI,Mason-Callahan Bank
CP_10951,Bailey Ltd Holdings,Offshore,Cayman Islands,"Myers, Brown and Rios Bank"
CP_10952,Rios-Hart Trading,High-Risk,Myanmar,Espinoza-Buchanan Bank
CP_10953,Phillip Turner,Individual,India,Jones-Franco Bank
CP_10954,Bennett-Ruiz Holdings,Offshore,Seychelles,"White, Erickson and Hunter Bank"
CP_10955,"Fox, Anderson and Nguyen Holdings",Offshore,Cayman Islands,"Bailey, Williamson and Powell Bank"
CP_10956,Johnson Ltd Trading,High-Risk,North Korea,Hall Ltd Bank
CP_10957,Porter Ltd Holdings,Offshore,Seychelles,Morris-Hall Bank
CP_10958,"Flynn, Garcia and Gilmore Corp",Corporate,Germany,"Stafford, Campos and Fisher Bank"
CP_10959,Brown LLC Corp,Corporate,USA,Johnson Ltd Bank
CP_10960,Phillip Obrien,Individual,UK,Mclean LLC Bank
CP_10961,Hale Group Trading,High-Risk,Iran,Zhang PLC Bank
CP_10962,"Gonzalez, King and Kim Corp",Corporate,USA,Perez-Harmon Bank
CP_10963,Cervantes-Stokes Trading,High-Risk,Iran,Miller Inc Bank
CP_10964,"Moyer, Davis and Johnson Trading",High-Risk,Myanmar,Barry LLC Bank
CP_10965,Laura Lin,Individual,Philippines,Lopez-Blair Bank
CP_10966,Maria Crawford,Individual,Philippines,Hudson Group Bank
CP_10967,Heather Yoder,Individual,Philippines,Solis Group Bank
CP_10968,Garrett-Sawyer Corp,Corporate,Saudi Arabia,"Miller, Patton and Evans Bank"
CP_10969,David Guzman,Individual,UK,Johnson-Nicholson Bank
CP_10970,Nielsen-King Holdings,Offshore,Seychelles,"Howard, Brennan and Moore Bank"
CP_10971,Jones-Johnston Trading,High-Risk,Myanmar,"Frederick, Porter and Ross Bank"
CP_10972,Gardner Inc Corp,Corporate,USA,"Ruiz, Lowery and Baker Bank"
CP_10973,George Green,Individual,India,Barron-Brown Bank
CP_10974,Payne Ltd Trading,High-Risk,North Korea,Glass-Alvarado Bank
CP_10975,Young Inc Holdings,Offshore,Panama,"Strong, Warner and Cannon Bank"
CP_10976,Reed Inc Trading,High-Risk,Iran,George-Salazar Bank
CP_10977,Clay Group Corp,Corporate,USA,Nelson Inc Bank
CP_10978,Johnson PLC Trading,High-Risk,Syria,Santos Group Bank
CP_10979,Turner-Horn Trading,High-Risk,North Korea,Smith Inc Bank
CP_10980,Ayala and Sons Holdings,Offshore,Seychelles,"Franklin, Gray and Sutton Bank"
CP_10981,Tran Inc Corp,Corporate,Saudi Arabia,Cannon-Dominguez Bank
CP_10982,Jeffery Taylor,Individual,Egypt,Wilson-Gilbert Bank
CP_10983,Heather Cooper,Individual,UK,Allen Inc Bank
CP_10984,Crystal Burgess,Individual,Philippines,"Bradley, Ritter and Smith Bank"
CP_10985,"Wright, Brown and Brown Trading",High-Risk,Iran,White-Williams Bank
CP_10986,Matthew Sanchez,Individual,Egypt,Anderson-Sanders Bank
CP_10987,Mary Jones,Individual,Egypt,"Harris, Thornton and Li Bank"
CP_10988,Shannon Wallace,Individual,UK,Pugh-Deleon Bank
CP_10989,Melton-Sanchez Holdings,Offshore,Cayman Islands,Flores-Weaver Bank
CP_10990,Brown Group Corp,Corporate,Germany,"Sampson, Tucker and Miller Bank"
CP_10991,Skinner PLC Trading,High-Risk,Iran,Torres PLC Bank
CP_10992,Martinez Ltd Trading,High-Risk,Iran,Johnson and Sons Bank
CP_10993,"Alexander, Duran and Benton Holdings",Offshore,Panama,Porter Inc Bank
CP_10994,Ramirez-Cruz Trading,High-Risk,Myanmar,Brown PLC Bank
CP_10995,Simpson-Roy Corp,Corporate,Germany,Wallace-Walker Bank
CP_10996,Lopez-Jordan Corp,Corporate,China,Guerrero Inc Bank
CP_10997,"Hines, Pineda and Kent Holdings",Offshore,Cayman Islands,Livingston-Solomon Bank
CP_10998,"Robinson, Johnson and Swanson Holdings",Offshore,BVI,"Hamilton, Patterson and Daniel Bank"
CP_10999,"Goodwin, Aguirre and Tran Trading",High-Risk,Iran,"Randolph, Mitchell and Ritter Bank"
CP_11000,"Ford, Armstrong and Carroll Corp",Corporate,Germany,"Green, Horne and Mcdonald Bank"
CP_11001,Cynthia Velez MD,Individual,Philippines,"Tapia, Miller and Wright Bank"
CP_11002,"Phillips, Duncan and Johnson Corp",Corporate,Germany,Ward-Hopkins Bank
CP_11003,Rhonda Franklin,Individual,Egypt,Parker Ltd Bank
CP_11004,Huff-Abbott Holdings,Offshore,Seychelles,Ford-Gonzales Bank
CP_11005,Johnson-Howard Holdings,Offshore,Panama,"Richard, Robinson and Brown Bank"
CP_11006,Hill PLC Trading,High-Risk,Myanmar,"Edwards, Brown and White Bank"
CP_11007,Green-Simpson Trading,High-Risk,Syria,Mccoy and Sons Bank
CP_11008,"Douglas, Hall and Pena Trading",High-Risk,Iran,Cohen Group Bank
CP_11009,"Stewart, Tran and Perez Holdings",Offshore,BVI,"Braun, Hester and Smith Bank"
CP_11010,Fernandez-Williams Trading,High-Risk,Syria,Bailey Inc Bank
CP_11011,"Wallace, Dixon and Young Trading",High-Risk,Syria,Hudson-Calderon Bank
CP_11012,"Perry, May and Liu Holdings",Offshore,Panama,Johnson PLC Bank
CP_11013,Frances Russell,Individual,India,"Brooks, Dunlap and Carter Bank"
CP_11014,Martin Inc Trading,High-Risk,North Korea,Conrad-Buck Bank
CP_11015,Rodriguez and Sons Corp,Corporate,Saudi Arabia,Dixon-Norman Bank
CP_11016,"Logan, Marquez and Case Corp",Corporate,USA,Rivas-Johnson Bank
CP_11017,"Hernandez, Farmer and Banks Corp",Corporate,USA,Benjamin and Sons Bank
CP_11018,Yolanda Mccoy,Individual,UK,"Barnes, Quinn and Abbott Bank"
CP_11019,"Yates, Lawson and Hopkins Corp",Corporate,Saudi Arabia,"Alexander, Adams and Huff Bank"
CP_11020,Bartlett-Murphy Holdings,Offshore,Seychelles,Hall-Edwards Bank
CP_11021,Steele Group Holdings,Offshore,Seychelles,"Rosario, Ortiz and Miller Bank"
CP_11022,"Wagner, Melendez and Valdez Corp",Corporate,USA,"Hall, Hartman and Hall Bank"
CP_11023,Victoria Frost,Individual,Egypt,Frank Group Bank
CP_11024,Mary Jacobs,Individual,India,Peterson-Wilson Bank
CP_11025,Fisher-Lucero Holdings,Offshore,Seychelles,"Snyder, Keith and Gonzalez Bank"
CP_11026,Walter Inc Corp,Corporate,China,Martinez LLC Bank
CP_11027,"Dawson, Harrison and Garcia Trading",High-Risk,Iran,Bass Inc Bank
CP_11028,"Jackson, Jones and Robertson Trading",High-Risk,Myanmar,"Sellers, Strong and Gomez Bank"
CP_11029,Justin Joseph,Individual,Egypt,Rogers LLC Bank
CP_11030,Lisa Mcknight,Individual,India,Jones LLC Bank
CP_11031,Lozano-Mccoy Corp,Corporate,USA,"Davenport, Roberts and Woods Bank"
CP_11032,Quinn Ltd Corp,Corporate,Germany,"Hendricks, Zuniga and Miller Bank"
CP_11033,Watkins LLC Holdings,Offshore,Seychelles,"Banks, Gray and Gonzales Bank"
CP_11034,"Sharp, Ramirez and Mejia Trading",High-Risk,Iran,Evans LLC Bank
CP_11035,Elliott PLC Corp,Corporate,China,"Romero, Reilly and Mitchell Bank"
CP_11036,Peter Mckay,Individual,Egypt,Cervantes Ltd Bank
CP_11037,Monica Jordan,Individual,Pakistan,Andrews-Gilbert Bank
CP_11038,Reed and Sons Holdings,Offshore,BVI,Roberts Group Bank
CP_11039,Walker-Jackson Corp,Corporate,USA,Zhang-Molina Bank
CP_11040,Mary Thomas,Individual,Egypt,Arnold PLC Bank
CP_11041,Alyssa Orr,Individual,India,"Medina, Lee and Freeman Bank"
CP_11042,Jaclyn Campbell,Individual,Egypt,"Simmons, Wallace and Martinez Bank"
CP_11043,Phillips-Rodriguez Holdings,Offshore,Panama,"Calhoun, Wilson and Oneal Bank"
CP_11044,Baker-Lin Holdings,Offshore,Panama,Dennis-Wilson Bank
CP_11045,Bob Mcguire,Individual,Egypt,"Jones, Moore and Rogers Bank"
CP_11046,Mccoy-Hunt Trading,High-Risk,North Korea,Mann LLC Bank
CP_11047,Hamilton Ltd Corp,Corporate,China,"Stewart, Skinner and Guerrero Bank"
CP_11048,"Johnson, Walters and Smith Holdings",Offshore,Cayman Islands,Willis and Sons Bank
CP_11049,"Gonzalez, Harrison and Washington Holdings",Offshore,BVI,Gross LLC Bank
CP_11050,Mark Davis,Individual,India,"Vincent, Curry and Smith Bank"
CP_11051,Henry PLC Trading,High-Risk,Myanmar,Mckinney Inc Bank
CP_11052,Watts-Austin Holdings,Offshore,Seychelles,"Silva, Little and Washington Bank"
CP_11053,"Best, Humphrey and Pittman Trading",High-Risk,Myanmar,Contreras-Henry Bank
CP_11054,Linda Daniels,Individual,Egypt,Davis-Rodriguez Bank
CP_11055,Nicole Mitchell,Individual,UK,Nguyen-Bates Bank
CP_11056,John Flores,Individual,India,Bailey Group Bank
CP_11057,Patricia Webb,Individual,Pakistan,Burke-Mcdaniel Bank
CP_11058,Carter PLC Holdings,Offshore,Seychelles,Wu Group Bank
CP_11059,Hart LLC Corp,Corporate,USA,Leonard-Jenkins Bank
CP_11060,Coleman-Green Trading,High-Risk,Iran,Adams Ltd Bank
CP_11061,Morgan Inc Holdings,Offshore,BVI,West-Walker Bank
CP_11062,Herrera Ltd Holdings,Offshore,BVI,Gould PLC Bank
CP_11063,Beverly Fernandez,Individual,India,"Smith, Gray and Deleon Bank"
CP_11064,Barr-Wang Holdings,Offshore,Seychelles,"Brown, Williams and Clark Bank"
CP_11065,"Gonzalez, Moore and Nichols Corp",Corporate,Saudi Arabia,"Perez, Solis and Lozano Bank"
CP_11066,Gutierrez-Tran Corp,Corporate,Germany,Case Inc Bank
CP_11067,Fischer PLC Corp,Corporate,USA,Mason Group Bank
CP_11068,Moore LLC Holdings,Offshore,Seychelles,Hall Ltd Bank
CP_11069,Johnson Ltd Corp,Corporate,USA,Hess Group Bank
CP_11070,"Morales, Cardenas and Mcdowell Holdings",Offshore,Panama,Jones PLC Bank
CP_11071,"Warner, Oconnor and Smith Trading",High-Risk,Myanmar,"Greer, Jacobs and Hernandez Bank"
CP_11072,"Chapman, Myers and Decker Trading",High-Risk,Iran,Glover-Coleman Bank
CP_11073,Elizabeth Stevens,Individual,UK,Baker Ltd Bank
CP_11074,"Ruiz, Carter and Davis Corp",Corporate,China,Hoffman-Webb Bank
CP_11075,"Ferguson, Sanchez and Smith Holdings",Offshore,Cayman Islands,Luna-Bean Bank
CP_11076,"Klein, Chavez and Lane Holdings",Offshore,BVI,Sanders and Sons Bank
CP_11077,Wood-Hart Holdings,Offshore,Cayman Islands,"Collins, Thomas and Soto Bank"
CP_11078,Justin Clark,Individual,Pakistan,Watkins-Miller Bank
CP_11079,Jensen-Wells Corp,Corporate,China,"Franco, Hodges and Brown Bank"
CP_11080,King-Collins Holdings,Offshore,Cayman Islands,Flowers-Johnson Bank
CP_11081,"Cunningham, Russell and Smith Corp",Corporate,Saudi Arabia,"Clark, Hart and Burns Bank"
CP_11082,Edwards-Pearson Corp,Corporate,China,Murray-Webb Bank
CP_11083,"Trevino, Haney and Miller Corp",Corporate,USA,Simmons Inc Bank
CP_11084,Peter Martin,Individual,UK,"Martinez, Gonzalez and Kane Bank"
CP_11085,Williams Group Holdings,Offshore,Seychelles,Jackson-Pratt Bank
CP_11086,Taylor-Sawyer Corp,Corporate,China,Ross-Phillips Bank
CP_11087,Edward Weeks,Individual,Pakistan,"Nelson, Morris and Preston Bank"
CP_11088,Carol Roberts,Individual,Philippines,"Harris, Mendez and Klein Bank"
CP_11089,"Munoz, Kennedy and Clark Trading",High-Risk,Syria,Ho-Cortez Bank
CP_11090,Martin Ltd Trading,High-Risk,Syria,Smith-Butler Bank
CP_11091,Austin Rowland,Individual,India,Miles-Gonzalez Bank
CP_11092,Medina LLC Corp,Corporate,Germany,Brown Group Bank
CP_11093,"Moore, Bell and Hansen Holdings",Offshore,Panama,Cooper Inc Bank
CP_11094,Denise Hoover,Individual,Egypt,Silva-Torres Bank
CP_11095,"Wang, Villa and Hoffman Holdings",Offshore,BVI,"Hopkins, Jones and Hernandez Bank"
CP_11096,Diana Baker,Individual,Egypt,Martinez PLC Bank
CP_11097,"Newman, Reyes and Johnston Corp",Corporate,USA,"Jacobs, Levy and Mclaughlin Bank"
CP_11098,"Barnett, Kennedy and Jackson Holdings",Offshore,Panama,Hays Inc Bank
CP_11099,Lisa Thomas,Individual,India,Baxter-Morris Bank
CP_11100,Taylor Group Corp,Corporate,Germany,Ortega-Murphy Bank
CP_11101,Autumn Castro,Individual,Philippines,Schroeder-Mccarthy Bank
CP_11102,Collins-Boyd Corp,Corporate,Germany,"Miller, Jacobs and Lewis Bank"
CP_11103,Dougherty LLC Holdings,Offshore,Cayman Islands,"Thomas, Kim and Alexander Bank"
CP_11104,"Mccormick, Jennings and Grant Holdings",Offshore,Cayman Islands,Pearson-Thompson Bank
CP_11105,Savannah Townsend,Individual,Pakistan,Chandler-Lewis Bank
CP_11106,"Walter, Knapp and Lee Corp",Corporate,Germany,White-Adkins Bank
CP_11107,Gonzalez LLC Trading,High-Risk,Syria,"Lee, Willis and Murphy Bank"
CP_11108,Moon-Shaw Trading,High-Risk,North Korea,Lawson Inc Bank
CP_11109,"Hill, Mendoza and Williams Holdings",Offshore,Seychelles,"Padilla, Hill and Brown Bank"
CP_11110,"Morrow, Roy and Pennington Trading",High-Risk,North Korea,"Chen, Henry and Wells Bank"
CP_11111,Nicole Aguirre,Individual,Philippines,Wood PLC Bank
CP_11112,"Hernandez, Fitzgerald and Pitts Trading",High-Risk,Myanmar,Miller Inc Bank
CP_11113,Ramos Ltd Corp,Corporate,China,Edwards PLC Bank
CP_11114,Samuel Rios,Individual,UK,"Smith, Hood and Charles Bank"
CP_11115,Hurst-Jackson Trading,High-Risk,Iran,"Bowen, Diaz and Smith Bank"
CP_11116,"Powell, Monroe and Caldwell Trading",High-Risk,North Korea,Lee PLC Bank
CP_11117,Daniel Inc Corp,Corporate,Germany,Ramos LLC Bank
CP_11118,"Gonzalez, Wagner and Thompson Trading",High-Risk,Iran,"Wilkinson, Everett and Collins Bank"
CP_11119,"Bell, Peterson and Carroll Holdings",Offshore,Seychelles,"Miller, Conrad and Davis Bank"
CP_11120,Catherine Miller,Individual,India,Garza-Sheppard Bank
CP_11121,Rachel Robinson,Individual,UK,Stevens-Wiley Bank
CP_11122,Parker Ltd Holdings,Offshore,Cayman Islands,"Bender, Hancock and Burgess Bank"
CP_11123,"Anderson, Brown and Mccarthy Corp",Corporate,Germany,Ramirez PLC Bank
CP_11124,Gutierrez-Conley Corp,Corporate,Germany,Stephenson-Thompson Bank
CP_11125,Green-Gonzales Holdings,Offshore,Panama,Burns PLC Bank
CP_11126,Bailey-May Holdings,Offshore,Panama,Gallegos-Mcdaniel Bank
CP_11127,Johnson PLC Holdings,Offshore,BVI,Moore-Carroll Bank
CP_11128,"Hamilton, Brewer and Fleming Holdings",Offshore,Cayman Islands,Clark-Lyons Bank
CP_11129,Sandra Bauer,Individual,Egypt,Palmer and Sons Bank
CP_11130,Robinson-Green Trading,High-Risk,Syria,Holmes Ltd Bank
CP_11131,Alvarez Group Trading,High-Risk,Myanmar,"Morris, Elliott and Barrett Bank"
CP_11132,Morris Inc Trading,High-Risk,Myanmar,"Howard, Santana and Moore Bank"
CP_11133,Cook-Wong Corp,Corporate,USA,Lopez LLC Bank
CP_11134,Martin-Payne Holdings,Offshore,Seychelles,Gonzales PLC Bank
CP_11135,Kenneth Graham,Individual,Egypt,Wells-Sanchez Bank
CP_11136,"Brooks, Morgan and Gregory Corp",Corporate,USA,Williams-Hickman Bank
CP_11137,Hines PLC Corp,Corporate,Germany,Fisher LLC Bank
CP_11138,"Morales, Johnson and Hunt Trading",High-Risk,North Korea,Tanner-Sanford Bank
CP_11139,"Gonzalez, Compton and Walton Holdings",Offshore,Panama,Alvarado Inc Bank
CP_11140,Ellen Cannon,Individual,UK,Ellis-Martin Bank
CP_11141,Hopkins and Sons Corp,Corporate,China,Turner Inc Bank
CP_11142,Young and Sons Corp,Corporate,Saudi Arabia,Davis-Sanchez Bank
CP_11143,"Peters, Rowe and Smith Holdings",Offshore,Seychelles,Cooper Group Bank
CP_11144,"Mcdaniel, Hale and Durham Holdings",Offshore,BVI,"Bennett, Ford and Sanchez Bank"
CP_11145,Hughes LLC Holdings,Offshore,BVI,Ross LLC Bank
CP_11146,Weiss-Cross Corp,Corporate,China,Carlson-Ferguson Bank
CP_11147,Michael Cordova,Individual,Egypt,Walker PLC Bank
CP_11148,Tate LLC Corp,Corporate,Saudi Arabia,Morgan-Morrow Bank
CP_11149,Nicole Melendez,Individual,Pakistan,"Hall, Porter and Williams Bank"
CP_11150,Brandon Cruz,Individual,Egypt,Simmons LLC Bank
CP_11151,Hughes-Nicholson Corp,Corporate,Germany,Green Group Bank
CP_11152,James Holmes,Individual,Philippines,Marshall Inc Bank
CP_11153,Parks-Garcia Holdings,Offshore,BVI,Lara-Smith Bank
CP_11154,Anderson-Hunter Trading,High-Risk,Syria,"Gibson, Tucker and Choi Bank"
CP_11155,Henderson-Brown Trading,High-Risk,Iran,Green-Walters Bank
CP_11156,Rebekah Cole,Individual,Egypt,Norman-Joseph Bank
CP_11157,Valerie Rodriguez,Individual,Philippines,Pollard PLC Bank
CP_11158,Berg-Miller Holdings,Offshore,BVI,Rogers Ltd Bank
CP_11159,"Scott, Robertson and Mendez Trading",High-Risk,Iran,Graham-Marshall Bank
CP_11160,Sean Stevens,Individual,UK,Small Ltd Bank
CP_11161,Jeffery Leonard,Individual,Egypt,Daniels and Sons Bank
CP_11162,Jason Griffin,Individual,India,Fields-Larson Bank
CP_11163,Andrew Rodgers,Individual,Pakistan,Thompson PLC Bank
CP_11164,Nicholas Schultz,Individual,Egypt,Orozco-Reed Bank
CP_11165,Barker-Sanchez Holdings,Offshore,Panama,"Hoover, Carroll and Williams Bank"
CP_11166,Watson-Thomas Holdings,Offshore,Panama,"Little, Macias and Reyes Bank"
CP_11167,"Miller, Pennington and Curry Corp",Corporate,Saudi Arabia,Morales-White Bank
CP_11168,"Scott, Delgado and Andrade Trading",High-Risk,Iran,Sanford-Leon Bank
CP_11169,"Green, Turner and Palmer Holdings",Offshore,BVI,Benson Inc Bank
CP_11170,John Hodges,Individual,Egypt,Hill-Barker Bank
CP_11171,Hill Ltd Corp,Corporate,China,Jacobs and Sons Bank
CP_11172,"Mitchell, Smith and Clark Trading",High-Risk,Iran,Sandoval-Hill Bank
CP_11173,George-Daugherty Trading,High-Risk,North Korea,Davis-Walker Bank
CP_11174,"Nguyen, Brown and Roberts Holdings",Offshore,Seychelles,"Lynch, Murray and Fisher Bank"
CP_11175,"Murphy, Price and Spears Holdings",Offshore,Cayman Islands,Cooper LLC Bank
CP_11176,Carson-Hernandez Trading,High-Risk,North Korea,"Porter, Patel and Jackson Bank"
CP_11177,Scott-Johnson Trading,High-Risk,Iran,"Faulkner, Welch and Hoffman Bank"
CP_11178,Miller-Adkins Holdings,Offshore,Cayman Islands,"Wood, Carter and Stewart Bank"
CP_11179,"Mcdonald, Moore and Richards Holdings",Offshore,BVI,"Bell, Reynolds and Forbes Bank"
CP_11180,Potter LLC Holdings,Offshore,Seychelles,"Manning, Fritz and Brooks Bank"
CP_11181,"Anderson, Lawson and Atkinson Holdings",Offshore,Cayman Islands,Foster and Sons Bank
CP_11182,Laura White MD,Individual,Philippines,"Werner, Pierce and Bell Bank"
CP_11183,Barnes PLC Trading,High-Risk,Syria,Flores-Cox Bank
CP_11184,Beck Ltd Trading,High-Risk,Syria,"Gill, Stewart and Nichols Bank"
CP_11185,Scott Simpson,Individual,Pakistan,Mitchell-Middleton Bank
CP_11186,Bradshaw and Sons Holdings,Offshore,Cayman Islands,Roberts-Patel Bank
CP_11187,Hines-Douglas Holdings,Offshore,Cayman Islands,"Solomon, Reyes and Delgado Bank"
CP_11188,Jenkins-Fields Trading,High-Risk,Myanmar,"Walker, Lynch and Gordon Bank"
CP_11189,Kenneth Ortiz,Individual,India,Nguyen and Sons Bank
CP_11190,Mario Cohen,Individual,UK,Johnson-Guzman Bank
CP_11191,"Price, Dixon and Lee Corp",Corporate,China,Ellis Ltd Bank
CP_11192,Thompson Ltd Holdings,Offshore,Seychelles,Morris LLC Bank
CP_11193,Kline and Sons Holdings,Offshore,Cayman Islands,"Murray, Sanchez and Morrison Bank"
CP_11194,Robles Group Corp,Corporate,China,"Davidson, Lara and Massey Bank"
CP_11195,Sanchez Ltd Corp,Corporate,USA,Smith Inc Bank
CP_11196,"Rhodes, Camacho and Cowan Holdings",Offshore,Seychelles,Jones-Butler Bank
CP_11197,Ware-Medina Corp,Corporate,USA,"Frank, Holland and Ferguson Bank"
CP_11198,Gonzales Ltd Corp,Corporate,China,Carter Group Bank
CP_11199,"Mack, Cox and Moran Holdings",Offshore,Seychelles,"Soto, Alexander and Cobb Bank"
CP_11200,Ryan Chang,Individual,India,"Molina, Rodriguez and Jackson Bank"
CP_11201,Douglas-Thomas Trading,High-Risk,Myanmar,Pope and Sons Bank
CP_11202,Gary Benson,Individual,Pakistan,Nolan-Vasquez Bank
CP_11203,Sherman LLC Trading,High-Risk,Syria,Norris-Rivera Bank
CP_11204,David Hill,Individual,Philippines,Juarez and Sons Bank
CP_11205,"Roberts, Walker and Wood Holdings",Offshore,BVI,Reeves-Parker Bank
CP_11206,"Moore, Walters and Alvarez Trading",High-Risk,Myanmar,Nunez-Moore Bank
CP_11207,"Anderson, Lawson and Villarreal Trading",High-Risk,Myanmar,Walsh-Johnson Bank
CP_11208,Aguilar and Sons Trading,High-Risk,Syria,"Smith, Diaz and Romero Bank"
CP_11209,"Sullivan, Montgomery and Jackson Holdings",Offshore,Panama,Schneider-Matthews Bank
CP_11210,"Edwards, Brooks and Grimes Corp",Corporate,Germany,Wong-Harrell Bank
CP_11211,Thompson-Prince Corp,Corporate,China,Barnett Inc Bank
CP_11212,Eric Walker,Individual,Philippines,Franklin-Daniel Bank
CP_11213,Santos LLC Holdings,Offshore,Seychelles,Stevens-Durham Bank
CP_11214,Sara Singleton,Individual,Philippines,"Villanueva, Figueroa and Cox Bank"
CP_11215,Ross Inc Corp,Corporate,USA,Romero-Nelson Bank
CP_11216,"Bradford, Medina and Miller Holdings",Offshore,Cayman Islands,Griffin PLC Bank
CP_11217,Sanchez Ltd Corp,Corporate,China,Norris Ltd Bank
CP_11218,Perez Ltd Corp,Corporate,Germany,Thompson-Krause Bank
CP_11219,Arnold-Davis Holdings,Offshore,Panama,Quinn Inc Bank
CP_11220,Mills Inc Holdings,Offshore,Panama,Perez PLC Bank
CP_11221,"Woods, Garcia and Keith Trading",High-Risk,North Korea,Flores Ltd Bank
CP_11222,John Ramos,Individual,Philippines,Gonzalez-Daniels Bank
CP_11223,George LLC Trading,High-Risk,North Korea,"Smith, Jordan and Stein Bank"
CP_11224,Jessica Day,Individual,UK,"Shaffer, Mendez and Bryant Bank"
CP_11225,Paul Guzman,Individual,India,Welch-Murphy Bank
CP_11226,Mr. Matthew Baker,Individual,India,"Wright, Hill and Hoffman Bank"
CP_11227,Jeremiah Rowland,Individual,Philippines,Freeman LLC Bank
CP_11228,"Ruiz, Martin and Jones Holdings",Offshore,BVI,Chambers-Davis Bank
CP_11229,Peterson-Mcdaniel Holdings,Offshore,Panama,Lee Inc Bank
CP_11230,Cindy Shaw,Individual,Egypt,Miranda-Kennedy Bank
CP_11231,"Evans, Lynch and Duncan Holdings",Offshore,BVI,Morris and Sons Bank
CP_11232,Rachel Phelps,Individual,Pakistan,"Bates, Nguyen and Black Bank"
CP_11233,Valdez-Kramer Trading,High-Risk,Syria,"Adams, Cantu and Kennedy Bank"
CP_11234,Elizabeth Thomas,Individual,Philippines,Acosta-Calderon Bank
CP_11235,Cole-Coleman Holdings,Offshore,BVI,Farmer-Smith Bank
CP_11236,Brown-Ortiz Corp,Corporate,Saudi Arabia,"Trujillo, Proctor and Wang Bank"
CP_11237,Cardenas and Sons Trading,High-Risk,Syria,Bates LLC Bank
CP_11238,James Morris,Individual,UK,Nguyen-Castro Bank
CP_11239,Salinas PLC Corp,Corporate,USA,"Alexander, Hill and Jones Bank"
CP_11240,Nguyen Group Trading,High-Risk,North Korea,"Watkins, Crane and Arroyo Bank"
CP_11241,"Price, Moyer and Mccarthy Trading",High-Risk,Syria,Ramirez PLC Bank
CP_11242,Amy Brown,Individual,Philippines,Hill-Wood Bank
CP_11243,Rodriguez-Taylor Holdings,Offshore,BVI,"Jones, Rowland and Oconnor Bank"
CP_11244,Sawyer PLC Trading,High-Risk,Syria,Andrews-Hoffman Bank
CP_11245,Garrett Payne,Individual,Philippines,"Green, Schmidt and Carter Bank"
CP_11246,Raymond Jones,Individual,UK,"Dawson, Edwards and Castaneda Bank"
CP_11247,Jill Wilkerson,Individual,Egypt,Morris and Sons Bank
CP_11248,Gary Byrd,Individual,Egypt,"Green, Munoz and Cantu Bank"
CP_11249,Martin Simmons,Individual,Egypt,Yates-Decker Bank
CP_11250,Durham PLC Trading,High-Risk,Myanmar,Smith-Kim Bank
CP_11251,Jonathan Yates,Individual,India,"Vasquez, Andrews and Walters Bank"
CP_11252,"Jones, Davis and Grant Trading",High-Risk,North Korea,Schmidt PLC Bank
CP_11253,Berry Group Corp,Corporate,China,"Santos, Lee and Jones Bank"
CP_11254,"Jordan, Hill and Hayes Trading",High-Risk,North Korea,"Hernandez, Rivera and White Bank"
CP_11255,Jordan Norman,Individual,Pakistan,"Wilkins, Reynolds and Smith Bank"
CP_11256,"Carter, Hanson and Price Corp",Corporate,Saudi Arabia,Perez Group Bank
CP_11257,Green and Sons Trading,High-Risk,Myanmar,"Craig, Nguyen and Ellis Bank"
CP_11258,"Gonzalez, Underwood and Schaefer Corp",Corporate,China,"Camacho, Hernandez and Mejia Bank"
CP_11259,Parker Inc Corp,Corporate,China,Ferguson Inc Bank
CP_11260,Fernandez Inc Holdings,Offshore,Seychelles,Harrell-Hebert Bank
CP_11261,"Clark, Turner and Coleman Holdings",Offshore,BVI,Hall-Gillespie Bank
CP_11262,Johnson-Rich Trading,High-Risk,Iran,Martinez-Gould Bank
CP_11263,Sean Dickerson,Individual,Pakistan,James Group Bank
CP_11264,Craig Wise,Individual,Egypt,"Olsen, Davis and Thompson Bank"
CP_11265,"Ramsey, Martinez and Sherman Holdings",Offshore,Panama,Shepard Ltd Bank
CP_11266,"Howard, Cowan and Perry Corp",Corporate,Germany,Galloway PLC Bank
CP_11267,Woods-Hicks Corp,Corporate,Germany,Smith-James Bank
CP_11268,Tyrone Garcia,Individual,Pakistan,Bautista-Copeland Bank
CP_11269,Bautista-Pearson Corp,Corporate,Germany,Key Inc Bank
CP_11270,"Schneider, Price and Ruiz Trading",High-Risk,Syria,Blair-Merritt Bank
CP_11271,Taylor and Sons Trading,High-Risk,Syria,Cunningham and Sons Bank
CP_11272,"Moore, Neal and Farmer Corp",Corporate,Saudi Arabia,Carlson and Sons Bank
CP_11273,Mary Watson,Individual,UK,Morrow-Barnes Bank
CP_11274,Mayer and Sons Corp,Corporate,China,"Pacheco, Barnett and Diaz Bank"
CP_11275,Buchanan Inc Holdings,Offshore,Seychelles,Harris-Powell Bank
CP_11276,Stout-Baker Holdings,Offshore,BVI,Johnson-Johnson Bank
CP_11277,Oneal Inc Trading,High-Risk,Syria,"Wiggins, Mcintyre and Williams Bank"
CP_11278,Farmer-Sharp Holdings,Offshore,Panama,Moore Inc Bank
CP_11279,Prince-Davis Corp,Corporate,USA,Rodriguez Group Bank
CP_11280,Lucero-Chase Holdings,Offshore,Cayman Islands,"Alexander, Vincent and Pacheco Bank"
CP_11281,Collins Group Holdings,Offshore,Cayman Islands,Anderson-Douglas Bank
CP_11282,Louis Moran,Individual,India,Vasquez-Guerra Bank
CP_11283,"Gonzalez, Robinson and Anderson Corp",Corporate,USA,Perez Inc Bank
CP_11284,Michelle Campbell,Individual,Egypt,"Garcia, Perez and Lopez Bank"
CP_11285,"Turner, Page and Murray Holdings",Offshore,Cayman Islands,"Meyer, Ray and Stephenson Bank"
CP_11286,Murphy LLC Holdings,Offshore,Cayman Islands,"Thomas, Doyle and Rosales Bank"
CP_11287,Rebecca Welch,Individual,India,Petty Inc Bank
CP_11288,Walters and Sons Holdings,Offshore,Panama,Sanders Inc Bank
CP_11289,"Castillo, Mathews and Lopez Trading",High-Risk,Syria,"Sullivan, Haney and Chavez Bank"
CP_11290,Gardner-Wilson Corp,Corporate,Saudi Arabia,Rios-Robertson Bank
CP_11291,Rogers-Stafford Trading,High-Risk,Myanmar,Peterson-Wiggins Bank
CP_11292,"Bryant, Davis and Chase Corp",Corporate,Germany,"Baker, Casey and Simmons Bank"
CP_11293,Oconnell and Sons Trading,High-Risk,Myanmar,Perez Group Bank
CP_11294,Martinez Ltd Corp,Corporate,Saudi Arabia,Martinez-Bailey Bank
CP_11295,Graham-Joyce Corp,Corporate,Germany,Burch PLC Bank
CP_11296,Sanders PLC Corp,Corporate,Germany,Thomas Ltd Bank
CP_11297,Alan Quinn,Individual,UK,Fox-Chan Bank
CP_11298,Kerry Williams,Individual,Philippines,"Cox, Hall and Valentine Bank"
CP_11299,"Jackson, Moore and Becker Holdings",Offshore,Seychelles,"Walters, Montgomery and Bridges Bank"
CP_11300,"Hernandez, Dunlap and Lynch Corp",Corporate,Germany,Ramirez Group Bank
CP_11301,Price-Boyd Holdings,Offshore,Panama,English-Mcdonald Bank
CP_11302,Griffith LLC Corp,Corporate,Saudi Arabia,Jones Ltd Bank
CP_11303,"Barnett, Clark and Quinn Corp",Corporate,Germany,"Chung, Brown and Jenkins Bank"
CP_11304,Castillo and Sons Corp,Corporate,China,Myers and Sons Bank
CP_11305,"Barnes, Vargas and Wright Holdings",Offshore,Cayman Islands,Jones-Richmond Bank
CP_11306,Taylor-Morales Trading,High-Risk,Iran,"Singh, Blackburn and Hernandez Bank"
CP_11307,Thomas-Hill Holdings,Offshore,Cayman Islands,Smith-Wilson Bank
CP_11308,Warren-Ingram Holdings,Offshore,Cayman Islands,"Ruiz, Guerrero and Evans Bank"
CP_11309,Weaver PLC Corp,Corporate,USA,Hernandez-Beard Bank
CP_11310,"Peterson, Nelson and Travis Corp",Corporate,Saudi Arabia,Massey-Scott Bank
CP_11311,"Owens, Richards and Walter Trading",High-Risk,Syria,"Glenn, Freeman and Carter Bank"
CP_11312,"Garcia, Bright and Morrison Corp",Corporate,USA,"Grimes, Allen and Horn Bank"
CP_11313,Copeland-Richmond Holdings,Offshore,Seychelles,Brown-Garcia Bank
CP_11314,Kirby-Oconnor Corp,Corporate,Germany,Bowman-Murphy Bank
CP_11315,Danielle Kelly,Individual,Egypt,Garcia Group Bank
CP_11316,Willis and Sons Trading,High-Risk,Iran,"Hamilton, Baker and Osborn Bank"
CP_11317,"Freeman, Obrien and Cunningham Trading",High-Risk,Iran,"Stone, Schaefer and Reyes Bank"
CP_11318,"Rodriguez, Massey and Day Trading",High-Risk,North Korea,Johnston Inc Bank
CP_11319,Cynthia Carpenter,Individual,India,"Mckee, Fisher and Long Bank"
CP_11320,"Williams, Holland and Alexander Holdings",Offshore,Panama,Berry-Mills Bank
CP_11321,Robin Fuller,Individual,Philippines,Caldwell-Johnson Bank
CP_11322,"White, Mccoy and Murphy Corp",Corporate,Germany,Knapp-Pham Bank
CP_11323,"Bryant, Macdonald and Howard Trading",High-Risk,Myanmar,"Cooper, Beltran and Wright Bank"
CP_11324,Bowers-Nguyen Corp,Corporate,China,"Ritter, Baker and Leon Bank"
CP_11325,Hansen PLC Holdings,Offshore,Cayman Islands,"Morris, Morales and Bailey Bank"
CP_11326,Kirk Inc Holdings,Offshore,Cayman Islands,Bell-Medina Bank
CP_11327,Stewart LLC Corp,Corporate,Germany,Sloan Inc Bank
CP_11328,"Sullivan, Howell and Fowler Trading",High-Risk,Myanmar,Harris-Chase Bank
CP_11329,Bell-Shaffer Holdings,Offshore,Cayman Islands,Fischer-Chung Bank
CP_11330,Brian Perkins,Individual,Pakistan,"Graves, Castro and Sherman Bank"
CP_11331,"Thompson, Montgomery and Jones Holdings",Offshore,BVI,Davis PLC Bank
CP_11332,Mary Phelps,Individual,India,Baldwin PLC Bank
CP_11333,Sanders-Morse Trading,High-Risk,North Korea,Kirk Ltd Bank
CP_11334,Stacy Carter,Individual,Pakistan,"Arellano, Nguyen and Walker Bank"
CP_11335,Sanchez and Sons Holdings,Offshore,Panama,"Haney, Johnson and Walker Bank"
CP_11336,Colleen Golden,Individual,Egypt,Wong-Robinson Bank
CP_11337,Phillips Inc Holdings,Offshore,Cayman Islands,"Webb, Gonzales and Hawkins Bank"
CP_11338,Mrs. Charlotte Stone MD,Individual,India,"Oneal, Werner and Francis Bank"
CP_11339,"Robles, Cox and Solis Trading",High-Risk,Myanmar,Wood-Mccullough Bank
CP_11340,Flores LLC Holdings,Offshore,Cayman Islands,Rubio and Sons Bank
CP_11341,Heath-Andersen Trading,High-Risk,North Korea,Pope PLC Bank
CP_11342,William Mueller,Individual,India,"Erickson, Nichols and Garcia Bank"
CP_11343,Crystal Bailey,Individual,UK,"Newman, Spencer and Galloway Bank"
CP_11344,Adams-Copeland Holdings,Offshore,Panama,Montgomery-Crawford Bank
CP_11345,Brown-Forbes Trading,High-Risk,Iran,Castro PLC Bank
CP_11346,"Brown, Bailey and Dillon Corp",Corporate,USA,Brown LLC Bank
CP_11347,Nathan Hudson,Individual,UK,"Johnson, Harper and Jordan Bank"
CP_11348,Andersen and Sons Trading,High-Risk,Iran,"Hayes, Ryan and Leonard Bank"
CP_11349,Hall-Lindsey Holdings,Offshore,Panama,"Shah, Thomas and Ryan Bank"
CP_11350,"Matthews, Huffman and Arellano Trading",High-Risk,Syria,Joseph LLC Bank
CP_11351,"Wilson, Madden and Austin Trading",High-Risk,Syria,"Gutierrez, Martin and Lee Bank"
CP_11352,"Ayala, Mayo and Houston Holdings",Offshore,Seychelles,Banks Group Bank
CP_11353,Evelyn Davis,Individual,UK,Berry-Rush Bank
CP_11354,Ballard-James Holdings,Offshore,Cayman Islands,Taylor-Cooper Bank
CP_11355,Henry Mann,Individual,Pakistan,Porter-Lopez Bank
CP_11356,Darrell Duke,Individual,Egypt,"Miller, Hayes and Davis Bank"
CP_11357,Smith-Obrien Trading,High-Risk,North Korea,"Brown, Brooks and Jackson Bank"
CP_11358,"Smith, Murphy and Torres Corp",Corporate,Germany,"Elliott, Villarreal and Sosa Bank"
CP_11359,Marc White,Individual,India,Daugherty Inc Bank
CP_11360,"Gaines, Greene and Berry Corp",Corporate,China,Mccarthy-Hobbs Bank
CP_11361,Romero Group Corp,Corporate,Germany,Howell PLC Bank
CP_11362,Aguirre LLC Corp,Corporate,USA,Rodriguez-Vega Bank
CP_11363,"Stone, Mccullough and Jimenez Trading",High-Risk,Iran,"Moore, Austin and Rogers Bank"
CP_11364,Mcfarland-Kelley Holdings,Offshore,Cayman Islands,Bowers-Raymond Bank
CP_11365,Ana Sanchez,Individual,Pakistan,Allen Group Bank
CP_11366,Jared Howard,Individual,UK,Cochran-Browning Bank
CP_11367,"Webster, Garza and Abbott Corp",Corporate,China,Alvarado LLC Bank
CP_11368,"Hart, Park and Boyd Trading",High-Risk,Syria,"Day, Campbell and Taylor Bank"
CP_11369,Carter Ltd Trading,High-Risk,Myanmar,Powell-Bennett Bank
CP_11370,John Morris MD,Individual,UK,Torres-Gay Bank
CP_11371,Townsend-Hale Trading,High-Risk,Syria,"Guerra, Lopez and Davis Bank"
CP_11372,"Adkins, Duncan and Thompson Corp",Corporate,USA,Stevenson-Ferguson Bank
CP_11373,Rasmussen Group Trading,High-Risk,Iran,Bell PLC Bank
CP_11374,Colon Ltd Trading,High-Risk,North Korea,Rodgers-Warren Bank
CP_11375,Hicks Ltd Holdings,Offshore,Cayman Islands,"Williams, Lewis and Bryant Bank"
CP_11376,Daniel Flores,Individual,India,"Harris, Clark and Bowman Bank"
CP_11377,Williams Group Corp,Corporate,Saudi Arabia,Mccullough Inc Bank
CP_11378,Smith-Allen Corp,Corporate,USA,Joyce-Benitez Bank
CP_11379,Watson Group Trading,High-Risk,North Korea,Moore PLC Bank
CP_11380,Michael Macias,Individual,Pakistan,Becker-Mckinney Bank
CP_11381,"Collins, Bentley and Valdez Corp",Corporate,USA,Ortiz-Smith Bank
CP_11382,Jamie Kirby,Individual,Pakistan,Montoya Group Bank
CP_11383,Greene-Sims Corp,Corporate,USA,Williams-Wang Bank
CP_11384,Alvarado and Sons Trading,High-Risk,Syria,Walsh Inc Bank
CP_11385,Barrera Group Corp,Corporate,China,White LLC Bank
CP_11386,Patrick Moses,Individual,Philippines,"Arias, Sanders and Herrera Bank"
CP_11387,Foley-Green Holdings,Offshore,BVI,Foster and Sons Bank
CP_11388,Kristen Jimenez,Individual,UK,Holmes Inc Bank
CP_11389,Mendoza-Rodriguez Corp,Corporate,Germany,Whitaker and Sons Bank
CP_11390,Farmer Inc Trading,High-Risk,Iran,Graham LLC Bank
CP_11391,Rodgers-Ramos Holdings,Offshore,Cayman Islands,Bates PLC Bank
CP_11392,Mack Ltd Trading,High-Risk,Syria,Williams-Smith Bank
CP_11393,Peterson LLC Trading,High-Risk,Syria,Bell and Sons Bank
CP_11394,"Brown, James and Arroyo Corp",Corporate,USA,"Brown, White and Lee Bank"
CP_11395,"Griffith, Johnson and Alexander Trading",High-Risk,North Korea,Guzman LLC Bank
CP_11396,"Martin, Payne and Stewart Trading",High-Risk,Myanmar,Cohen Group Bank
CP_11397,"Ferguson, Montgomery and Jackson Holdings",Offshore,Cayman Islands,Wood-Thomas Bank
CP_11398,Sutton Inc Trading,High-Risk,Myanmar,Smith-Brown Bank
CP_11399,Mack-Wilson Corp,Corporate,Germany,Gill Inc Bank
CP_11400,"Gardner, Smith and Holloway Holdings",Offshore,BVI,Pineda-Newman Bank
CP_11401,Luis Cole,Individual,Pakistan,"Young, Henry and Wright Bank"
CP_11402,"Gibson, Calhoun and Hernandez Holdings",Offshore,Panama,"Suarez, Walker and Mitchell Bank"
CP_11403,"Thompson, Coffey and Kidd Corp",Corporate,USA,Richardson Inc Bank
CP_11404,Trujillo-Thomas Corp,Corporate,USA,Jenkins-Hobbs Bank
CP_11405,Archer and Sons Corp,Corporate,China,"Gomez, Mcmahon and Fisher Bank"
CP_11406,Murray-Chavez Trading,High-Risk,Myanmar,Ford-Morgan Bank
CP_11407,Brandi Moreno,Individual,India,Robinson and Sons Bank
CP_11408,Tiffany Daniel,Individual,Pakistan,"Cox, Ford and Huffman Bank"
CP_11409,Brooks-Parker Holdings,Offshore,Seychelles,Thomas-Rodriguez Bank
CP_11410,Elizabeth Wall,Individual,UK,"Jenkins, Gonzalez and Morgan Bank"
CP_11411,Keller PLC Trading,High-Risk,Myanmar,White-Ramos Bank
CP_11412,"Clark, Bradley and Jackson Holdings",Offshore,Cayman Islands,"Becker, Hammond and Davidson Bank"
CP_11413,"Casey, Gonzalez and Jenkins Trading",High-Risk,Iran,Sanchez-Rodgers Bank
CP_11414,Stewart-Fitzpatrick Holdings,Offshore,Seychelles,"Schmidt, Fuller and Johnson Bank"
CP_11415,Buchanan Inc Holdings,Offshore,Panama,Smith Inc Bank
CP_11416,Brandon Huynh,Individual,Philippines,Harris-Hernandez Bank
CP_11417,Parker Inc Trading,High-Risk,Iran,Hanson-Stewart Bank
CP_11418,Alvarez-Padilla Holdings,Offshore,Cayman Islands,Turner-Lang Bank
CP_11419,Lester and Sons Trading,High-Risk,Myanmar,Perry PLC Bank
CP_11420,Jennifer Hoffman,Individual,Philippines,"Harrison, Lucero and Vaughn Bank"
CP_11421,Cherry Ltd Trading,High-Risk,Myanmar,Blankenship Inc Bank
CP_11422,Taylor Group Holdings,Offshore,Cayman Islands,Gray-Jackson Bank
CP_11423,Michael Meyers,Individual,Egypt,Richards-White Bank
CP_11424,Waller Ltd Corp,Corporate,Saudi Arabia,"Cooper, Morgan and Miller Bank"
CP_11425,Jones-Taylor Trading,High-Risk,Iran,Byrd-Rangel Bank
CP_11426,Haney Ltd Holdings,Offshore,Seychelles,Nixon LLC Bank
CP_11427,Dawson-Rush Holdings,Offshore,Seychelles,Gomez Group Bank
CP_11428,Howell PLC Corp,Corporate,Germany,Frey-Diaz Bank
CP_11429,Lee-Ramirez Corp,Corporate,Germany,"Strong, Johnson and Flores Bank"
CP_11430,Matthew Graves,Individual,Egypt,Cole-Hamilton Bank
CP_11431,Nelson Ltd Trading,High-Risk,Myanmar,Hopkins-Cook Bank
CP_11432,Anderson PLC Trading,High-Risk,Syria,Navarro Inc Bank
CP_11433,James-Conway Holdings,Offshore,Panama,Price-Dominguez Bank
CP_11434,Terry-Rogers Trading,High-Risk,Myanmar,"Nash, Mueller and Russell Bank"
CP_11435,Anderson-Reed Corp,Corporate,USA,Tran-Burns Bank
CP_11436,Thomas Sellers,Individual,Philippines,Trujillo LLC Bank
CP_11437,"Huang, Johnson and Anderson Corp",Corporate,Germany,Sanchez and Sons Bank
CP_11438,Brown-Armstrong Holdings,Offshore,BVI,Maxwell Inc Bank
CP_11439,Adam Roman,Individual,Pakistan,"Jones, Aguilar and Sheppard Bank"
CP_11440,Lynn Rivera,Individual,Pakistan,"Rodriguez, Martinez and Padilla Bank"
CP_11441,Hardin Inc Holdings,Offshore,Cayman Islands,Davis Inc Bank
CP_11442,Hamilton Ltd Holdings,Offshore,Panama,Clark Ltd Bank
CP_11443,Frank Moreno,Individual,Egypt,Roth-Erickson Bank
CP_11444,Jacobs-Lopez Trading,High-Risk,Myanmar,Dennis-Vargas Bank
CP_11445,Ramos PLC Trading,High-Risk,North Korea,Miller and Sons Bank
CP_11446,Thomas-Weaver Holdings,Offshore,Seychelles,Graves Ltd Bank
CP_11447,Lopez LLC Holdings,Offshore,Panama,Martin Ltd Bank
CP_11448,Elizabeth Gutierrez,Individual,India,"Mitchell, Simmons and Summers Bank"
CP_11449,"Allen, Smith and Zamora Holdings",Offshore,Seychelles,"King, Webster and Brown Bank"
CP_11450,Snyder Ltd Corp,Corporate,Germany,Harvey Group Bank
CP_11451,Craig Ltd Corp,Corporate,Germany,Smith-Garner Bank
CP_11452,Kevin Hendricks,Individual,India,Wolfe-Jacobs Bank
CP_11453,Carroll Ltd Corp,Corporate,Saudi Arabia,Hayes-Harmon Bank
CP_11454,Wood-Evans Corp,Corporate,USA,Edwards-Duarte Bank
CP_11455,Perez and Sons Corp,Corporate,USA,Vazquez Group Bank
CP_11456,Hobbs-Nguyen Trading,High-Risk,Myanmar,Ford-Nolan Bank
CP_11457,Charles Christensen,Individual,Philippines,Herring-Marks Bank
CP_11458,James-Berg Trading,High-Risk,Syria,Ross Inc Bank
CP_11459,Robert Whitehead,Individual,Pakistan,Watkins and Sons Bank
CP_11460,Davis Group Corp,Corporate,China,Hernandez-Rogers Bank
CP_11461,Crawford and Sons Corp,Corporate,China,Gallegos-Nash Bank
CP_11462,Perez-Tucker Trading,High-Risk,Iran,"Porter, Graham and York Bank"
CP_11463,Costa-Brown Corp,Corporate,USA,Jones LLC Bank
CP_11464,"Woods, Roberts and Young Corp",Corporate,USA,Lara-Butler Bank
CP_11465,Frye Ltd Corp,Corporate,Saudi Arabia,Morgan LLC Bank
CP_11466,"Montgomery, Carr and George Corp",Corporate,Saudi Arabia,"Campbell, Hardy and Roman Bank"
CP_11467,Wood Group Corp,Corporate,Saudi Arabia,Smith LLC Bank
CP_11468,Sanchez-Blackburn Corp,Corporate,Saudi Arabia,"Hall, Wiggins and Edwards Bank"
CP_11469,Buchanan-Peters Corp,Corporate,USA,"Leon, Hale and Winters Bank"
CP_11470,Harrington-Armstrong Holdings,Offshore,BVI,Erickson PLC Bank
CP_11471,Li and Sons Holdings,Offshore,BVI,Elliott-Zamora Bank
CP_11472,Dixon-Davis Corp,Corporate,USA,Hanson Inc Bank
CP_11473,"Henry, Morrison and Macdonald Trading",High-Risk,Myanmar,"Adams, Cole and Waters Bank"
CP_11474,Desiree Thomas,Individual,Philippines,Wells and Sons Bank
CP_11475,"Smith, Kelly and Oliver Trading",High-Risk,Iran,"Thomas, Nelson and Flores Bank"
CP_11476,Miss Kimberly Holloway,Individual,Philippines,"Lopez, Bradshaw and Jacobs Bank"
CP_11477,Antonio Dyer,Individual,Pakistan,"Lindsey, Campbell and Gibbs Bank"
CP_11478,Haynes-Farrell Holdings,Offshore,Panama,Green-Thomas Bank
CP_11479,Johnson Ltd Trading,High-Risk,Myanmar,Miller-Marshall Bank
CP_11480,Griffin Group Corp,Corporate,USA,"Moore, Wallace and Edwards Bank"
CP_11481,Bryant-Gonzalez Trading,High-Risk,Myanmar,"Chavez, Martin and Anderson Bank"
CP_11482,Martinez LLC Holdings,Offshore,Seychelles,"Woods, Thomas and Decker Bank"
CP_11483,Pierce-Fuller Trading,High-Risk,Myanmar,"Nguyen, Thompson and Austin Bank"
CP_11484,Schneider LLC Trading,High-Risk,North Korea,"Avila, Williams and Hunt Bank"
CP_11485,"Love, Anderson and Brown Corp",Corporate,Saudi Arabia,Taylor Inc Bank
CP_11486,Teresa Young,Individual,UK,Compton-Morgan Bank
CP_11487,Cooper-Jones Holdings,Offshore,Cayman Islands,Gardner-Warren Bank
CP_11488,Jennifer Moore,Individual,Pakistan,Olsen Group Bank
CP_11489,Wilson LLC Holdings,Offshore,Panama,Allen Ltd Bank
CP_11490,"Grant, Williams and Cameron Holdings",Offshore,BVI,Mendoza Inc Bank
CP_11491,Blake and Sons Corp,Corporate,Saudi Arabia,Mason LLC Bank
CP_11492,Avila-Santiago Corp,Corporate,Saudi Arabia,Dixon LLC Bank
CP_11493,Johnson-Espinoza Trading,High-Risk,Myanmar,Pierce-Williams Bank
CP_11494,"Johnson, Perez and Henry Holdings",Offshore,Cayman Islands,Miles-Perkins Bank
CP_11495,Hicks-Calderon Holdings,Offshore,Cayman Islands,Lewis-Herrera Bank
CP_11496,"Garner, Campbell and Hawkins Corp",Corporate,USA,"Price, Davenport and Webster Bank"
CP_11497,Cook-Murphy Holdings,Offshore,Panama,Long-Santos Bank
CP_11498,Jeremy Faulkner,Individual,Pakistan,"Hunt, Sullivan and Lopez Bank"
CP_11499,Hughes Inc Corp,Corporate,China,"Fitzpatrick, Harris and Wolf Bank"
CP_11500,"Burgess, Whitaker and Craig Trading",High-Risk,Iran,"Meyers, Ward and Brown Bank"
CP_11501,"Hall, Zamora and Bridges Corp",Corporate,Germany,Dixon LLC Bank
CP_11502,Robinson and Sons Corp,Corporate,Germany,Clark-Arroyo Bank
CP_11503,Cortez-Ellis Trading,High-Risk,North Korea,Guzman-Martin Bank
CP_11504,Castillo-Carlson Corp,Corporate,USA,"Mathews, Wright and Jensen Bank"
CP_11505,Farrell PLC Holdings,Offshore,Panama,Vincent LLC Bank
CP_11506,Elizabeth James,Individual,Philippines,"Ali, Davis and Richardson Bank"
CP_11507,"Lee, Henderson and Walter Trading",High-Risk,Myanmar,Ramirez Ltd Bank
CP_11508,Evans Inc Corp,Corporate,Saudi Arabia,Turner LLC Bank
CP_11509,Timothy Lucero,Individual,UK,Martinez Ltd Bank
CP_11510,Melanie Johnson,Individual,Egypt,Thompson-Rodriguez Bank
CP_11511,"Young, Kane and Riley Corp",Corporate,Germany,"Nelson, Johnson and Hart Bank"
CP_11512,Michael Lewis,Individual,UK,Gregory-Johnson Bank
CP_11513,Reynolds-Owens Trading,High-Risk,Myanmar,Dudley PLC Bank
CP_11514,Douglas LLC Corp,Corporate,China,"Campbell, Mendoza and Pham Bank"
CP_11515,Lambert and Sons Holdings,Offshore,Cayman Islands,Norris Inc Bank
CP_11516,"Williams, Hart and Vincent Trading",High-Risk,Syria,"Crane, Freeman and Hall Bank"
CP_11517,"Williams, Cox and George Trading",High-Risk,Myanmar,Hoover-Stephens Bank
CP_11518,Hopkins-Watson Corp,Corporate,China,"Fernandez, Flores and Fowler Bank"
CP_11519,Thompson-Morales Trading,High-Risk,Myanmar,Lucero-Saunders Bank
CP_11520,Olsen Group Holdings,Offshore,BVI,"Daniels, Ward and Reynolds Bank"
CP_11521,Stacey Cook,Individual,Philippines,Brewer-Hayes Bank
CP_11522,Melanie Preston,Individual,Egypt,Hunter-Heath Bank
CP_11523,"Thomas, Peterson and Chen Holdings",Offshore,Seychelles,"Moore, Lindsey and Taylor Bank"
CP_11524,Christine Steele,Individual,Egypt,Colon Inc Bank
CP_11525,"Stephens, Stone and Johnston Corp",Corporate,Germany,Michael-Ortega Bank
CP_11526,Darrell Mckinney,Individual,Philippines,Burns-Nguyen Bank
CP_11527,Kelley-Foster Corp,Corporate,China,"Weiss, Robinson and Bell Bank"
CP_11528,Paul Rodriguez,Individual,India,"Schneider, Moore and Benson Bank"
CP_11529,Michelle Barry,Individual,India,"Marsh, Simpson and Moon Bank"
CP_11530,"Clements, Allen and Sullivan Holdings",Offshore,Seychelles,Weaver Inc Bank
CP_11531,Johnson Inc Trading,High-Risk,Iran,Martinez-Lopez Bank
CP_11532,"Jones, King and Tapia Corp",Corporate,China,Duffy-Stanley Bank
CP_11533,Wolfe LLC Holdings,Offshore,Cayman Islands,Hughes-Clark Bank
CP_11534,Harvey-Gillespie Holdings,Offshore,Panama,"Mendez, Williams and Henry Bank"
CP_11535,Porter LLC Corp,Corporate,Saudi Arabia,Scott Group Bank
CP_11536,Janet Ryan,Individual,Pakistan,Henderson PLC Bank
CP_11537,Heather Mata,Individual,UK,Vang-James Bank
CP_11538,Olivia Miller,Individual,UK,Stephens-Miller Bank
CP_11539,Michelle Nielsen,Individual,Philippines,James-Rogers Bank
CP_11540,"Riggs, Johnson and Collins Corp",Corporate,Germany,"Bond, Robinson and Jenkins Bank"
CP_11541,Carl Huffman,Individual,Pakistan,Walls Group Bank
CP_11542,Christopher Hill,Individual,Pakistan,"Price, Buckley and Valdez Bank"
CP_11543,King Inc Corp,Corporate,USA,"Black, Thompson and Hayes Bank"
CP_11544,Williams PLC Trading,High-Risk,Myanmar,Simmons-Mcdaniel Bank
CP_11545,Gonzalez Group Holdings,Offshore,BVI,Smith Ltd Bank
CP_11546,"Whitehead, Barton and Williams Holdings",Offshore,Panama,Walker Ltd Bank
CP_11547,Katherine Reeves,Individual,India,"Gould, Wilson and Martin Bank"
CP_11548,William Jacobs,Individual,Pakistan,Kim LLC Bank
CP_11549,Jessica Erickson,Individual,India,"Richardson, Stephens and Barnes Bank"
CP_11550,Ramirez PLC Corp,Corporate,Saudi Arabia,"Henderson, Brown and Baker Bank"
CP_11551,"Howard, Morales and Calhoun Trading",High-Risk,Iran,Martinez and Sons Bank
CP_11552,Cody Gonzalez,Individual,Egypt,"Barajas, Brooks and Baker Bank"
CP_11553,Arellano Ltd Trading,High-Risk,Iran,Perkins Inc Bank
CP_11554,"Williams, Harris and Evans Trading",High-Risk,North Korea,"Miles, Smith and Brown Bank"
CP_11555,Rodriguez Ltd Trading,High-Risk,North Korea,Richards-Smith Bank
CP_11556,Breanna Mccall,Individual,Philippines,Solis-Lopez Bank
CP_11557,Mendoza-Lewis Trading,High-Risk,Syria,Hughes Ltd Bank
CP_11558,"Weaver, Lara and Thomas Holdings",Offshore,Panama,Hodge and Sons Bank
CP_11559,Andrea Palmer,Individual,UK,Knight and Sons Bank
CP_11560,"Molina, Franco and Ward Holdings",Offshore,Panama,Clayton Group Bank
CP_11561,Goodwin Inc Holdings,Offshore,Panama,Norman-Johnson Bank
CP_11562,"Barber, Brooks and Cole Corp",Corporate,Germany,Goodman and Sons Bank
CP_11563,Travis Hicks,Individual,Egypt,Lucas-Campos Bank
CP_11564,Allen PLC Corp,Corporate,Germany,Crawford-Jones Bank
CP_11565,"Johnson, Jones and Miller Holdings",Offshore,BVI,Mejia Inc Bank
CP_11566,Ramirez-Campbell Trading,High-Risk,North Korea,"Roman, Stark and Turner Bank"
CP_11567,"Jacobs, Calhoun and Wyatt Corp",Corporate,Germany,Dixon-Hughes Bank
CP_11568,Melissa Dominguez,Individual,Egypt,"Jacobs, Guerrero and Berry Bank"
CP_11569,Rogers-Holt Trading,High-Risk,Iran,Patel-Jensen Bank
CP_11570,King LLC Trading,High-Risk,North Korea,Baxter-Wheeler Bank
CP_11571,Edwards LLC Trading,High-Risk,North Korea,Knight LLC Bank
CP_11572,Lee-Rogers Corp,Corporate,Germany,"Jenkins, Baker and Coleman Bank"
CP_11573,"Lopez, Austin and Buchanan Corp",Corporate,USA,"Phillips, Mcdaniel and Ward Bank"
CP_11574,"Tran, Harris and Ford Holdings",Offshore,Seychelles,"Thompson, Hardy and Walter Bank"
CP_11575,"Wright, George and Schultz Corp",Corporate,China,White-Holland Bank
CP_11576,Brooks-Myers Holdings,Offshore,Cayman Islands,"Nelson, Carroll and Medina Bank"
CP_11577,Larry King,Individual,Philippines,Li-Riggs Bank
CP_11578,Jones LLC Holdings,Offshore,Seychelles,Gibson-Ewing Bank
CP_11579,"Nicholson, Dixon and Fisher Holdings",Offshore,Seychelles,Williams-Patterson Bank
CP_11580,Larson-Alvarez Holdings,Offshore,Cayman Islands,Edwards-Taylor Bank
CP_11581,Ward Inc Trading,High-Risk,Syria,Boone LLC Bank
CP_11582,Joseph Anderson,Individual,Pakistan,Frost Ltd Bank
CP_11583,Harris-Vance Trading,High-Risk,North Korea,"Brown, Rodriguez and Davila Bank"
CP_11584,"Ramirez, Jordan and Hall Corp",Corporate,USA,"Munoz, Walton and Reilly Bank"
CP_11585,David Johnson,Individual,Egypt,"Stewart, Robinson and Shaffer Bank"
CP_11586,Harris-Jensen Trading,High-Risk,Myanmar,Davis Ltd Bank
CP_11587,"Irwin, Nelson and Tucker Holdings",Offshore,Cayman Islands,Sanchez Group Bank
CP_11588,Joe Martin,Individual,Egypt,Lowery LLC Bank
CP_11589,Smith Ltd Corp,Corporate,USA,Graham-Valencia Bank
CP_11590,Jill Hall,Individual,Egypt,Ortiz Group Bank
CP_11591,Patrick Cruz,Individual,UK,"Christensen, Johnson and Hubbard Bank"
CP_11592,Macias Group Corp,Corporate,Saudi Arabia,Clarke-Warren Bank
CP_11593,Jonathan Gilbert,Individual,India,Obrien-Watson Bank
CP_11594,"Jones, Hood and Vega Corp",Corporate,Germany,French and Sons Bank
CP_11595,Edwards Group Holdings,Offshore,Panama,Wright-Roberts Bank
CP_11596,Gray Group Corp,Corporate,USA,Parks PLC Bank
CP_11597,Michael Chavez,Individual,UK,Price LLC Bank
CP_11598,James-Henry Holdings,Offshore,Seychelles,"Griffin, Coleman and Kim Bank"
CP_11599,Perez-Richardson Holdings,Offshore,BVI,Mendoza-Jackson Bank
CP_11600,"Newman, George and Patrick Holdings",Offshore,Seychelles,Werner LLC Bank
CP_11601,Hodges Inc Trading,High-Risk,Myanmar,"Moon, Davis and Dominguez Bank"
CP_11602,Wright PLC Corp,Corporate,China,Chavez-Carter Bank
CP_11603,Ramirez-Moon Holdings,Offshore,Seychelles,Ortiz and Sons Bank
CP_11604,"Jones, Wiggins and Oliver Holdings",Offshore,Cayman Islands,"Pena, Mueller and Mckay Bank"
CP_11605,Casey Kelley,Individual,Egypt,Jacobson-Young Bank
CP_11606,Morrison Inc Holdings,Offshore,BVI,Mejia LLC Bank
CP_11607,Ferguson Group Corp,Corporate,Saudi Arabia,"Hodges, Cummings and Hernandez Bank"
CP_11608,Sanchez Inc Corp,Corporate,USA,Foley-Miranda Bank
CP_11609,Alicia Wagner,Individual,Philippines,Long and Sons Bank
CP_11610,Harrison and Sons Holdings,Offshore,BVI,Hensley LLC Bank
CP_11611,Diana Sanchez,Individual,Philippines,Mckinney Ltd Bank
CP_11612,Martin PLC Holdings,Offshore,BVI,Jones Group Bank
CP_11613,Smith Group Trading,High-Risk,North Korea,"Lindsey, Byrd and Foster Bank"
CP_11614,"Barber, Oneal and Owens Trading",High-Risk,Myanmar,"Harding, Gomez and Jacobs Bank"
CP_11615,"Monroe, Sullivan and King Corp",Corporate,USA,Jackson-Hodge Bank
CP_11616,Ballard and Sons Corp,Corporate,USA,Greene LLC Bank
CP_11617,Wilson-Strong Trading,High-Risk,Iran,Bennett-Brooks Bank
CP_11618,Freeman-Christensen Trading,High-Risk,North Korea,Graham Ltd Bank
CP_11619,Cole PLC Holdings,Offshore,Panama,"Taylor, Leon and Sanders Bank"
CP_11620,Smith and Sons Corp,Corporate,Saudi Arabia,King-Ross Bank
CP_11621,"Marshall, Khan and Ford Trading",High-Risk,North Korea,Moyer-Sanchez Bank
CP_11622,Prince Inc Corp,Corporate,China,Brooks-Bell Bank
CP_11623,Eaton-Wiggins Corp,Corporate,USA,George LLC Bank
CP_11624,Kristen Williams,Individual,Philippines,Jones-Rivera Bank
CP_11625,Weeks-Martin Trading,High-Risk,Syria,Thomas Ltd Bank
CP_11626,"Nelson, Johnson and Robinson Corp",Corporate,USA,"Watson, West and Cook Bank"
CP_11627,Hannah Nguyen,Individual,UK,Williams-Black Bank
CP_11628,Stephenson Group Trading,High-Risk,Myanmar,Gallagher-Johnson Bank
CP_11629,"Chandler, Knight and Jones Holdings",Offshore,Cayman Islands,Fitzpatrick Group Bank
CP_11630,Guerrero-Gonzales Holdings,Offshore,Cayman Islands,"Reid, Thomas and Gill Bank"
CP_11631,Luis Hill,Individual,India,Williams LLC Bank
CP_11632,Casey Barnes,Individual,India,Butler and Sons Bank
CP_11633,Payne-Scott Holdings,Offshore,Seychelles,Smith Inc Bank
CP_11634,Andrew Acosta,Individual,India,Robinson and Sons Bank
CP_11635,"Snyder, Miller and Stevens Holdings",Offshore,Seychelles,Jensen-Krause Bank
CP_11636,Sosa-Scott Corp,Corporate,Germany,"Kelley, Valenzuela and Harmon Bank"
CP_11637,"Ortega, Rose and Contreras Holdings",Offshore,Seychelles,"Lawrence, Fleming and Drake Bank"
CP_11638,Perez Inc Holdings,Offshore,Panama,Webb-Murphy Bank
CP_11639,"Turner, Kaufman and Esparza Corp",Corporate,USA,Crane LLC Bank
CP_11640,Rodriguez-Hernandez Holdings,Offshore,Panama,Richard and Sons Bank
CP_11641,Marshall and Sons Corp,Corporate,China,Terry PLC Bank
CP_11642,Patrick Barnes,Individual,India,Evans-Sanchez Bank
CP_11643,Tiffany Bates,Individual,Pakistan,Howe-Brown Bank
CP_11644,Briggs-Moore Holdings,Offshore,Cayman Islands,Good-Cook Bank
CP_11645,Eric Tucker,Individual,India,Reilly-Sanders Bank
CP_11646,Jeffrey Young,Individual,UK,Bishop and Sons Bank
CP_11647,Moore-Murphy Trading,High-Risk,Iran,Castaneda-Garcia Bank
CP_11648,Hogan Inc Holdings,Offshore,Cayman Islands,Fernandez Group Bank
CP_11649,Michael Ltd Holdings,Offshore,Cayman Islands,"Hernandez, Williams and Ruiz Bank"
CP_11650,Anderson LLC Trading,High-Risk,Myanmar,"Jennings, Serrano and Howard Bank"
CP_11651,"Miller, Martin and Collins Holdings",Offshore,Cayman Islands,Williams PLC Bank
CP_11652,Mcneil PLC Holdings,Offshore,Seychelles,Underwood and Sons Bank
CP_11653,Stephanie Holloway,Individual,India,Rodriguez-Watkins Bank
CP_11654,"Copeland, Jones and Salazar Holdings",Offshore,BVI,Brown PLC Bank
CP_11655,Moore-Parsons Holdings,Offshore,Seychelles,"Davis, Obrien and Barker Bank"
CP_11656,Long LLC Trading,High-Risk,Myanmar,"Martin, Kennedy and Chavez Bank"
CP_11657,"Torres, Valdez and Briggs Trading",High-Risk,Myanmar,Roman-Young Bank
CP_11658,Wade-Clark Corp,Corporate,USA,Hernandez-Moore Bank
CP_11659,Brown Inc Holdings,Offshore,Panama,Rodriguez Group Bank
CP_11660,Hernandez Inc Trading,High-Risk,North Korea,Townsend-Watts Bank
CP_11661,"Allen, Olson and Ortiz Trading",High-Risk,Syria,"Barnett, Powers and Daniel Bank"
CP_11662,Pineda-Clark Corp,Corporate,USA,Douglas-Diaz Bank
CP_11663,Lee-Jones Corp,Corporate,Saudi Arabia,Randall LLC Bank
CP_11664,Robert Ford,Individual,UK,Bowers-Huffman Bank
CP_11665,Anderson-Murphy Trading,High-Risk,North Korea,"Henderson, Edwards and Sexton Bank"
CP_11666,Melissa Smith,Individual,Philippines,Best Group Bank
CP_11667,Tucker LLC Corp,Corporate,USA,Williams and Sons Bank
CP_11668,Larry Krueger,Individual,India,Le Group Bank
CP_11669,Townsend Ltd Trading,High-Risk,North Korea,Dawson-Mcbride Bank
CP_11670,Aaron Webb,Individual,India,"Harris, Hernandez and Becker Bank"
CP_11671,Natasha Hill,Individual,Philippines,Preston-Chaney Bank
CP_11672,"House, Gonzalez and Carrillo Trading",High-Risk,Syria,"Mcbride, Gibson and Ball Bank"
CP_11673,"Roberts, Shea and Bryant Trading",High-Risk,Iran,Cook-Russell Bank
CP_11674,"Hanna, Brown and Gallegos Trading",High-Risk,Myanmar,Hickman-Sloan Bank
CP_11675,"Armstrong, Leblanc and Davenport Corp",Corporate,China,Cole LLC Bank
CP_11676,"Phelps, Montoya and Barnett Holdings",Offshore,Seychelles,"King, Baker and Schmidt Bank"
CP_11677,Walker Group Trading,High-Risk,North Korea,Sanders Group Bank
CP_11678,Benjamin LLC Holdings,Offshore,BVI,"Olsen, Payne and Butler Bank"
CP_11679,Tiffany Norton,Individual,UK,"French, Mack and Alvarado Bank"
CP_11680,Zhang-Lewis Holdings,Offshore,Seychelles,"Tran, Chan and Wyatt Bank"
CP_11681,Castro-Murphy Trading,High-Risk,North Korea,"Douglas, Smith and Jordan Bank"
CP_11682,Lucas-Potts Corp,Corporate,Germany,Garcia Ltd Bank
CP_11683,"Scott, Sandoval and Powers Corp",Corporate,China,Martin-Simmons Bank
CP_11684,Heather Hubbard,Individual,Egypt,Collins-Daniels Bank
CP_11685,"Fowler, Jones and Moore Trading",High-Risk,North Korea,Farrell Inc Bank
CP_11686,Jones LLC Corp,Corporate,Germany,Wilson Group Bank
CP_11687,Martinez-Miranda Holdings,Offshore,Panama,"Marshall, Martinez and Contreras Bank"
CP_11688,Floyd-Kelly Corp,Corporate,Germany,Gomez Group Bank
CP_11689,Gardner LLC Holdings,Offshore,Panama,"Smith, Sloan and Brock Bank"
CP_11690,Gay and Sons Holdings,Offshore,BVI,Peterson PLC Bank
CP_11691,"Nichols, Mendoza and Middleton Trading",High-Risk,Myanmar,"Bell, Peterson and Price Bank"
CP_11692,Garcia-Hunt Trading,High-Risk,Myanmar,Lewis-Lee Bank
CP_11693,Patricia Adkins,Individual,India,Cherry Ltd Bank
CP_11694,Davenport Group Trading,High-Risk,Syria,"Townsend, Hughes and Day Bank"
CP_11695,Andrew Chavez,Individual,Philippines,Duncan Inc Bank
CP_11696,Taylor Wong MD,Individual,Philippines,Montes Group Bank
CP_11697,Anderson Inc Trading,High-Risk,Iran,"Meyer, Miranda and Watkins Bank"
CP_11698,Snyder-Ferrell Corp,Corporate,USA,"Juarez, Wilson and Cochran Bank"
CP_11699,Margaret Sanchez,Individual,India,"Short, Carter and Trevino Bank"
CP_11700,Crosby Ltd Trading,High-Risk,Syria,Dominguez Group Bank
CP_11701,Mrs. Sarah Zavala DVM,Individual,Philippines,Jones-Parker Bank
CP_11702,Alexander Zavala,Individual,Pakistan,Lopez-Davis Bank
CP_11703,Velazquez PLC Trading,High-Risk,Iran,"York, Cox and Davis Bank"
CP_11704,Tate-Flores Holdings,Offshore,BVI,White and Sons Bank
CP_11705,Angela Williams,Individual,Philippines,Skinner-Pierce Bank
CP_11706,"Durham, Miller and Marquez Corp",Corporate,Saudi Arabia,"Berg, Payne and Escobar Bank"
CP_11707,"Evans, Woodard and Goodwin Holdings",Offshore,Panama,Collins Group Bank
CP_11708,Barrett LLC Trading,High-Risk,Iran,"Williams, Jones and Rush Bank"
CP_11709,Ashley Woods,Individual,UK,Pacheco-Sullivan Bank
CP_11710,Baker PLC Corp,Corporate,China,"Jacobson, Wright and Cook Bank"
CP_11711,Wong PLC Holdings,Offshore,Panama,"Delacruz, Mccoy and Smith Bank"
CP_11712,Daniel and Sons Corp,Corporate,China,Rojas Ltd Bank
CP_11713,"Allen, Russell and Maldonado Holdings",Offshore,Seychelles,Ray-Blair Bank
CP_11714,Vasquez and Sons Corp,Corporate,USA,Jordan PLC Bank
CP_11715,"Price, Bryan and Carter Trading",High-Risk,Myanmar,Sullivan PLC Bank
CP_11716,Kenneth Adams,Individual,Pakistan,"Chase, Martinez and Fisher Bank"
CP_11717,"Jacobs, Smith and Wilson Holdings",Offshore,BVI,"Lee, King and Anderson Bank"
CP_11718,Martin Wilson,Individual,India,"Wright, Dawson and Hall Bank"
CP_11719,Mcgee Ltd Trading,High-Risk,Syria,Sutton and Sons Bank
CP_11720,Hill Inc Corp,Corporate,USA,"Smith, Clark and Rodriguez Bank"
CP_11721,"Smith, Rodriguez and Clark Corp",Corporate,USA,Thomas Ltd Bank
CP_11722,Melton LLC Corp,Corporate,Saudi Arabia,Gray-Stone Bank
CP_11723,Ramos-Harris Corp,Corporate,USA,"Thomas, Price and Lopez Bank"
CP_11724,"Hodge, Bates and Burns Trading",High-Risk,Syria,Kim-King Bank
CP_11725,Christopher Harrington,Individual,Egypt,Goodman PLC Bank
CP_11726,Harris-Rodriguez Corp,Corporate,Saudi Arabia,Taylor-Ramirez Bank
CP_11727,Hammond-Kennedy Trading,High-Risk,Iran,"Brown, Gibson and Turner Bank"
CP_11728,Curtis Shields,Individual,Philippines,Stuart-Nelson Bank
CP_11729,Mr. Casey Norman,Individual,UK,"Tucker, Robinson and Fry Bank"
CP_11730,"May, Thomas and Adams Holdings",Offshore,Panama,Boyd-Vaughn Bank
CP_11731,Atkins-Black Holdings,Offshore,BVI,Francis-Smith Bank
CP_11732,"Krueger, Rodriguez and Roach Corp",Corporate,USA,Pacheco-Todd Bank
CP_11733,"Velazquez, Foley and Andrews Holdings",Offshore,Seychelles,"Weeks, Burton and Madden Bank"
CP_11734,Hernandez Inc Corp,Corporate,Germany,Mack-Carrillo Bank
CP_11735,Bradley-Smith Trading,High-Risk,Syria,Lopez Ltd Bank
CP_11736,Le-Coleman Corp,Corporate,Saudi Arabia,"Ballard, Willis and Fuller Bank"
CP_11737,"Wilkinson, Guzman and Elliott Corp",Corporate,China,James PLC Bank
CP_11738,Zamora LLC Holdings,Offshore,Panama,Hodge LLC Bank
CP_11739,Blake-Patel Holdings,Offshore,Cayman Islands,Perez-Bernard Bank
CP_11740,Norris Inc Holdings,Offshore,BVI,"Huang, Hall and Delacruz Bank"
CP_11741,Mcdonald PLC Trading,High-Risk,North Korea,"Jones, Becker and Daugherty Bank"
CP_11742,Chad Rojas,Individual,UK,Wood Inc Bank
CP_11743,Smith-Matthews Trading,High-Risk,North Korea,Esparza Ltd Bank
CP_11744,"Wu, Orozco and Davis Trading",High-Risk,North Korea,Carr Inc Bank
CP_11745,Moody-Herrera Holdings,Offshore,BVI,"Mays, Allen and Alvarez Bank"
CP_11746,Weaver-Sandoval Corp,Corporate,USA,"Chandler, Howe and Burns Bank"
CP_11747,Flynn LLC Corp,Corporate,Saudi Arabia,Davis PLC Bank
CP_11748,Buckley LLC Holdings,Offshore,BVI,Simmons LLC Bank
CP_11749,Mullins-Hawkins Holdings,Offshore,Panama,Johnson Inc Bank
CP_11750,"Armstrong, Contreras and Lee Corp",Corporate,USA,Young Inc Bank
CP_11751,Christina Clark,Individual,India,Phillips Inc Bank
CP_11752,"Cole, Montgomery and Johnson Holdings",Offshore,Seychelles,"Barr, Harris and Burton Bank"
CP_11753,Davenport-Reynolds Holdings,Offshore,Seychelles,"Brown, Santana and Wells Bank"
CP_11754,Jackson Inc Corp,Corporate,USA,"Thompson, Cameron and Fisher Bank"
CP_11755,Duran and Sons Trading,High-Risk,Iran,Hernandez Inc Bank
CP_11756,Perez-Hess Holdings,Offshore,BVI,Reeves-Reeves Bank
CP_11757,Kiara Santana,Individual,Pakistan,"Nolan, Stark and Joyce Bank"
CP_11758,Brooke Osborn,Individual,Philippines,"Guerrero, Lewis and Cole Bank"
CP_11759,Carr Group Corp,Corporate,China,Stewart-Obrien Bank
CP_11760,"Yates, Houston and Gonzalez Trading",High-Risk,Iran,Bennett-Nichols Bank
CP_11761,Baxter Inc Holdings,Offshore,Seychelles,"Martinez, Brown and Mclaughlin Bank"
CP_11762,"Herring, Wilson and Mendoza Corp",Corporate,Germany,"Carpenter, Rojas and Taylor Bank"
CP_11763,"White, Liu and Lindsey Corp",Corporate,Saudi Arabia,Odonnell PLC Bank
CP_11764,Kimberly Jones,Individual,Egypt,"Tran, Morgan and Medina Bank"
CP_11765,Green-Dunn Trading,High-Risk,Iran,Williams Group Bank
CP_11766,Christine Pratt,Individual,Egypt,Hale Inc Bank
CP_11767,"Hernandez, Ramos and Henderson Trading",High-Risk,North Korea,"Payne, Rojas and Morris Bank"
CP_11768,Donald Boone,Individual,India,Johnson Inc Bank
CP_11769,Rowe Ltd Trading,High-Risk,North Korea,Roy Ltd Bank
CP_11770,Frank Todd,Individual,Pakistan,"Willis, Miller and Lee Bank"
CP_11771,Gonzales PLC Trading,High-Risk,Iran,"Watson, Cobb and Goodman Bank"
CP_11772,Michelle Mcneil,Individual,Pakistan,Gray-Wilson Bank
CP_11773,"Brewer, Goodwin and Green Trading",High-Risk,Myanmar,Gardner and Sons Bank
CP_11774,"Barnett, Fernandez and Mitchell Corp",Corporate,Germany,"Kent, Jones and Thompson Bank"
CP_11775,Mason-Kramer Corp,Corporate,USA,Gray-Williams Bank
CP_11776,Mcdonald-Williams Corp,Corporate,Saudi Arabia,Smith LLC Bank
CP_11777,Gray Ltd Holdings,Offshore,BVI,Davis-Ramsey Bank
CP_11778,Moreno-Sullivan Corp,Corporate,China,"Martinez, Gutierrez and Salinas Bank"
CP_11779,"Perez, Morris and Stanley Trading",High-Risk,North Korea,Collins-Jackson Bank
CP_11780,Monica Tran,Individual,India,Weber Inc Bank
CP_11781,Clark-Ortiz Trading,High-Risk,North Korea,"Grant, Montgomery and Buchanan Bank"
CP_11782,Barton Ltd Holdings,Offshore,Seychelles,"Lopez, Brown and Adams Bank"
CP_11783,Bryan Myers,Individual,Philippines,"Martinez, Peters and Moreno Bank"
CP_11784,Mario Green,Individual,Philippines,"Thompson, Fry and Jimenez Bank"
CP_11785,Black Group Corp,Corporate,China,"Gallagher, Rice and Brown Bank"
CP_11786,Allen-Nunez Trading,High-Risk,Myanmar,Horton PLC Bank
CP_11787,Molly Boyd,Individual,Philippines,"Caldwell, Cross and Russell Bank"
CP_11788,David Barnes,Individual,India,"Anderson, Bowen and Kirk Bank"
CP_11789,Lewis-Collins Corp,Corporate,Saudi Arabia,Miller-Marks Bank
CP_11790,Carter-Hendrix Trading,High-Risk,Iran,Moore-Shah Bank
CP_11791,Todd-Cline Trading,High-Risk,North Korea,Lopez and Sons Bank
CP_11792,Jackie Stephens,Individual,Egypt,Carter Ltd Bank
CP_11793,Barnett Group Holdings,Offshore,Panama,Parker-Conner Bank
CP_11794,Palmer-Choi Trading,High-Risk,Myanmar,"Wagner, Hull and Ingram Bank"
CP_11795,"Rodriguez, Allen and Terry Holdings",Offshore,Seychelles,"White, Haas and Rivera Bank"
CP_11796,Owens Ltd Holdings,Offshore,Cayman Islands,Nunez LLC Bank
CP_11797,Michael Brown,Individual,Egypt,Allen-Hendricks Bank
CP_11798,Booker LLC Holdings,Offshore,Seychelles,Poole LLC Bank
CP_11799,"Edwards, Fletcher and Foster Corp",Corporate,Germany,Roman Inc Bank
CP_11800,Davis PLC Holdings,Offshore,Cayman Islands,Fox-Griffith Bank
CP_11801,Stephens PLC Corp,Corporate,China,Allen Inc Bank
CP_11802,"Shelton, Vasquez and Taylor Corp",Corporate,Saudi Arabia,"Morris, Perez and Khan Bank"
CP_11803,Miranda Huber,Individual,Philippines,"Juarez, Crawford and Nixon Bank"
CP_11804,Davis-Yu Trading,High-Risk,Syria,Maxwell-Cortez Bank
CP_11805,"Snow, Smith and Lopez Corp",Corporate,Germany,Osborn Inc Bank
CP_11806,"Rodriguez, Osborne and Rodriguez Holdings",Offshore,BVI,Monroe PLC Bank
CP_11807,Sanchez Group Corp,Corporate,Saudi Arabia,Kennedy-Warner Bank
CP_11808,Daniel-Morrow Holdings,Offshore,Panama,"Wilson, Hardy and Perry Bank"
CP_11809,Khan Ltd Trading,High-Risk,North Korea,Myers PLC Bank
CP_11810,Anderson-Brown Holdings,Offshore,Cayman Islands,Munoz-Stokes Bank
CP_11811,"Fowler, Andrews and Rodriguez Trading",High-Risk,Syria,Perez-Sanders Bank
CP_11812,Cooper-Johnson Holdings,Offshore,BVI,Avila Group Bank
CP_11813,Jackson Ltd Corp,Corporate,USA,David PLC Bank
CP_11814,"Wagner, Jones and Hayes Holdings",Offshore,Seychelles,Morgan-Jones Bank
CP_11815,Peck-Dominguez Holdings,Offshore,BVI,"Carter, Stone and Russell Bank"
CP_11816,"Williams, Richardson and Smith Trading",High-Risk,North Korea,Young-Walls Bank
CP_11817,Graham-Gibbs Corp,Corporate,Saudi Arabia,Stone Inc Bank
CP_11818,Carl Deleon,Individual,India,Mcmillan and Sons Bank
CP_11819,Amy Dyer,Individual,Philippines,Myers-Wilkerson Bank
CP_11820,Seth Johnson,Individual,India,Cohen Inc Bank
CP_11821,Bentley-Lewis Trading,High-Risk,Myanmar,Saunders LLC Bank
CP_11822,Heather Roth,Individual,Egypt,"Pierce, Graham and Rodriguez Bank"
CP_11823,Karina Hines,Individual,Pakistan,"Barrera, Howell and Riggs Bank"
CP_11824,Roberts-Mccarty Trading,High-Risk,North Korea,Allen PLC Bank
CP_11825,Joseph West,Individual,Pakistan,Cooper and Sons Bank
CP_11826,Michael Pierce,Individual,Pakistan,"Taylor, Williams and Hall Bank"
CP_11827,Mendez-Martinez Holdings,Offshore,Panama,Estrada Group Bank
CP_11828,"Benson, Obrien and Williams Trading",High-Risk,Syria,Kaiser-Carpenter Bank
CP_11829,Pratt LLC Corp,Corporate,Germany,"White, Smith and Cowan Bank"
CP_11830,Aguilar-Martin Trading,High-Risk,Syria,"Mccarthy, Hanson and Garrett Bank"
CP_11831,"Armstrong, Bennett and Deleon Trading",High-Risk,North Korea,Greer-May Bank
CP_11832,Nichole Lowe,Individual,UK,Davis-Boyd Bank
CP_11833,Nichols LLC Corp,Corporate,Saudi Arabia,"Cruz, Crane and Wright Bank"
CP_11834,Cunningham-Phillips Holdings,Offshore,BVI,"Clay, Hudson and Sparks Bank"
CP_11835,Ashley and Sons Trading,High-Risk,North Korea,Lopez and Sons Bank
CP_11836,Deleon-Parsons Corp,Corporate,USA,Powell-Castro Bank
CP_11837,Jennifer Lyons,Individual,UK,"Kennedy, Sanders and Wilson Bank"
CP_11838,Compton-Johnson Corp,Corporate,Germany,Thompson-Lewis Bank
CP_11839,"Hahn, Ramsey and Meyer Holdings",Offshore,Cayman Islands,Nguyen Ltd Bank
CP_11840,"Velez, Santos and Roach Holdings",Offshore,BVI,"Taylor, Prince and Sherman Bank"
CP_11841,Clayton-Merritt Trading,High-Risk,Myanmar,Clay-Wilson Bank
CP_11842,Barrera PLC Trading,High-Risk,North Korea,"Hamilton, Johnson and Ballard Bank"
CP_11843,Jennifer Hines,Individual,Philippines,"Rhodes, Hamilton and Adams Bank"
CP_11844,"Reyes, Gray and Russell Corp",Corporate,Saudi Arabia,Mclean and Sons Bank
CP_11845,Hoffman Group Corp,Corporate,USA,Powers Ltd Bank
CP_11846,Pamela Aguirre,Individual,Egypt,Duncan-Hooper Bank
CP_11847,King and Sons Trading,High-Risk,Iran,Ross-Hernandez Bank
CP_11848,Patricia Atkinson,Individual,India,Garrett-Williams Bank
CP_11849,Wall and Sons Corp,Corporate,Germany,Goodwin-Smith Bank
CP_11850,Kayla Burke,Individual,Pakistan,Brown-Brown Bank
CP_11851,Gordon-Jones Holdings,Offshore,Panama,"Lee, Salazar and Colon Bank"
CP_11852,Allison Dougherty,Individual,UK,Rose-Salazar Bank
CP_11853,Miller-Soto Holdings,Offshore,Panama,Hodge LLC Bank
CP_11854,Chavez and Sons Trading,High-Risk,Iran,"Boyd, Wiggins and Avery Bank"
CP_11855,Lori Williams,Individual,UK,Walker-Ramirez Bank
CP_11856,Huang Group Trading,High-Risk,Myanmar,George-Myers Bank
CP_11857,Klein Group Holdings,Offshore,Seychelles,Barber Group Bank
CP_11858,"Anderson, Taylor and Smith Corp",Corporate,China,Reese Group Bank
CP_11859,Samantha Livingston,Individual,Egypt,Hendrix PLC Bank
CP_11860,Lindsay Hammond,Individual,Pakistan,Johnson-Zuniga Bank
CP_11861,"Ferguson, Jones and Lee Trading",High-Risk,Myanmar,Chavez Inc Bank
CP_11862,Tiffany Edwards,Individual,Egypt,"Arias, Harris and Moon Bank"
CP_11863,Rodriguez-Stephens Holdings,Offshore,BVI,Marshall and Sons Bank
CP_11864,Gregory Inc Trading,High-Risk,North Korea,"Martin, James and Robinson Bank"
CP_11865,Young-Palmer Trading,High-Risk,Iran,"Stewart, Mcdonald and Payne Bank"
CP_11866,Bennett-Lee Trading,High-Risk,Syria,Jones-Contreras Bank
CP_11867,Parker-Watkins Corp,Corporate,USA,"Ali, Lin and Morris Bank"
CP_11868,Lin LLC Corp,Corporate,Saudi Arabia,"Williams, Roth and Reynolds Bank"
CP_11869,Cooley-Young Holdings,Offshore,Seychelles,Fleming Inc Bank
CP_11870,Joseph Pennington,Individual,India,Figueroa-Porter Bank
CP_11871,Suzanne Jones,Individual,Egypt,Fowler Group Bank
CP_11872,Leah Wilcox,Individual,Philippines,Fuller LLC Bank
CP_11873,Valerie Jackson,Individual,Philippines,"Peterson, Gallegos and Mueller Bank"
CP_11874,"Obrien, Hall and Simmons Holdings",Offshore,BVI,Baxter PLC Bank
CP_11875,Brian Robertson,Individual,Egypt,"Maldonado, Flores and Johnson Bank"
CP_11876,Armstrong Group Corp,Corporate,China,"Johnson, Floyd and Chapman Bank"
CP_11877,Jessica Becker,Individual,UK,Chavez Ltd Bank
CP_11878,Powell Group Holdings,Offshore,Seychelles,Mccullough PLC Bank
CP_11879,Dalton Inc Holdings,Offshore,BVI,Duran-Bennett Bank
CP_11880,Matthew Jackson,Individual,India,Soto LLC Bank
CP_11881,Angelica Long,Individual,Egypt,"Diaz, Waters and Ryan Bank"
CP_11882,Giles-Mcdaniel Holdings,Offshore,Cayman Islands,Hudson-Oconnor Bank
CP_11883,"Curtis, Giles and Jones Trading",High-Risk,Syria,"Taylor, Bradley and Novak Bank"
CP_11884,"Friedman, Grant and Ferguson Trading",High-Risk,North Korea,"Adams, Jordan and Lynch Bank"
CP_11885,Logan-Parrish Trading,High-Risk,North Korea,Martinez Inc Bank
CP_11886,Rebecca Bean,Individual,India,"Blair, Bates and Daniels Bank"
CP_11887,"George, Holt and Romero Holdings",Offshore,Seychelles,Wong-Evans Bank
CP_11888,Sarah Lynch,Individual,Pakistan,"Soto, Holland and Campbell Bank"
CP_11889,Joshua Ellis,Individual,UK,Dominguez Group Bank
CP_11890,Kelly and Sons Corp,Corporate,Saudi Arabia,Woodard Group Bank
CP_11891,Myers-Gonzalez Corp,Corporate,Saudi Arabia,"Lopez, Peck and Hayes Bank"
CP_11892,Blake Mendez,Individual,India,"Burton, Mcpherson and Simpson Bank"
CP_11893,"Vasquez, Weaver and Vincent Corp",Corporate,China,"Herman, Wagner and Higgins Bank"
CP_11894,Hood and Sons Trading,High-Risk,Syria,Black-Gonzalez Bank
CP_11895,"Johnson, Schneider and Flores Holdings",Offshore,BVI,"Smith, Schneider and Fleming Bank"
CP_11896,Wood Ltd Corp,Corporate,Saudi Arabia,Ware-Alvarado Bank
CP_11897,Campos-Price Holdings,Offshore,Seychelles,"Harvey, Jennings and Carroll Bank"
CP_11898,Nunez and Sons Holdings,Offshore,Seychelles,Yoder-Thompson Bank
CP_11899,"Cooper, Brooks and King Corp",Corporate,USA,"Long, Watkins and Gonzalez Bank"
CP_11900,Serrano-Carr Corp,Corporate,Germany,Little Ltd Bank
CP_11901,Sutton Ltd Holdings,Offshore,BVI,"Bradford, Clarke and Greer Bank"
CP_11902,Cline and Sons Holdings,Offshore,Panama,"Horne, Bradshaw and Michael Bank"
CP_11903,Sullivan-Green Holdings,Offshore,BVI,"Becker, Murphy and Patel Bank"
CP_11904,Bowen-Randolph Holdings,Offshore,Panama,Sloan LLC Bank
CP_11905,Jackson-Johnston Corp,Corporate,China,Shah-Walker Bank
CP_11906,"Walker, Moreno and Harrington Corp",Corporate,Germany,Garcia-Dalton Bank
CP_11907,"Rodriguez, Page and Wood Trading",High-Risk,Myanmar,Lynn Group Bank
CP_11908,"Baker, Hughes and Horn Holdings",Offshore,Cayman Islands,Smith-Flores Bank
CP_11909,Michael Summers II,Individual,India,Parker PLC Bank
CP_11910,Rich PLC Corp,Corporate,USA,"Jones, Collier and Sloan Bank"
CP_11911,"Washington, Williams and Boyd Holdings",Offshore,Panama,"Cook, Young and Leon Bank"
CP_11912,Roberson and Sons Corp,Corporate,Germany,Parker-Nguyen Bank
CP_11913,Rodriguez-Carey Holdings,Offshore,BVI,Rodriguez Ltd Bank
CP_11914,Manuel Lewis,Individual,Egypt,Alvarez-Singleton Bank
CP_11915,"Davis, Lindsey and West Corp",Corporate,Saudi Arabia,Williams-Moyer Bank
CP_11916,Cisneros-Hernandez Holdings,Offshore,Cayman Islands,"Lang, Campbell and Carrillo Bank"
CP_11917,Johnson LLC Corp,Corporate,USA,Bryant PLC Bank
CP_11918,"Gould, Martinez and Vargas Corp",Corporate,USA,Hoffman-Jacobs Bank
CP_11919,Todd Inc Trading,High-Risk,North Korea,Ward-Young Bank
CP_11920,Kristin Wang,Individual,India,Martin-Taylor Bank
CP_11921,Robert Pacheco,Individual,Egypt,Butler-Sosa Bank
CP_11922,Lauren Perry,Individual,Pakistan,Ryan-Ramirez Bank
CP_11923,Brenda Mccarthy,Individual,Egypt,"Rogers, Yang and Caldwell Bank"
CP_11924,Gina Chapman,Individual,Pakistan,Hogan-Stewart Bank
CP_11925,Lisa Thompson,Individual,Philippines,Torres PLC Bank
CP_11926,Ponce Ltd Holdings,Offshore,BVI,Duke-Johnson Bank
CP_11927,Abigail Williams,Individual,Egypt,Solis LLC Bank
CP_11928,Laurie Johns,Individual,India,Mullen and Sons Bank
CP_11929,"Wiley, Ware and Wilcox Corp",Corporate,USA,Oneill-Jones Bank
CP_11930,Nguyen Group Holdings,Offshore,Cayman Islands,Boyd Ltd Bank
CP_11931,"Simmons, Rojas and Fleming Holdings",Offshore,Cayman Islands,Turner-Rosales Bank
CP_11932,"Jensen, Cruz and Harvey Holdings",Offshore,Panama,"Henry, Porter and Jefferson Bank"
CP_11933,Courtney Cole DDS,Individual,Egypt,Ball-Carter Bank
CP_11934,Hernandez-Smith Holdings,Offshore,Seychelles,Singleton-Mercer Bank
CP_11935,"Jackson, Wood and Clark Corp",Corporate,Germany,Fox and Sons Bank
CP_11936,"Daniels, Velasquez and Mclaughlin Trading",High-Risk,Iran,Huff and Sons Bank
CP_11937,Obrien Ltd Corp,Corporate,Germany,Sims PLC Bank
CP_11938,James Smith,Individual,India,Stone Group Bank
CP_11939,Christopher Robbins,Individual,India,Cooper-Patel Bank
CP_11940,Powell-Mccarthy Corp,Corporate,Germany,"Bryant, Buchanan and Yoder Bank"
CP_11941,Frank Francis,Individual,Philippines,Hart-Baker Bank
CP_11942,Gray PLC Trading,High-Risk,North Korea,Nguyen PLC Bank
CP_11943,Dixon Ltd Corp,Corporate,USA,"Chavez, Yoder and Spencer Bank"
CP_11944,"Garcia, Brown and Melton Holdings",Offshore,BVI,"Gonzales, Martinez and Harrison Bank"
CP_11945,Michael Gonzalez,Individual,Philippines,"Chandler, Frost and Rios Bank"
CP_11946,Frye Inc Holdings,Offshore,BVI,White-Moore Bank
CP_11947,Susan Lewis,Individual,Egypt,Keith-Moses Bank
CP_11948,"Simmons, Murphy and Nash Holdings",Offshore,Panama,Bowman and Sons Bank
CP_11949,"Pierce, Young and Jackson Holdings",Offshore,Cayman Islands,"Cox, Brandt and Clarke Bank"
CP_11950,"Harris, Hawkins and Parker Corp",Corporate,Saudi Arabia,Martinez-Hardy Bank
CP_11951,Patrick Snyder,Individual,Pakistan,Morton LLC Bank
CP_11952,Mcmahon PLC Holdings,Offshore,Seychelles,Green-King Bank
CP_11953,Carr-Hardy Trading,High-Risk,Syria,Barry PLC Bank
CP_11954,"Gonzales, Lopez and Thompson Trading",High-Risk,Myanmar,Martin LLC Bank
CP_11955,Estrada PLC Corp,Corporate,Saudi Arabia,Wolf-Lozano Bank
CP_11956,"Rodriguez, Henry and Woodard Trading",High-Risk,North Korea,Taylor-Bean Bank
CP_11957,Kelly Anderson,Individual,UK,Burnett Inc Bank
CP_11958,Mcguire Group Holdings,Offshore,Seychelles,"Gibbs, Roy and Kelley Bank"
CP_11959,Johnson Inc Trading,High-Risk,Iran,Juarez-Burns Bank
CP_11960,Melissa Owens,Individual,Egypt,"Hunter, Carroll and Bailey Bank"
CP_11961,Steele Ltd Corp,Corporate,Saudi Arabia,"Johns, Contreras and Howard Bank"
CP_11962,Joseph Glass,Individual,Egypt,Harris LLC Bank
CP_11963,Young-Hughes Corp,Corporate,China,Briggs PLC Bank
CP_11964,Rodriguez-Jones Trading,High-Risk,Myanmar,Finley Ltd Bank
CP_11965,Tanya Davis,Individual,Philippines,Day and Sons Bank
CP_11966,"Mcmahon, Curry and Beck Corp",Corporate,USA,Turner Group Bank
CP_11967,Valdez-Moss Holdings,Offshore,Panama,Brown and Sons Bank
CP_11968,Ray Group Holdings,Offshore,BVI,Clark PLC Bank
CP_11969,Davis-Ponce Corp,Corporate,Germany,Sanders Ltd Bank
CP_11970,Dennis Inc Trading,High-Risk,North Korea,Moore Ltd Bank
CP_11971,"Choi, Ortiz and Goodwin Holdings",Offshore,BVI,Brown PLC Bank
CP_11972,"Nunez, Wilson and Reyes Trading",High-Risk,North Korea,Anderson and Sons Bank
CP_11973,Martinez Ltd Trading,High-Risk,Myanmar,Griffin Ltd Bank
CP_11974,Stanley-Schaefer Holdings,Offshore,BVI,Randolph-Gonzalez Bank
CP_11975,"Francis, Lewis and Carter Holdings",Offshore,Panama,Reynolds LLC Bank
CP_11976,Herrera Ltd Trading,High-Risk,North Korea,Gibson Ltd Bank
CP_11977,Frank-Garcia Corp,Corporate,China,Thompson-Davis Bank
CP_11978,Clarke Ltd Corp,Corporate,Saudi Arabia,Garrett-Taylor Bank
CP_11979,Heath-Ray Trading,High-Risk,Iran,Hendrix-Hernandez Bank
CP_11980,Carl Larsen,Individual,UK,"Lee, Bradford and Vang Bank"
CP_11981,Griffith-Franco Holdings,Offshore,Seychelles,Cochran Ltd Bank
CP_11982,"Smith, Galvan and Baldwin Corp",Corporate,USA,"Carlson, Anderson and Neal Bank"
CP_11983,Colon-Frank Trading,High-Risk,North Korea,Novak Inc Bank
CP_11984,Hill Group Trading,High-Risk,Iran,Dunn-Fernandez Bank
CP_11985,Parker-Bradshaw Trading,High-Risk,Myanmar,Mathis LLC Bank
CP_11986,Stacy Osborne,Individual,Pakistan,Thomas Group Bank
CP_11987,Henderson LLC Corp,Corporate,USA,"Martin, Hall and Simpson Bank"
CP_11988,Jackson PLC Trading,High-Risk,Iran,Ramos Ltd Bank
CP_11989,Reynolds PLC Corp,Corporate,China,Gutierrez and Sons Bank
CP_11990,Heath PLC Trading,High-Risk,Syria,"Landry, Rodriguez and Flores Bank"
CP_11991,Carey Ltd Trading,High-Risk,Iran,"May, Walker and Page Bank"
CP_11992,Johnson-Brown Holdings,Offshore,Cayman Islands,Jensen Group Bank
CP_11993,Elliott-Tate Holdings,Offshore,Seychelles,Richardson-Orozco Bank
CP_11994,Dean-Wood Trading,High-Risk,Iran,"Rhodes, Bolton and Watson Bank"
CP_11995,Bridges-Bautista Holdings,Offshore,Panama,Mendoza-Rodriguez Bank
CP_11996,Murray-Smith Trading,High-Risk,Iran,Peters Inc Bank
CP_11997,"Martinez, Clark and Shaffer Holdings",Offshore,Seychelles,"Sparks, Spencer and Garcia Bank"
CP_11998,Hill-Harding Corp,Corporate,USA,Martin-Black Bank
CP_11999,"Smith, Davis and Acosta Corp",Corporate,USA,West-Hernandez Bank
