transaction_id,account_id,scenario_id,scenario_type,scenario_role,is_suspicious
TXN_D9C69271D1,ACC_1008457,SCEN_STR_5063ed,Structuring,structuring_deposit,True
TXN_2F7CA85B52,ACC_1008457,SCEN_STR_5063ed,Structuring,structuring_deposit,True
TXN_57EF2B1D13,ACC_1008457,SCEN_STR_5063ed,Structuring,structuring_deposit,True
TXN_288BDFE9AD,ACC_1008457,SCEN_STR_5063ed,Structuring,structuring_deposit,True
TXN_920B674DD8,ACC_1008457,SCEN_STR_5063ed,Structuring,structuring_deposit,True
TXN_EA5EFB5163,ACC_1010578,SCEN_STR_699e71,Structuring,structuring_deposit,True
TXN_9FF54B3419,ACC_1010578,SCEN_STR_699e71,Structuring,structuring_deposit,True
TXN_159B96EC16,ACC_1010578,SCEN_STR_699e71,Structuring,structuring_deposit,True
TXN_853BF2CA73,ACC_1010578,SCEN_STR_699e71,Structuring,structuring_deposit,True
TXN_341B4AD9B4,ACC_1011551,SCEN_STR_21d8a7,Structuring,structuring_deposit,True
TXN_C52D617809,ACC_1011551,SCEN_STR_21d8a7,Structuring,structuring_deposit,True
TXN_9CA52A653C,ACC_1011551,SCEN_STR_21d8a7,Structuring,structuring_deposit,True
TXN_B6DE80C26A,ACC_1011551,SCEN_STR_21d8a7,Structuring,structuring_deposit,True
TXN_59CB18BF02,ACC_1005025,SCEN_STR_cf18e0,Structuring,structuring_deposit,True
TXN_4CDCC679FC,ACC_1005025,SCEN_STR_cf18e0,Structuring,structuring_deposit,True
TXN_36C97D41A0,ACC_1005025,SCEN_STR_cf18e0,Structuring,structuring_deposit,True
TXN_F731CF250F,ACC_1005025,SCEN_STR_cf18e0,Structuring,structuring_deposit,True
TXN_A4455C69FF,ACC_1005025,SCEN_STR_cf18e0,Structuring,structuring_deposit,True
TXN_D768994A53,ACC_1005025,SCEN_STR_cf18e0,Structuring,structuring_deposit,True
TXN_D2A991FB62,ACC_1005709,SCEN_STR_7ffd2b,Structuring,structuring_deposit,True
TXN_FB918C1D2D,ACC_1005709,SCEN_STR_7ffd2b,Structuring,structuring_deposit,True
TXN_0650D8C9F4,ACC_1005709,SCEN_STR_7ffd2b,Structuring,structuring_deposit,True
TXN_959882525B,ACC_1005709,SCEN_STR_7ffd2b,Structuring,structuring_deposit,True
TXN_67967C5FB8,ACC_1007694,SCEN_STR_bd88e9,Structuring,structuring_deposit,True
TXN_A3CB373236,ACC_1007694,SCEN_STR_bd88e9,Structuring,structuring_deposit,True
TXN_4EC3573242,ACC_1007694,SCEN_STR_bd88e9,Structuring,structuring_deposit,True
TXN_CA97825D5A,ACC_1007694,SCEN_STR_bd88e9,Structuring,structuring_deposit,True
TXN_3BBA5858C2,ACC_1007694,SCEN_STR_bd88e9,Structuring,structuring_deposit,True
TXN_479B08A181,ACC_1003448,SCEN_STR_e0b52b,Structuring,structuring_deposit,True
TXN_C81B6ABF4B,ACC_1003448,SCEN_STR_e0b52b,Structuring,structuring_deposit,True
TXN_31A55A1E9F,ACC_1003448,SCEN_STR_e0b52b,Structuring,structuring_deposit,True
TXN_DFE91D4BD0,ACC_1003448,SCEN_STR_e0b52b,Structuring,structuring_deposit,True
TXN_BE5841FBEC,ACC_1003448,SCEN_STR_e0b52b,Structuring,structuring_deposit,True
TXN_743B8F9589,ACC_1005627,SCEN_STR_8e0d58,Structuring,structuring_deposit,True
TXN_DC86320108,ACC_1005627,SCEN_STR_8e0d58,Structuring,structuring_deposit,True
TXN_CB71C58E2E,ACC_1005627,SCEN_STR_8e0d58,Structuring,structuring_deposit,True
TXN_9B94010940,ACC_1005627,SCEN_STR_8e0d58,Structuring,structuring_deposit,True
TXN_B1321C57B9,ACC_1005627,SCEN_STR_8e0d58,Structuring,structuring_deposit,True
TXN_34938EC9BC,ACC_1004400,SCEN_STR_ca3231,Structuring,structuring_deposit,True
TXN_D48DAA0A46,ACC_1004400,SCEN_STR_ca3231,Structuring,structuring_deposit,True
TXN_D759E35394,ACC_1004400,SCEN_STR_ca3231,Structuring,structuring_deposit,True
TXN_48D84F7700,ACC_1004400,SCEN_STR_ca3231,Structuring,structuring_deposit,True
TXN_019664D1E7,ACC_1006618,SCEN_STR_96b3fd,Structuring,structuring_deposit,True
TXN_44120787BD,ACC_1006618,SCEN_STR_96b3fd,Structuring,structuring_deposit,True
TXN_BBE273F600,ACC_1006618,SCEN_STR_96b3fd,Structuring,structuring_deposit,True
TXN_31B7E19800,ACC_1006618,SCEN_STR_96b3fd,Structuring,structuring_deposit,True
TXN_1C907D8021,ACC_1006618,SCEN_STR_96b3fd,Structuring,structuring_deposit,True
TXN_C221B7D6CD,ACC_1006618,SCEN_STR_96b3fd,Structuring,structuring_deposit,True
TXN_465C8776C6,ACC_1005562,SCEN_STR_7e1962,Structuring,structuring_deposit,True
TXN_5FCC9BFA43,ACC_1005562,SCEN_STR_7e1962,Structuring,structuring_deposit,True
TXN_0AC4F82BFC,ACC_1005562,SCEN_STR_7e1962,Structuring,structuring_deposit,True
TXN_1D4583D3F3,ACC_1005562,SCEN_STR_7e1962,Structuring,structuring_deposit,True
TXN_BC50E7FD7C,ACC_1005562,SCEN_STR_7e1962,Structuring,structuring_deposit,True
TXN_386D60D19E,ACC_1009090,SCEN_STR_dff12a,Structuring,structuring_deposit,True
TXN_0A7A753D5F,ACC_1009090,SCEN_STR_dff12a,Structuring,structuring_deposit,True
TXN_8191ACD8AD,ACC_1009090,SCEN_STR_dff12a,Structuring,structuring_deposit,True
TXN_932D9BD398,ACC_1009090,SCEN_STR_dff12a,Structuring,structuring_deposit,True
TXN_64BF535D55,ACC_1004577,SCEN_STR_47fd81,Structuring,structuring_deposit,True
TXN_E67EB975BD,ACC_1004577,SCEN_STR_47fd81,Structuring,structuring_deposit,True
TXN_5AB024C5C1,ACC_1004577,SCEN_STR_47fd81,Structuring,structuring_deposit,True
TXN_E068AC0E5F,ACC_1004577,SCEN_STR_47fd81,Structuring,structuring_deposit,True
TXN_C483D7568F,ACC_1003730,SCEN_STR_4d482f,Structuring,structuring_deposit,True
TXN_6200D94D20,ACC_1003730,SCEN_STR_4d482f,Structuring,structuring_deposit,True
TXN_96650BD357,ACC_1003730,SCEN_STR_4d482f,Structuring,structuring_deposit,True
TXN_2CF74E31B8,ACC_1003730,SCEN_STR_4d482f,Structuring,structuring_deposit,True
TXN_27C408A834,ACC_1003730,SCEN_STR_4d482f,Structuring,structuring_deposit,True
TXN_A937C26237,ACC_1003730,SCEN_STR_4d482f,Structuring,structuring_deposit,True
TXN_306EE34F1F,ACC_1003855,SCEN_STR_062fb9,Structuring,structuring_deposit,True
TXN_C8BD1907A2,ACC_1003855,SCEN_STR_062fb9,Structuring,structuring_deposit,True
TXN_ECD0A88442,ACC_1003855,SCEN_STR_062fb9,Structuring,structuring_deposit,True
TXN_589B9CA56A,ACC_1003855,SCEN_STR_062fb9,Structuring,structuring_deposit,True
TXN_47308B03CA,ACC_1003855,SCEN_STR_062fb9,Structuring,structuring_deposit,True
TXN_F75880D8FA,ACC_1003855,SCEN_STR_062fb9,Structuring,structuring_deposit,True
TXN_F5B40C397D,ACC_1007105,SCEN_STR_263a37,Structuring,structuring_deposit,True
TXN_E6760BD089,ACC_1007105,SCEN_STR_263a37,Structuring,structuring_deposit,True
TXN_87D64C55EB,ACC_1007105,SCEN_STR_263a37,Structuring,structuring_deposit,True
TXN_B35CF2F87B,ACC_1007105,SCEN_STR_263a37,Structuring,structuring_deposit,True
TXN_AA79F9486F,ACC_1007105,SCEN_STR_263a37,Structuring,structuring_deposit,True
TXN_4DA125CB75,ACC_1007105,SCEN_STR_263a37,Structuring,structuring_deposit,True
TXN_05C71EC3D5,ACC_1006018,SCEN_STR_e26681,Structuring,structuring_deposit,True
TXN_81B8530612,ACC_1006018,SCEN_STR_e26681,Structuring,structuring_deposit,True
TXN_8B5D7D1201,ACC_1006018,SCEN_STR_e26681,Structuring,structuring_deposit,True
TXN_9D7011F075,ACC_1006018,SCEN_STR_e26681,Structuring,structuring_deposit,True
TXN_CEE0A16D72,ACC_1006018,SCEN_STR_e26681,Structuring,structuring_deposit,True
TXN_92F3AD95F2,ACC_1006018,SCEN_STR_e26681,Structuring,structuring_deposit,True
TXN_DDA42FEAB6,ACC_1003953,SCEN_STR_b3fef4,Structuring,structuring_deposit,True
TXN_815D32B5ED,ACC_1003953,SCEN_STR_b3fef4,Structuring,structuring_deposit,True
TXN_40B04ABADD,ACC_1003953,SCEN_STR_b3fef4,Structuring,structuring_deposit,True
TXN_BEE06127C2,ACC_1003953,SCEN_STR_b3fef4,Structuring,structuring_deposit,True
TXN_DE96D46A10,ACC_1010200,SCEN_STR_47bdfa,Structuring,structuring_deposit,True
TXN_E03100F544,ACC_1010200,SCEN_STR_47bdfa,Structuring,structuring_deposit,True
TXN_4DF93CA20F,ACC_1010200,SCEN_STR_47bdfa,Structuring,structuring_deposit,True
TXN_18CA126AC4,ACC_1010200,SCEN_STR_47bdfa,Structuring,structuring_deposit,True
TXN_366AC1F3CA,ACC_1010200,SCEN_STR_47bdfa,Structuring,structuring_deposit,True
TXN_B7E0771A4C,ACC_1010200,SCEN_STR_47bdfa,Structuring,structuring_deposit,True
TXN_B902BAB637,ACC_1002081,SCEN_STR_1f3370,Structuring,structuring_deposit,True
TXN_6894A3DE95,ACC_1002081,SCEN_STR_1f3370,Structuring,structuring_deposit,True
TXN_A18755CE7C,ACC_1002081,SCEN_STR_1f3370,Structuring,structuring_deposit,True
TXN_12AE633025,ACC_1002081,SCEN_STR_1f3370,Structuring,structuring_deposit,True
TXN_756F9F4E9A,ACC_1002081,SCEN_STR_1f3370,Structuring,structuring_deposit,True
TXN_5BE230487F,ACC_1005188,SCEN_STR_0ccd0b,Structuring,structuring_deposit,True
TXN_8292F6973E,ACC_1005188,SCEN_STR_0ccd0b,Structuring,structuring_deposit,True
TXN_97CFDBEC2C,ACC_1005188,SCEN_STR_0ccd0b,Structuring,structuring_deposit,True
TXN_5608092F17,ACC_1005188,SCEN_STR_0ccd0b,Structuring,structuring_deposit,True
TXN_4A79F56682,ACC_1005188,SCEN_STR_0ccd0b,Structuring,structuring_deposit,True
TXN_CAF97E639D,ACC_1005188,SCEN_STR_0ccd0b,Structuring,structuring_deposit,True
TXN_BD1E16C60B,ACC_1009627,SCEN_STR_64452d,Structuring,structuring_deposit,True
TXN_47491D973B,ACC_1009627,SCEN_STR_64452d,Structuring,structuring_deposit,True
TXN_3085756D3B,ACC_1009627,SCEN_STR_64452d,Structuring,structuring_deposit,True
TXN_E1D9B7203E,ACC_1009627,SCEN_STR_64452d,Structuring,structuring_deposit,True
TXN_F6AFB8D46E,ACC_1002430,SCEN_STR_3a2540,Structuring,structuring_deposit,True
TXN_2015A120B7,ACC_1002430,SCEN_STR_3a2540,Structuring,structuring_deposit,True
TXN_A56850C87B,ACC_1002430,SCEN_STR_3a2540,Structuring,structuring_deposit,True
TXN_9A9B44E967,ACC_1002430,SCEN_STR_3a2540,Structuring,structuring_deposit,True
TXN_0E76C6F60C,ACC_1002430,SCEN_STR_3a2540,Structuring,structuring_deposit,True
TXN_AACED51B65,ACC_1003093,SCEN_STR_19b919,Structuring,structuring_deposit,True
TXN_C485D16666,ACC_1003093,SCEN_STR_19b919,Structuring,structuring_deposit,True
TXN_B8E3ABEEFE,ACC_1003093,SCEN_STR_19b919,Structuring,structuring_deposit,True
TXN_049C61E676,ACC_1003093,SCEN_STR_19b919,Structuring,structuring_deposit,True
TXN_5C6625B20B,ACC_1003093,SCEN_STR_19b919,Structuring,structuring_deposit,True
TXN_05BA29D58E,ACC_1002621,SCEN_STR_749fcb,Structuring,structuring_deposit,True
TXN_646AB439C5,ACC_1002621,SCEN_STR_749fcb,Structuring,structuring_deposit,True
TXN_645748B1DE,ACC_1002621,SCEN_STR_749fcb,Structuring,structuring_deposit,True
TXN_01052CCFAD,ACC_1002621,SCEN_STR_749fcb,Structuring,structuring_deposit,True
TXN_61A29C41D7,ACC_1002621,SCEN_STR_749fcb,Structuring,structuring_deposit,True
TXN_9C8BB59829,ACC_1002621,SCEN_STR_749fcb,Structuring,structuring_deposit,True
TXN_66130F4CB7,ACC_1001920,SCEN_STR_c6562c,Structuring,structuring_deposit,True
TXN_94A6C03E59,ACC_1001920,SCEN_STR_c6562c,Structuring,structuring_deposit,True
TXN_7C52A28950,ACC_1001920,SCEN_STR_c6562c,Structuring,structuring_deposit,True
TXN_627B196E81,ACC_1001920,SCEN_STR_c6562c,Structuring,structuring_deposit,True
TXN_C724318866,ACC_1001920,SCEN_STR_c6562c,Structuring,structuring_deposit,True
TXN_13C05CDCF8,ACC_1005367,SCEN_STR_cf7822,Structuring,structuring_deposit,True
TXN_87B23A7D5E,ACC_1005367,SCEN_STR_cf7822,Structuring,structuring_deposit,True
TXN_919773738E,ACC_1005367,SCEN_STR_cf7822,Structuring,structuring_deposit,True
TXN_32D7695D4E,ACC_1005367,SCEN_STR_cf7822,Structuring,structuring_deposit,True
TXN_E6168D07C6,ACC_1005367,SCEN_STR_cf7822,Structuring,structuring_deposit,True
TXN_82A19B456E,ACC_1005367,SCEN_STR_cf7822,Structuring,structuring_deposit,True
TXN_57BF6DEAD3,ACC_1006736,SCEN_STR_6cf4f9,Structuring,structuring_deposit,True
TXN_F9DECD3BE9,ACC_1006736,SCEN_STR_6cf4f9,Structuring,structuring_deposit,True
TXN_97E19BAE7A,ACC_1006736,SCEN_STR_6cf4f9,Structuring,structuring_deposit,True
TXN_C663424830,ACC_1006736,SCEN_STR_6cf4f9,Structuring,structuring_deposit,True
TXN_437E4DE3B2,ACC_1006736,SCEN_STR_6cf4f9,Structuring,structuring_deposit,True
TXN_E9FE120FA1,ACC_1006736,SCEN_STR_6cf4f9,Structuring,structuring_deposit,True
TXN_EC3551161F,ACC_1007600,SCEN_STR_73d51a,Structuring,structuring_deposit,True
TXN_E9DDE7ABCC,ACC_1007600,SCEN_STR_73d51a,Structuring,structuring_deposit,True
TXN_100F4AE494,ACC_1007600,SCEN_STR_73d51a,Structuring,structuring_deposit,True
TXN_EF37D5FFC5,ACC_1007600,SCEN_STR_73d51a,Structuring,structuring_deposit,True
TXN_6860D78119,ACC_1007600,SCEN_STR_73d51a,Structuring,structuring_deposit,True
TXN_6CB4E64AC0,ACC_1000362,SCEN_STR_eb284a,Structuring,structuring_deposit,True
TXN_D415C011CB,ACC_1000362,SCEN_STR_eb284a,Structuring,structuring_deposit,True
TXN_F40538B0B7,ACC_1000362,SCEN_STR_eb284a,Structuring,structuring_deposit,True
TXN_57433CBB10,ACC_1000362,SCEN_STR_eb284a,Structuring,structuring_deposit,True
TXN_8E2A8BAACB,ACC_1009255,SCEN_STR_383e68,Structuring,structuring_deposit,True
TXN_C737C510F3,ACC_1009255,SCEN_STR_383e68,Structuring,structuring_deposit,True
TXN_E192D3EFB6,ACC_1009255,SCEN_STR_383e68,Structuring,structuring_deposit,True
TXN_E3126D847B,ACC_1009255,SCEN_STR_383e68,Structuring,structuring_deposit,True
TXN_B90E1A7AA9,ACC_1002732,SCEN_STR_c9091d,Structuring,structuring_deposit,True
TXN_B3903CA4FB,ACC_1002732,SCEN_STR_c9091d,Structuring,structuring_deposit,True
TXN_494ABCE552,ACC_1002732,SCEN_STR_c9091d,Structuring,structuring_deposit,True
TXN_B2A4A00BE9,ACC_1002732,SCEN_STR_c9091d,Structuring,structuring_deposit,True
TXN_A1284DBF5A,ACC_1002732,SCEN_STR_c9091d,Structuring,structuring_deposit,True
TXN_ECB16821C3,ACC_1011927,SCEN_STR_5b8a4f,Structuring,structuring_deposit,True
TXN_BC324C34C4,ACC_1011927,SCEN_STR_5b8a4f,Structuring,structuring_deposit,True
TXN_9FC7B7784B,ACC_1011927,SCEN_STR_5b8a4f,Structuring,structuring_deposit,True
TXN_B1754CD85C,ACC_1011927,SCEN_STR_5b8a4f,Structuring,structuring_deposit,True
TXN_8DC059A9DA,ACC_1011927,SCEN_STR_5b8a4f,Structuring,structuring_deposit,True
TXN_08E4DE4667,ACC_1011927,SCEN_STR_5b8a4f,Structuring,structuring_deposit,True
TXN_C772085248,ACC_1004037,SCEN_STR_c6914c,Structuring,structuring_deposit,True
TXN_06C9205C9A,ACC_1004037,SCEN_STR_c6914c,Structuring,structuring_deposit,True
TXN_2E1D90D792,ACC_1004037,SCEN_STR_c6914c,Structuring,structuring_deposit,True
TXN_2F8EC0074C,ACC_1004037,SCEN_STR_c6914c,Structuring,structuring_deposit,True
TXN_654BAD3AA7,ACC_1004037,SCEN_STR_c6914c,Structuring,structuring_deposit,True
TXN_FD171D9181,ACC_1004037,SCEN_STR_c6914c,Structuring,structuring_deposit,True
TXN_7088E0107E,ACC_1008036,SCEN_STR_1bb716,Structuring,structuring_deposit,True
TXN_E3D487BAFC,ACC_1008036,SCEN_STR_1bb716,Structuring,structuring_deposit,True
TXN_1FE4C8B9AD,ACC_1008036,SCEN_STR_1bb716,Structuring,structuring_deposit,True
TXN_9D602E2E77,ACC_1008036,SCEN_STR_1bb716,Structuring,structuring_deposit,True
TXN_DC44EE0D26,ACC_1000319,SCEN_STR_42fe42,Structuring,structuring_deposit,True
TXN_1BD65E810B,ACC_1000319,SCEN_STR_42fe42,Structuring,structuring_deposit,True
TXN_9C35EFC8EA,ACC_1000319,SCEN_STR_42fe42,Structuring,structuring_deposit,True
TXN_8DBF065205,ACC_1000319,SCEN_STR_42fe42,Structuring,structuring_deposit,True
TXN_61256BDDF0,ACC_1003611,SCEN_STR_a034a7,Structuring,structuring_deposit,True
TXN_D9118669D8,ACC_1003611,SCEN_STR_a034a7,Structuring,structuring_deposit,True
TXN_2F091AEE6D,ACC_1003611,SCEN_STR_a034a7,Structuring,structuring_deposit,True
TXN_69C3B979AA,ACC_1003611,SCEN_STR_a034a7,Structuring,structuring_deposit,True
TXN_46962F0527,ACC_1003611,SCEN_STR_a034a7,Structuring,structuring_deposit,True
TXN_EAAFD9DA9E,ACC_1003611,SCEN_STR_a034a7,Structuring,structuring_deposit,True
TXN_2AF5C4F2BA,ACC_1005016,SCEN_STR_0549a0,Structuring,structuring_deposit,True
TXN_ED453D5E50,ACC_1005016,SCEN_STR_0549a0,Structuring,structuring_deposit,True
TXN_5AEF6F2510,ACC_1005016,SCEN_STR_0549a0,Structuring,structuring_deposit,True
TXN_A8544E3E32,ACC_1005016,SCEN_STR_0549a0,Structuring,structuring_deposit,True
TXN_0749E42068,ACC_1005016,SCEN_STR_0549a0,Structuring,structuring_deposit,True
TXN_DD86A87AC1,ACC_1007961,SCEN_STR_860eb5,Structuring,structuring_deposit,True
TXN_6748D150E8,ACC_1007961,SCEN_STR_860eb5,Structuring,structuring_deposit,True
TXN_2E5512DAB9,ACC_1007961,SCEN_STR_860eb5,Structuring,structuring_deposit,True
TXN_A4E62F0E63,ACC_1007961,SCEN_STR_860eb5,Structuring,structuring_deposit,True
TXN_4B9E5B16BD,ACC_1007961,SCEN_STR_860eb5,Structuring,structuring_deposit,True
TXN_C0DCED5FD2,ACC_1003478,SCEN_STR_b9b43d,Structuring,structuring_deposit,True
TXN_ADA6B176D2,ACC_1003478,SCEN_STR_b9b43d,Structuring,structuring_deposit,True
TXN_063EEA64BE,ACC_1003478,SCEN_STR_b9b43d,Structuring,structuring_deposit,True
TXN_825206DAEE,ACC_1003478,SCEN_STR_b9b43d,Structuring,structuring_deposit,True
TXN_774A92F439,ACC_1003478,SCEN_STR_b9b43d,Structuring,structuring_deposit,True
TXN_C8FC68430B,ACC_1003478,SCEN_STR_b9b43d,Structuring,structuring_deposit,True
TXN_72135C9672,ACC_1007691,SCEN_STR_35147b,Structuring,structuring_deposit,True
TXN_B8E358A65C,ACC_1007691,SCEN_STR_35147b,Structuring,structuring_deposit,True
TXN_386082854D,ACC_1007691,SCEN_STR_35147b,Structuring,structuring_deposit,True
TXN_5AB91ECEA1,ACC_1007691,SCEN_STR_35147b,Structuring,structuring_deposit,True
TXN_6C162264E7,ACC_1004629,SCEN_STR_0741b2,Structuring,structuring_deposit,True
TXN_C6DFED59B2,ACC_1004629,SCEN_STR_0741b2,Structuring,structuring_deposit,True
TXN_C43156E3A0,ACC_1004629,SCEN_STR_0741b2,Structuring,structuring_deposit,True
TXN_9BC6C38ADD,ACC_1004629,SCEN_STR_0741b2,Structuring,structuring_deposit,True
TXN_43E7EE8440,ACC_1004629,SCEN_STR_0741b2,Structuring,structuring_deposit,True
TXN_EFCBC63B1B,ACC_1009187,SCEN_STR_cfd712,Structuring,structuring_deposit,True
TXN_BDE4D04C15,ACC_1009187,SCEN_STR_cfd712,Structuring,structuring_deposit,True
TXN_FF89C1DA81,ACC_1009187,SCEN_STR_cfd712,Structuring,structuring_deposit,True
TXN_42F711E73D,ACC_1009187,SCEN_STR_cfd712,Structuring,structuring_deposit,True
TXN_89DA997838,ACC_1000397,SCEN_STR_d07409,Structuring,structuring_deposit,True
TXN_3B09EAD3CF,ACC_1000397,SCEN_STR_d07409,Structuring,structuring_deposit,True
TXN_5020775748,ACC_1000397,SCEN_STR_d07409,Structuring,structuring_deposit,True
TXN_E8BCF28BD7,ACC_1000397,SCEN_STR_d07409,Structuring,structuring_deposit,True
TXN_EE39688CDC,ACC_1008582,SCEN_STR_c3b5f6,Structuring,structuring_deposit,True
TXN_5ED05FCE0F,ACC_1008582,SCEN_STR_c3b5f6,Structuring,structuring_deposit,True
TXN_3001CDFB88,ACC_1008582,SCEN_STR_c3b5f6,Structuring,structuring_deposit,True
TXN_6289DDE99B,ACC_1008582,SCEN_STR_c3b5f6,Structuring,structuring_deposit,True
TXN_501D5AFCB6,ACC_1006009,SCEN_STR_96ca4b,Structuring,structuring_deposit,True
TXN_1CA2180CDF,ACC_1006009,SCEN_STR_96ca4b,Structuring,structuring_deposit,True
TXN_FA81E88CAB,ACC_1006009,SCEN_STR_96ca4b,Structuring,structuring_deposit,True
TXN_77A9529B1E,ACC_1006009,SCEN_STR_96ca4b,Structuring,structuring_deposit,True
TXN_291E2D1E82,ACC_1001366,SCEN_STR_18303a,Structuring,structuring_deposit,True
TXN_7D50E505A5,ACC_1001366,SCEN_STR_18303a,Structuring,structuring_deposit,True
TXN_67E4A44417,ACC_1001366,SCEN_STR_18303a,Structuring,structuring_deposit,True
TXN_CCDAD12AB0,ACC_1001366,SCEN_STR_18303a,Structuring,structuring_deposit,True
TXN_B9E16D1917,ACC_1007647,SCEN_STR_7995ab,Structuring,structuring_deposit,True
TXN_241A327F74,ACC_1007647,SCEN_STR_7995ab,Structuring,structuring_deposit,True
TXN_9C55D953B8,ACC_1007647,SCEN_STR_7995ab,Structuring,structuring_deposit,True
TXN_8A1EE1E341,ACC_1007647,SCEN_STR_7995ab,Structuring,structuring_deposit,True
TXN_12712718AB,ACC_1003254,SCEN_STR_16d09c,Structuring,structuring_deposit,True
TXN_726A8A57C1,ACC_1003254,SCEN_STR_16d09c,Structuring,structuring_deposit,True
TXN_DA9D648C05,ACC_1003254,SCEN_STR_16d09c,Structuring,structuring_deposit,True
TXN_055118976A,ACC_1003254,SCEN_STR_16d09c,Structuring,structuring_deposit,True
TXN_9157D13CE3,ACC_1003254,SCEN_STR_16d09c,Structuring,structuring_deposit,True
TXN_459B3EE0FB,ACC_1003254,SCEN_STR_16d09c,Structuring,structuring_deposit,True
TXN_6D62C141A1,ACC_1003892,SCEN_STR_e6f9ac,Structuring,structuring_deposit,True
TXN_F09116BC4E,ACC_1003892,SCEN_STR_e6f9ac,Structuring,structuring_deposit,True
TXN_F3FE4371F3,ACC_1003892,SCEN_STR_e6f9ac,Structuring,structuring_deposit,True
TXN_252A5B07E6,ACC_1003892,SCEN_STR_e6f9ac,Structuring,structuring_deposit,True
TXN_E29FFDF339,ACC_1003892,SCEN_STR_e6f9ac,Structuring,structuring_deposit,True
TXN_79EDBA88E7,ACC_1003892,SCEN_STR_e6f9ac,Structuring,structuring_deposit,True
TXN_049E2812C9,ACC_1008617,SCEN_STR_99a095,Structuring,structuring_deposit,True
TXN_A53FC60310,ACC_1008617,SCEN_STR_99a095,Structuring,structuring_deposit,True
TXN_A4DC528973,ACC_1008617,SCEN_STR_99a095,Structuring,structuring_deposit,True
TXN_DAE6BBEA32,ACC_1008617,SCEN_STR_99a095,Structuring,structuring_deposit,True
TXN_FE0439A398,ACC_1008617,SCEN_STR_99a095,Structuring,structuring_deposit,True
TXN_8AF2089AF8,ACC_1008617,SCEN_STR_99a095,Structuring,structuring_deposit,True
TXN_F47DC61932,ACC_1001226,SCEN_STR_a7342a,Structuring,structuring_deposit,True
TXN_BDFE468DFF,ACC_1001226,SCEN_STR_a7342a,Structuring,structuring_deposit,True
TXN_540C71884D,ACC_1001226,SCEN_STR_a7342a,Structuring,structuring_deposit,True
TXN_F9D8DF7A90,ACC_1001226,SCEN_STR_a7342a,Structuring,structuring_deposit,True
TXN_F08269F53A,ACC_1001226,SCEN_STR_a7342a,Structuring,structuring_deposit,True
TXN_2FEF8F2791,ACC_1007958,SCEN_STR_2cfecf,Structuring,structuring_deposit,True
TXN_337290C593,ACC_1007958,SCEN_STR_2cfecf,Structuring,structuring_deposit,True
TXN_1B371D819A,ACC_1007958,SCEN_STR_2cfecf,Structuring,structuring_deposit,True
TXN_ED995CD3E1,ACC_1007958,SCEN_STR_2cfecf,Structuring,structuring_deposit,True
TXN_7EEC681B41,ACC_1001764,SCEN_STR_2fc014,Structuring,structuring_deposit,True
TXN_639FDD1025,ACC_1001764,SCEN_STR_2fc014,Structuring,structuring_deposit,True
TXN_216A0058EC,ACC_1001764,SCEN_STR_2fc014,Structuring,structuring_deposit,True
TXN_470CA2632F,ACC_1001764,SCEN_STR_2fc014,Structuring,structuring_deposit,True
TXN_3582BAE79B,ACC_1001764,SCEN_STR_2fc014,Structuring,structuring_deposit,True
TXN_E96A506E4F,ACC_1007655,SCEN_STR_531854,Structuring,structuring_deposit,True
TXN_2B5E4ADE7E,ACC_1007655,SCEN_STR_531854,Structuring,structuring_deposit,True
TXN_4D48F61D43,ACC_1007655,SCEN_STR_531854,Structuring,structuring_deposit,True
TXN_866509726C,ACC_1007655,SCEN_STR_531854,Structuring,structuring_deposit,True
TXN_B1DB637904,ACC_1007236,SCEN_STR_8c8603,Structuring,structuring_deposit,True
TXN_9DACCBB7E8,ACC_1007236,SCEN_STR_8c8603,Structuring,structuring_deposit,True
TXN_4D63A343EF,ACC_1007236,SCEN_STR_8c8603,Structuring,structuring_deposit,True
TXN_72275484AC,ACC_1007236,SCEN_STR_8c8603,Structuring,structuring_deposit,True
TXN_CF81C3B57C,ACC_1007321,SCEN_STR_7d5e3f,Structuring,structuring_deposit,True
TXN_FCA9C5DB97,ACC_1007321,SCEN_STR_7d5e3f,Structuring,structuring_deposit,True
TXN_D18EF49453,ACC_1007321,SCEN_STR_7d5e3f,Structuring,structuring_deposit,True
TXN_D190C21676,ACC_1007321,SCEN_STR_7d5e3f,Structuring,structuring_deposit,True
TXN_C85B1ADA1F,ACC_1007321,SCEN_STR_7d5e3f,Structuring,structuring_deposit,True
TXN_6F4909A80A,ACC_1007321,SCEN_STR_7d5e3f,Structuring,structuring_deposit,True
TXN_1FBF773C66,ACC_1010317,SCEN_STR_798f8b,Structuring,structuring_deposit,True
TXN_1C4B306719,ACC_1010317,SCEN_STR_798f8b,Structuring,structuring_deposit,True
TXN_B49444C5D8,ACC_1010317,SCEN_STR_798f8b,Structuring,structuring_deposit,True
TXN_AAAB95D7C5,ACC_1010317,SCEN_STR_798f8b,Structuring,structuring_deposit,True
TXN_E817A2F0AA,ACC_1010317,SCEN_STR_798f8b,Structuring,structuring_deposit,True
TXN_A7A07CD3E5,ACC_1010317,SCEN_STR_798f8b,Structuring,structuring_deposit,True
TXN_4231A9AD35,ACC_1007097,SCEN_STR_5af237,Structuring,structuring_deposit,True
TXN_46D226ED1E,ACC_1007097,SCEN_STR_5af237,Structuring,structuring_deposit,True
TXN_73C3FB7BF4,ACC_1007097,SCEN_STR_5af237,Structuring,structuring_deposit,True
TXN_316342CBA2,ACC_1007097,SCEN_STR_5af237,Structuring,structuring_deposit,True
TXN_32A5751ABC,ACC_1009061,SCEN_STR_c66f7c,Structuring,structuring_deposit,True
TXN_83DFE4533B,ACC_1009061,SCEN_STR_c66f7c,Structuring,structuring_deposit,True
TXN_04CD9E1C11,ACC_1009061,SCEN_STR_c66f7c,Structuring,structuring_deposit,True
TXN_51424019CC,ACC_1009061,SCEN_STR_c66f7c,Structuring,structuring_deposit,True
TXN_FAB2DE81C8,ACC_1009061,SCEN_STR_c66f7c,Structuring,structuring_deposit,True
TXN_9A4FDAB1F4,ACC_1011098,SCEN_STR_4f87d0,Structuring,structuring_deposit,True
TXN_9D1C0B9F91,ACC_1011098,SCEN_STR_4f87d0,Structuring,structuring_deposit,True
TXN_4A5F6847A7,ACC_1011098,SCEN_STR_4f87d0,Structuring,structuring_deposit,True
TXN_9B9232D8E4,ACC_1011098,SCEN_STR_4f87d0,Structuring,structuring_deposit,True
TXN_5DFCBAF27A,ACC_1011098,SCEN_STR_4f87d0,Structuring,structuring_deposit,True
TXN_A564B127EB,ACC_1008658,SCEN_STR_2b8f8f,Structuring,structuring_deposit,True
TXN_C2AEDA7C30,ACC_1008658,SCEN_STR_2b8f8f,Structuring,structuring_deposit,True
TXN_611707E443,ACC_1008658,SCEN_STR_2b8f8f,Structuring,structuring_deposit,True
TXN_9B7BFB84AF,ACC_1008658,SCEN_STR_2b8f8f,Structuring,structuring_deposit,True
TXN_92DB34CDF6,ACC_1000284,SCEN_STR_4199b9,Structuring,structuring_deposit,True
TXN_5554855B9C,ACC_1000284,SCEN_STR_4199b9,Structuring,structuring_deposit,True
TXN_FC65E46D29,ACC_1000284,SCEN_STR_4199b9,Structuring,structuring_deposit,True
TXN_33C9E72D3B,ACC_1000284,SCEN_STR_4199b9,Structuring,structuring_deposit,True
TXN_9FDD2632DF,ACC_1002692,SCEN_STR_f2e123,Structuring,structuring_deposit,True
TXN_C6A831D4EC,ACC_1002692,SCEN_STR_f2e123,Structuring,structuring_deposit,True
TXN_7E08BF403F,ACC_1002692,SCEN_STR_f2e123,Structuring,structuring_deposit,True
TXN_79B843AA90,ACC_1002692,SCEN_STR_f2e123,Structuring,structuring_deposit,True
TXN_2D8F86097E,ACC_1000822,SCEN_STR_26fafb,Structuring,structuring_deposit,True
TXN_EB003EA377,ACC_1000822,SCEN_STR_26fafb,Structuring,structuring_deposit,True
TXN_0F569A6107,ACC_1000822,SCEN_STR_26fafb,Structuring,structuring_deposit,True
TXN_126FFF99C3,ACC_1000822,SCEN_STR_26fafb,Structuring,structuring_deposit,True
TXN_5C5E245152,ACC_1000822,SCEN_STR_26fafb,Structuring,structuring_deposit,True
TXN_62AEB93C65,ACC_1006807,SCEN_STR_130707,Structuring,structuring_deposit,True
TXN_7B426A73DD,ACC_1006807,SCEN_STR_130707,Structuring,structuring_deposit,True
TXN_B166200D90,ACC_1006807,SCEN_STR_130707,Structuring,structuring_deposit,True
TXN_856F7A6DE7,ACC_1006807,SCEN_STR_130707,Structuring,structuring_deposit,True
TXN_2934F94A1A,ACC_1000986,SCEN_STR_409415,Structuring,structuring_deposit,True
TXN_69951B7B8A,ACC_1000986,SCEN_STR_409415,Structuring,structuring_deposit,True
TXN_F29664F9DE,ACC_1000986,SCEN_STR_409415,Structuring,structuring_deposit,True
TXN_658ECCF1E5,ACC_1000986,SCEN_STR_409415,Structuring,structuring_deposit,True
TXN_2DF1C1BF65,ACC_1001916,SCEN_STR_95038c,Structuring,structuring_deposit,True
TXN_C91126B0B5,ACC_1001916,SCEN_STR_95038c,Structuring,structuring_deposit,True
TXN_8CC012F87B,ACC_1001916,SCEN_STR_95038c,Structuring,structuring_deposit,True
TXN_C6EDD4045A,ACC_1001916,SCEN_STR_95038c,Structuring,structuring_deposit,True
TXN_EE18208A25,ACC_1009297,SCEN_STR_3c29a5,Structuring,structuring_deposit,True
TXN_ECB68C9A09,ACC_1009297,SCEN_STR_3c29a5,Structuring,structuring_deposit,True
TXN_DBE28FCD5A,ACC_1009297,SCEN_STR_3c29a5,Structuring,structuring_deposit,True
TXN_3994F3E766,ACC_1009297,SCEN_STR_3c29a5,Structuring,structuring_deposit,True
TXN_7A20406529,ACC_1009297,SCEN_STR_3c29a5,Structuring,structuring_deposit,True
TXN_9442F4432D,ACC_1001985,SCEN_STR_a53661,Structuring,structuring_deposit,True
TXN_6DD2F698D6,ACC_1001985,SCEN_STR_a53661,Structuring,structuring_deposit,True
TXN_7206027C08,ACC_1001985,SCEN_STR_a53661,Structuring,structuring_deposit,True
TXN_0DC1E15A43,ACC_1001985,SCEN_STR_a53661,Structuring,structuring_deposit,True
TXN_C0A4ABECEF,ACC_1001618,SCEN_STR_fc4fcf,Structuring,structuring_deposit,True
TXN_9EAC717BE7,ACC_1001618,SCEN_STR_fc4fcf,Structuring,structuring_deposit,True
TXN_7E3BAC4915,ACC_1001618,SCEN_STR_fc4fcf,Structuring,structuring_deposit,True
TXN_E9C54C3113,ACC_1001618,SCEN_STR_fc4fcf,Structuring,structuring_deposit,True
TXN_5927BB883B,ACC_1000986,SCEN_STR_250d4c,Structuring,structuring_deposit,True
TXN_5CBBC55E0B,ACC_1000986,SCEN_STR_250d4c,Structuring,structuring_deposit,True
TXN_446954E841,ACC_1000986,SCEN_STR_250d4c,Structuring,structuring_deposit,True
TXN_885D754607,ACC_1000986,SCEN_STR_250d4c,Structuring,structuring_deposit,True
TXN_B007FB5849,ACC_1000986,SCEN_STR_250d4c,Structuring,structuring_deposit,True
TXN_2454D2CF78,ACC_1006106,SCEN_STR_bc0d5e,Structuring,structuring_deposit,True
TXN_FD369BB32D,ACC_1006106,SCEN_STR_bc0d5e,Structuring,structuring_deposit,True
TXN_7AC227CF10,ACC_1006106,SCEN_STR_bc0d5e,Structuring,structuring_deposit,True
TXN_00A1A4D5DB,ACC_1006106,SCEN_STR_bc0d5e,Structuring,structuring_deposit,True
TXN_D0819C3FD4,ACC_1006106,SCEN_STR_bc0d5e,Structuring,structuring_deposit,True
TXN_0C37A0323B,ACC_1001604,SCEN_STR_6a03d1,Structuring,structuring_deposit,True
TXN_24505D2391,ACC_1001604,SCEN_STR_6a03d1,Structuring,structuring_deposit,True
TXN_F00370EFC8,ACC_1001604,SCEN_STR_6a03d1,Structuring,structuring_deposit,True
TXN_4D21585732,ACC_1001604,SCEN_STR_6a03d1,Structuring,structuring_deposit,True
TXN_1CA8ADD44C,ACC_1001604,SCEN_STR_6a03d1,Structuring,structuring_deposit,True
TXN_337E426874,ACC_1010726,SCEN_STR_7f2839,Structuring,structuring_deposit,True
TXN_02BDE6EE68,ACC_1010726,SCEN_STR_7f2839,Structuring,structuring_deposit,True
TXN_F5FBB20732,ACC_1010726,SCEN_STR_7f2839,Structuring,structuring_deposit,True
TXN_6249A979E5,ACC_1010726,SCEN_STR_7f2839,Structuring,structuring_deposit,True
TXN_C49ED0C5FC,ACC_1010726,SCEN_STR_7f2839,Structuring,structuring_deposit,True
TXN_48D7CC6589,ACC_1010726,SCEN_STR_7f2839,Structuring,structuring_deposit,True
TXN_4A6FC7B1C1,ACC_1001481,SCEN_STR_1e42cb,Structuring,structuring_deposit,True
TXN_2380AD7D6C,ACC_1001481,SCEN_STR_1e42cb,Structuring,structuring_deposit,True
TXN_2C06B64C05,ACC_1001481,SCEN_STR_1e42cb,Structuring,structuring_deposit,True
TXN_7AF0C6CFC9,ACC_1001481,SCEN_STR_1e42cb,Structuring,structuring_deposit,True
TXN_EA934ED588,ACC_1001481,SCEN_STR_1e42cb,Structuring,structuring_deposit,True
TXN_29B5473409,ACC_1002906,SCEN_STR_ee4ad6,Structuring,structuring_deposit,True
TXN_3F4E946020,ACC_1002906,SCEN_STR_ee4ad6,Structuring,structuring_deposit,True
TXN_FA1A8F598D,ACC_1002906,SCEN_STR_ee4ad6,Structuring,structuring_deposit,True
TXN_0806333417,ACC_1002906,SCEN_STR_ee4ad6,Structuring,structuring_deposit,True
TXN_3400956B58,ACC_1006297,SCEN_STR_df3272,Structuring,structuring_deposit,True
TXN_9101B7EE4C,ACC_1006297,SCEN_STR_df3272,Structuring,structuring_deposit,True
TXN_A792D136CD,ACC_1006297,SCEN_STR_df3272,Structuring,structuring_deposit,True
TXN_6083BFDA34,ACC_1006297,SCEN_STR_df3272,Structuring,structuring_deposit,True
TXN_5085B43764,ACC_1006297,SCEN_STR_df3272,Structuring,structuring_deposit,True
TXN_BF3E04B7DD,ACC_1007521,SCEN_STR_8f96d3,Structuring,structuring_deposit,True
TXN_EA86A21F30,ACC_1007521,SCEN_STR_8f96d3,Structuring,structuring_deposit,True
TXN_233FB91326,ACC_1007521,SCEN_STR_8f96d3,Structuring,structuring_deposit,True
TXN_B302B60803,ACC_1007521,SCEN_STR_8f96d3,Structuring,structuring_deposit,True
TXN_0470FA59B8,ACC_1007521,SCEN_STR_8f96d3,Structuring,structuring_deposit,True
TXN_BFE5FF6DBC,ACC_1007521,SCEN_STR_8f96d3,Structuring,structuring_deposit,True
TXN_932483DC3F,ACC_1011919,SCEN_STR_56252e,Structuring,structuring_deposit,True
TXN_BE309C72FE,ACC_1011919,SCEN_STR_56252e,Structuring,structuring_deposit,True
TXN_85B10F17E0,ACC_1011919,SCEN_STR_56252e,Structuring,structuring_deposit,True
TXN_EBD64E1C39,ACC_1011919,SCEN_STR_56252e,Structuring,structuring_deposit,True
TXN_FDFE433164,ACC_1011919,SCEN_STR_56252e,Structuring,structuring_deposit,True
TXN_2980A442F8,ACC_1009044,SCEN_STR_b6e3dc,Structuring,structuring_deposit,True
TXN_6DC7ECE2E7,ACC_1009044,SCEN_STR_b6e3dc,Structuring,structuring_deposit,True
TXN_89DD2BF1C9,ACC_1009044,SCEN_STR_b6e3dc,Structuring,structuring_deposit,True
TXN_CC730B6AA3,ACC_1009044,SCEN_STR_b6e3dc,Structuring,structuring_deposit,True
TXN_B43B7F2071,ACC_1009044,SCEN_STR_b6e3dc,Structuring,structuring_deposit,True
TXN_58C7F3182B,ACC_1008882,SCEN_STR_106399,Structuring,structuring_deposit,True
TXN_750E7E8128,ACC_1008882,SCEN_STR_106399,Structuring,structuring_deposit,True
TXN_CFEDEE23C6,ACC_1008882,SCEN_STR_106399,Structuring,structuring_deposit,True
TXN_0562716158,ACC_1008882,SCEN_STR_106399,Structuring,structuring_deposit,True
TXN_2DA5BE902D,ACC_1005686,SCEN_STR_229031,Structuring,structuring_deposit,True
TXN_B2C69260C7,ACC_1005686,SCEN_STR_229031,Structuring,structuring_deposit,True
TXN_8299D00769,ACC_1005686,SCEN_STR_229031,Structuring,structuring_deposit,True
TXN_AA17C6573F,ACC_1005686,SCEN_STR_229031,Structuring,structuring_deposit,True
TXN_D4E8CF5342,ACC_1010538,SCEN_STR_76dbc9,Structuring,structuring_deposit,True
TXN_FDF36A24DC,ACC_1010538,SCEN_STR_76dbc9,Structuring,structuring_deposit,True
TXN_A7811D064E,ACC_1010538,SCEN_STR_76dbc9,Structuring,structuring_deposit,True
TXN_31E6C04D37,ACC_1010538,SCEN_STR_76dbc9,Structuring,structuring_deposit,True
TXN_786FE876DA,ACC_1010538,SCEN_STR_76dbc9,Structuring,structuring_deposit,True
TXN_BAA61186D1,ACC_1010538,SCEN_STR_76dbc9,Structuring,structuring_deposit,True
TXN_0FCC2246ED,ACC_1007778,SCEN_STR_00c64b,Structuring,structuring_deposit,True
TXN_C1FBD7A023,ACC_1007778,SCEN_STR_00c64b,Structuring,structuring_deposit,True
TXN_AB5A572378,ACC_1007778,SCEN_STR_00c64b,Structuring,structuring_deposit,True
TXN_717C31CFD6,ACC_1007778,SCEN_STR_00c64b,Structuring,structuring_deposit,True
TXN_71EAF1221F,ACC_1007778,SCEN_STR_00c64b,Structuring,structuring_deposit,True
TXN_5E98AF21D3,ACC_1007778,SCEN_STR_00c64b,Structuring,structuring_deposit,True
TXN_5BCCEA5D1F,ACC_1004675,SCEN_STR_41cd00,Structuring,structuring_deposit,True
TXN_723E128961,ACC_1004675,SCEN_STR_41cd00,Structuring,structuring_deposit,True
TXN_FEC8906FB9,ACC_1004675,SCEN_STR_41cd00,Structuring,structuring_deposit,True
TXN_D3D97A6552,ACC_1004675,SCEN_STR_41cd00,Structuring,structuring_deposit,True
TXN_D650AB4EBA,ACC_1004675,SCEN_STR_41cd00,Structuring,structuring_deposit,True
TXN_2607DD90F2,ACC_1004675,SCEN_STR_41cd00,Structuring,structuring_deposit,True
TXN_B5658E2E72,ACC_1006530,SCEN_STR_c4c4d4,Structuring,structuring_deposit,True
TXN_B4CBDA61A4,ACC_1006530,SCEN_STR_c4c4d4,Structuring,structuring_deposit,True
TXN_74B636139D,ACC_1006530,SCEN_STR_c4c4d4,Structuring,structuring_deposit,True
TXN_C0C7EC5915,ACC_1006530,SCEN_STR_c4c4d4,Structuring,structuring_deposit,True
TXN_52F8C11B27,ACC_1002696,SCEN_STR_07ecd0,Structuring,structuring_deposit,True
TXN_BBA3A6BED4,ACC_1002696,SCEN_STR_07ecd0,Structuring,structuring_deposit,True
TXN_AB61FFCFDE,ACC_1002696,SCEN_STR_07ecd0,Structuring,structuring_deposit,True
TXN_6512FCED19,ACC_1002696,SCEN_STR_07ecd0,Structuring,structuring_deposit,True
TXN_0FF4DB0DDA,ACC_1002696,SCEN_STR_07ecd0,Structuring,structuring_deposit,True
TXN_B5128C46DB,ACC_1001149,SCEN_STR_9e8468,Structuring,structuring_deposit,True
TXN_EB5D50B5D8,ACC_1001149,SCEN_STR_9e8468,Structuring,structuring_deposit,True
TXN_C1A122809F,ACC_1001149,SCEN_STR_9e8468,Structuring,structuring_deposit,True
TXN_54B0567923,ACC_1001149,SCEN_STR_9e8468,Structuring,structuring_deposit,True
TXN_E0C094A05F,ACC_1001149,SCEN_STR_9e8468,Structuring,structuring_deposit,True
TXN_6971563C8A,ACC_1001149,SCEN_STR_9e8468,Structuring,structuring_deposit,True
TXN_EDEE6AD135,ACC_1009532,SCEN_STR_55bb1a,Structuring,structuring_deposit,True
TXN_F5C17CD44A,ACC_1009532,SCEN_STR_55bb1a,Structuring,structuring_deposit,True
TXN_749EE753B0,ACC_1009532,SCEN_STR_55bb1a,Structuring,structuring_deposit,True
TXN_602E0B7337,ACC_1009532,SCEN_STR_55bb1a,Structuring,structuring_deposit,True
TXN_3F71A37B07,ACC_1001474,SCEN_STR_1ba5dc,Structuring,structuring_deposit,True
TXN_2D0A8C730F,ACC_1001474,SCEN_STR_1ba5dc,Structuring,structuring_deposit,True
TXN_E35ACFFF39,ACC_1001474,SCEN_STR_1ba5dc,Structuring,structuring_deposit,True
TXN_C0562FAA65,ACC_1001474,SCEN_STR_1ba5dc,Structuring,structuring_deposit,True
TXN_8B172C537B,ACC_1010328,SCEN_STR_d8fec5,Structuring,structuring_deposit,True
TXN_2C3B11A57B,ACC_1010328,SCEN_STR_d8fec5,Structuring,structuring_deposit,True
TXN_D8DD91F692,ACC_1010328,SCEN_STR_d8fec5,Structuring,structuring_deposit,True
TXN_47E67B35C0,ACC_1010328,SCEN_STR_d8fec5,Structuring,structuring_deposit,True
TXN_2D52036FF7,ACC_1001009,SCEN_STR_952f1b,Structuring,structuring_deposit,True
TXN_FBEA1FCFD4,ACC_1001009,SCEN_STR_952f1b,Structuring,structuring_deposit,True
TXN_3FBAD391FD,ACC_1001009,SCEN_STR_952f1b,Structuring,structuring_deposit,True
TXN_337F9F4FBC,ACC_1001009,SCEN_STR_952f1b,Structuring,structuring_deposit,True
TXN_48D20A71D4,ACC_1001009,SCEN_STR_952f1b,Structuring,structuring_deposit,True
TXN_7F6C329497,ACC_1007947,SCEN_STR_adc86d,Structuring,structuring_deposit,True
TXN_00E8D379D8,ACC_1007947,SCEN_STR_adc86d,Structuring,structuring_deposit,True
TXN_C2057459BB,ACC_1007947,SCEN_STR_adc86d,Structuring,structuring_deposit,True
TXN_1C3CB7D169,ACC_1007947,SCEN_STR_adc86d,Structuring,structuring_deposit,True
TXN_09A28C28E6,ACC_1007947,SCEN_STR_adc86d,Structuring,structuring_deposit,True
TXN_2F7704097A,ACC_1007947,SCEN_STR_adc86d,Structuring,structuring_deposit,True
TXN_ED1BBB776C,ACC_1011172,SCEN_STR_f66184,Structuring,structuring_deposit,True
TXN_5A1F84B8AB,ACC_1011172,SCEN_STR_f66184,Structuring,structuring_deposit,True
TXN_20C0B6AACA,ACC_1011172,SCEN_STR_f66184,Structuring,structuring_deposit,True
TXN_270574ED92,ACC_1011172,SCEN_STR_f66184,Structuring,structuring_deposit,True
TXN_C26BBFB7CD,ACC_1011172,SCEN_STR_f66184,Structuring,structuring_deposit,True
TXN_F03C8F69B4,ACC_1004865,SCEN_STR_3eee25,Structuring,structuring_deposit,True
TXN_C91FFD1BFF,ACC_1004865,SCEN_STR_3eee25,Structuring,structuring_deposit,True
TXN_E336EAE732,ACC_1004865,SCEN_STR_3eee25,Structuring,structuring_deposit,True
TXN_19E4BE9815,ACC_1004865,SCEN_STR_3eee25,Structuring,structuring_deposit,True
TXN_E5062AB07E,ACC_1010080,SCEN_STR_0b6725,Structuring,structuring_deposit,True
TXN_9DCCA50BD2,ACC_1010080,SCEN_STR_0b6725,Structuring,structuring_deposit,True
TXN_BF2476B0B2,ACC_1010080,SCEN_STR_0b6725,Structuring,structuring_deposit,True
TXN_8D05505C02,ACC_1010080,SCEN_STR_0b6725,Structuring,structuring_deposit,True
TXN_412DBA61D3,ACC_1010080,SCEN_STR_0b6725,Structuring,structuring_deposit,True
TXN_B4D447D7EF,ACC_1009878,SCEN_STR_a37c44,Structuring,structuring_deposit,True
TXN_9A0756E207,ACC_1009878,SCEN_STR_a37c44,Structuring,structuring_deposit,True
TXN_A0FBC4CCD1,ACC_1009878,SCEN_STR_a37c44,Structuring,structuring_deposit,True
TXN_21D3F34373,ACC_1009878,SCEN_STR_a37c44,Structuring,structuring_deposit,True
TXN_E27FC8C292,ACC_1009878,SCEN_STR_a37c44,Structuring,structuring_deposit,True
TXN_73C9F07CF6,ACC_1009878,SCEN_STR_a37c44,Structuring,structuring_deposit,True
TXN_A52E3DCD14,ACC_1003349,SCEN_STR_33d48f,Structuring,structuring_deposit,True
TXN_F47EF9001A,ACC_1003349,SCEN_STR_33d48f,Structuring,structuring_deposit,True
TXN_A68E4963AA,ACC_1003349,SCEN_STR_33d48f,Structuring,structuring_deposit,True
TXN_4A955D60D1,ACC_1003349,SCEN_STR_33d48f,Structuring,structuring_deposit,True
TXN_334403BD63,ACC_1003349,SCEN_STR_33d48f,Structuring,structuring_deposit,True
TXN_D4658F510D,ACC_1003349,SCEN_STR_33d48f,Structuring,structuring_deposit,True
TXN_9CF30390B6,ACC_1011546,SCEN_STR_cdbc96,Structuring,structuring_deposit,True
TXN_CCDCD4F971,ACC_1011546,SCEN_STR_cdbc96,Structuring,structuring_deposit,True
TXN_B1B85E9902,ACC_1011546,SCEN_STR_cdbc96,Structuring,structuring_deposit,True
TXN_78D5CBFB8D,ACC_1011546,SCEN_STR_cdbc96,Structuring,structuring_deposit,True
TXN_9C9D6E9230,ACC_1003404,SCEN_STR_6bc77e,Structuring,structuring_deposit,True
TXN_F2386A7CED,ACC_1003404,SCEN_STR_6bc77e,Structuring,structuring_deposit,True
TXN_F4BABA1975,ACC_1003404,SCEN_STR_6bc77e,Structuring,structuring_deposit,True
TXN_4997FAB4D4,ACC_1003404,SCEN_STR_6bc77e,Structuring,structuring_deposit,True
TXN_01FC14C3B9,ACC_1005228,SCEN_STR_88c19c,Structuring,structuring_deposit,True
TXN_1CF35BABA5,ACC_1005228,SCEN_STR_88c19c,Structuring,structuring_deposit,True
TXN_C39CD05BDA,ACC_1005228,SCEN_STR_88c19c,Structuring,structuring_deposit,True
TXN_62F8A9C116,ACC_1005228,SCEN_STR_88c19c,Structuring,structuring_deposit,True
TXN_3CE3910281,ACC_1002402,SCEN_STR_1c42c5,Structuring,structuring_deposit,True
TXN_68ADEAAEC7,ACC_1002402,SCEN_STR_1c42c5,Structuring,structuring_deposit,True
TXN_C70D1442D6,ACC_1002402,SCEN_STR_1c42c5,Structuring,structuring_deposit,True
TXN_E2209576EE,ACC_1002402,SCEN_STR_1c42c5,Structuring,structuring_deposit,True
TXN_8D7996549A,ACC_1008121,SCEN_STR_f89f08,Structuring,structuring_deposit,True
TXN_FE5146E30C,ACC_1008121,SCEN_STR_f89f08,Structuring,structuring_deposit,True
TXN_0CF56CB64A,ACC_1008121,SCEN_STR_f89f08,Structuring,structuring_deposit,True
TXN_79BBEAE50E,ACC_1008121,SCEN_STR_f89f08,Structuring,structuring_deposit,True
TXN_EBB90C259D,ACC_1008121,SCEN_STR_f89f08,Structuring,structuring_deposit,True
TXN_C0F106719F,ACC_1009098,SCEN_STR_1ec0cd,Structuring,structuring_deposit,True
TXN_0A10D8B2D1,ACC_1009098,SCEN_STR_1ec0cd,Structuring,structuring_deposit,True
TXN_FB882CF07D,ACC_1009098,SCEN_STR_1ec0cd,Structuring,structuring_deposit,True
TXN_C50DB9E624,ACC_1009098,SCEN_STR_1ec0cd,Structuring,structuring_deposit,True
TXN_A5239297AB,ACC_1009098,SCEN_STR_1ec0cd,Structuring,structuring_deposit,True
TXN_F2FEBAF43A,ACC_1009909,SCEN_STR_62f4eb,Structuring,structuring_deposit,True
TXN_5AD849C6F4,ACC_1009909,SCEN_STR_62f4eb,Structuring,structuring_deposit,True
TXN_BFA068A4B1,ACC_1009909,SCEN_STR_62f4eb,Structuring,structuring_deposit,True
TXN_A6AECF08AE,ACC_1009909,SCEN_STR_62f4eb,Structuring,structuring_deposit,True
TXN_4204C89ED7,ACC_1009909,SCEN_STR_62f4eb,Structuring,structuring_deposit,True
TXN_F3286DBD8E,ACC_1002096,SCEN_STR_bbcf90,Structuring,structuring_deposit,True
TXN_B669A08E11,ACC_1002096,SCEN_STR_bbcf90,Structuring,structuring_deposit,True
TXN_F08ABDE1D5,ACC_1002096,SCEN_STR_bbcf90,Structuring,structuring_deposit,True
TXN_941587E27B,ACC_1002096,SCEN_STR_bbcf90,Structuring,structuring_deposit,True
TXN_77510F3E8C,ACC_1001804,SCEN_STR_b18376,Structuring,structuring_deposit,True
TXN_B5FA33C0EA,ACC_1001804,SCEN_STR_b18376,Structuring,structuring_deposit,True
TXN_20C3CF2C35,ACC_1001804,SCEN_STR_b18376,Structuring,structuring_deposit,True
TXN_D5A5AE4489,ACC_1001804,SCEN_STR_b18376,Structuring,structuring_deposit,True
TXN_DD5130DB7D,ACC_1002116,SCEN_STR_a22645,Structuring,structuring_deposit,True
TXN_6113058902,ACC_1002116,SCEN_STR_a22645,Structuring,structuring_deposit,True
TXN_0980C102A9,ACC_1002116,SCEN_STR_a22645,Structuring,structuring_deposit,True
TXN_2FE69492B3,ACC_1002116,SCEN_STR_a22645,Structuring,structuring_deposit,True
TXN_44E8F53ECE,ACC_1003750,SCEN_STR_3a4c2f,Structuring,structuring_deposit,True
TXN_533D4F89F7,ACC_1003750,SCEN_STR_3a4c2f,Structuring,structuring_deposit,True
TXN_16D6EB6310,ACC_1003750,SCEN_STR_3a4c2f,Structuring,structuring_deposit,True
TXN_D9D9DA9A82,ACC_1003750,SCEN_STR_3a4c2f,Structuring,structuring_deposit,True
TXN_E235E1857C,ACC_1001145,SCEN_STR_9aad42,Structuring,structuring_deposit,True
TXN_D23B3B009B,ACC_1001145,SCEN_STR_9aad42,Structuring,structuring_deposit,True
TXN_BC84FB58DF,ACC_1001145,SCEN_STR_9aad42,Structuring,structuring_deposit,True
TXN_38D32C721A,ACC_1001145,SCEN_STR_9aad42,Structuring,structuring_deposit,True
TXN_FCB876B627,ACC_1001145,SCEN_STR_9aad42,Structuring,structuring_deposit,True
TXN_9A3D2BA8AF,ACC_1005559,SCEN_STR_d0b30c,Structuring,structuring_deposit,True
TXN_F222880CC1,ACC_1005559,SCEN_STR_d0b30c,Structuring,structuring_deposit,True
TXN_86CD6AF8C5,ACC_1005559,SCEN_STR_d0b30c,Structuring,structuring_deposit,True
TXN_6D04ADB2B7,ACC_1005559,SCEN_STR_d0b30c,Structuring,structuring_deposit,True
TXN_474B8E2B5E,ACC_1005559,SCEN_STR_d0b30c,Structuring,structuring_deposit,True
TXN_62B3D39FEB,ACC_1006429,SCEN_STR_812de3,Structuring,structuring_deposit,True
TXN_9B0AF8EBC8,ACC_1006429,SCEN_STR_812de3,Structuring,structuring_deposit,True
TXN_BA15169785,ACC_1006429,SCEN_STR_812de3,Structuring,structuring_deposit,True
TXN_3D241EA222,ACC_1006429,SCEN_STR_812de3,Structuring,structuring_deposit,True
TXN_FC4E5F6597,ACC_1006429,SCEN_STR_812de3,Structuring,structuring_deposit,True
TXN_46E0BBF8A0,ACC_1006757,SCEN_STR_bb5f40,Structuring,structuring_deposit,True
TXN_C435F71B00,ACC_1006757,SCEN_STR_bb5f40,Structuring,structuring_deposit,True
TXN_EE9D661E58,ACC_1006757,SCEN_STR_bb5f40,Structuring,structuring_deposit,True
TXN_32766C6C49,ACC_1006757,SCEN_STR_bb5f40,Structuring,structuring_deposit,True
TXN_472106D26E,ACC_1002386,SCEN_STR_ee51e1,Structuring,structuring_deposit,True
TXN_BD671B18E6,ACC_1002386,SCEN_STR_ee51e1,Structuring,structuring_deposit,True
TXN_E56A3FC0D4,ACC_1002386,SCEN_STR_ee51e1,Structuring,structuring_deposit,True
TXN_F68CFDB935,ACC_1002386,SCEN_STR_ee51e1,Structuring,structuring_deposit,True
TXN_985D1D64F7,ACC_1002386,SCEN_STR_ee51e1,Structuring,structuring_deposit,True
TXN_08ADF8D7EE,ACC_1002386,SCEN_STR_ee51e1,Structuring,structuring_deposit,True
TXN_F1ADA21EF8,ACC_1004167,SCEN_STR_f2453c,Structuring,structuring_deposit,True
TXN_65E55136CF,ACC_1004167,SCEN_STR_f2453c,Structuring,structuring_deposit,True
TXN_AD3C2E37C4,ACC_1004167,SCEN_STR_f2453c,Structuring,structuring_deposit,True
TXN_DB3CFA38F3,ACC_1004167,SCEN_STR_f2453c,Structuring,structuring_deposit,True
TXN_A12452B609,ACC_1006278,SCEN_STR_e32463,Structuring,structuring_deposit,True
TXN_47887E043E,ACC_1006278,SCEN_STR_e32463,Structuring,structuring_deposit,True
TXN_1D561BB29D,ACC_1006278,SCEN_STR_e32463,Structuring,structuring_deposit,True
TXN_4BACAB6C43,ACC_1006278,SCEN_STR_e32463,Structuring,structuring_deposit,True
TXN_E2623C51DA,ACC_1003686,SCEN_STR_79232a,Structuring,structuring_deposit,True
TXN_108CE84A53,ACC_1003686,SCEN_STR_79232a,Structuring,structuring_deposit,True
TXN_2FAA0D86B7,ACC_1003686,SCEN_STR_79232a,Structuring,structuring_deposit,True
TXN_86A1B4C8BA,ACC_1003686,SCEN_STR_79232a,Structuring,structuring_deposit,True
TXN_51503004C2,ACC_1009729,SCEN_STR_34ac54,Structuring,structuring_deposit,True
TXN_261C0600E7,ACC_1009729,SCEN_STR_34ac54,Structuring,structuring_deposit,True
TXN_D5B69ABA66,ACC_1009729,SCEN_STR_34ac54,Structuring,structuring_deposit,True
TXN_D4FA9ADE5C,ACC_1009729,SCEN_STR_34ac54,Structuring,structuring_deposit,True
TXN_A44BCF8C22,ACC_1009729,SCEN_STR_34ac54,Structuring,structuring_deposit,True
TXN_B4636A5D36,ACC_1008277,SCEN_STR_570fec,Structuring,structuring_deposit,True
TXN_AD383D2F74,ACC_1008277,SCEN_STR_570fec,Structuring,structuring_deposit,True
TXN_BFFBE803BF,ACC_1008277,SCEN_STR_570fec,Structuring,structuring_deposit,True
TXN_4B37E57F88,ACC_1008277,SCEN_STR_570fec,Structuring,structuring_deposit,True
TXN_DB2A5FFA91,ACC_1008277,SCEN_STR_570fec,Structuring,structuring_deposit,True
TXN_2B80375BC7,ACC_1008277,SCEN_STR_570fec,Structuring,structuring_deposit,True
TXN_0D73EF4C9F,ACC_1006565,SCEN_STR_741203,Structuring,structuring_deposit,True
TXN_F86C600CA5,ACC_1006565,SCEN_STR_741203,Structuring,structuring_deposit,True
TXN_6D387DA8D7,ACC_1006565,SCEN_STR_741203,Structuring,structuring_deposit,True
TXN_D74DEF4844,ACC_1006565,SCEN_STR_741203,Structuring,structuring_deposit,True
TXN_3B45B2D930,ACC_1005167,SCEN_STR_6da863,Structuring,structuring_deposit,True
TXN_80E009B551,ACC_1005167,SCEN_STR_6da863,Structuring,structuring_deposit,True
TXN_2CEB886A10,ACC_1005167,SCEN_STR_6da863,Structuring,structuring_deposit,True
TXN_D41E4EF813,ACC_1005167,SCEN_STR_6da863,Structuring,structuring_deposit,True
TXN_CC20372343,ACC_1005167,SCEN_STR_6da863,Structuring,structuring_deposit,True
TXN_88B3BD5CF1,ACC_1008953,SCEN_STR_89764f,Structuring,structuring_deposit,True
TXN_71E43C6BE2,ACC_1008953,SCEN_STR_89764f,Structuring,structuring_deposit,True
TXN_8391356970,ACC_1008953,SCEN_STR_89764f,Structuring,structuring_deposit,True
TXN_847D6FD5A1,ACC_1008953,SCEN_STR_89764f,Structuring,structuring_deposit,True
TXN_B41CB74411,ACC_1009152,SCEN_STR_51e29b,Structuring,structuring_deposit,True
TXN_A116EC581A,ACC_1009152,SCEN_STR_51e29b,Structuring,structuring_deposit,True
TXN_80A93D4EDB,ACC_1009152,SCEN_STR_51e29b,Structuring,structuring_deposit,True
TXN_E143AD2466,ACC_1009152,SCEN_STR_51e29b,Structuring,structuring_deposit,True
TXN_042AF9DBDA,ACC_1009152,SCEN_STR_51e29b,Structuring,structuring_deposit,True
TXN_BFC318A4B0,ACC_1006272,SCEN_STR_28b728,Structuring,structuring_deposit,True
TXN_253B6FB442,ACC_1006272,SCEN_STR_28b728,Structuring,structuring_deposit,True
TXN_AA63404F3B,ACC_1006272,SCEN_STR_28b728,Structuring,structuring_deposit,True
TXN_94D5A8DCBF,ACC_1006272,SCEN_STR_28b728,Structuring,structuring_deposit,True
TXN_FB7AD1D378,ACC_1004500,SCEN_STR_9e53f3,Structuring,structuring_deposit,True
TXN_6589E94981,ACC_1004500,SCEN_STR_9e53f3,Structuring,structuring_deposit,True
TXN_E698398A4B,ACC_1004500,SCEN_STR_9e53f3,Structuring,structuring_deposit,True
TXN_E94900358B,ACC_1004500,SCEN_STR_9e53f3,Structuring,structuring_deposit,True
TXN_54CE5581F1,ACC_1004500,SCEN_STR_9e53f3,Structuring,structuring_deposit,True
TXN_549B21B2A2,ACC_1011665,SCEN_STR_63f3f4,Structuring,structuring_deposit,True
TXN_D68AA80C04,ACC_1011665,SCEN_STR_63f3f4,Structuring,structuring_deposit,True
TXN_9EB8165134,ACC_1011665,SCEN_STR_63f3f4,Structuring,structuring_deposit,True
TXN_3267C50482,ACC_1011665,SCEN_STR_63f3f4,Structuring,structuring_deposit,True
TXN_94632B5431,ACC_1004788,SCEN_STR_1b5ddf,Structuring,structuring_deposit,True
TXN_07150FE9D3,ACC_1004788,SCEN_STR_1b5ddf,Structuring,structuring_deposit,True
TXN_061DDA8E51,ACC_1004788,SCEN_STR_1b5ddf,Structuring,structuring_deposit,True
TXN_6AA472ECE9,ACC_1004788,SCEN_STR_1b5ddf,Structuring,structuring_deposit,True
TXN_491C8CB101,ACC_1004788,SCEN_STR_1b5ddf,Structuring,structuring_deposit,True
TXN_7D994DAD9D,ACC_1004788,SCEN_STR_1b5ddf,Structuring,structuring_deposit,True
TXN_92C41EFDD7,ACC_1003516,SCEN_STR_cb1a55,Structuring,structuring_deposit,True
TXN_B10A281A97,ACC_1003516,SCEN_STR_cb1a55,Structuring,structuring_deposit,True
TXN_F760607EA3,ACC_1003516,SCEN_STR_cb1a55,Structuring,structuring_deposit,True
TXN_224103C8A9,ACC_1003516,SCEN_STR_cb1a55,Structuring,structuring_deposit,True
TXN_6C9846E903,ACC_1003516,SCEN_STR_cb1a55,Structuring,structuring_deposit,True
TXN_CDA4AD0C37,ACC_1007076,SCEN_STR_5eae0b,Structuring,structuring_deposit,True
TXN_121415FA26,ACC_1007076,SCEN_STR_5eae0b,Structuring,structuring_deposit,True
TXN_C1DE76F12D,ACC_1007076,SCEN_STR_5eae0b,Structuring,structuring_deposit,True
TXN_EC31718514,ACC_1007076,SCEN_STR_5eae0b,Structuring,structuring_deposit,True
TXN_58C9B31DDB,ACC_1007076,SCEN_STR_5eae0b,Structuring,structuring_deposit,True
TXN_CC556E6380,ACC_1007076,SCEN_STR_5eae0b,Structuring,structuring_deposit,True
TXN_2CDB855313,ACC_1001621,SCEN_STR_760f26,Structuring,structuring_deposit,True
TXN_B104BA7929,ACC_1001621,SCEN_STR_760f26,Structuring,structuring_deposit,True
TXN_CA7F4F67D9,ACC_1001621,SCEN_STR_760f26,Structuring,structuring_deposit,True
TXN_EC900C0E4E,ACC_1001621,SCEN_STR_760f26,Structuring,structuring_deposit,True
TXN_B02D6D808A,ACC_1001621,SCEN_STR_760f26,Structuring,structuring_deposit,True
TXN_09109069B7,ACC_1000718,SCEN_STR_fed58b,Structuring,structuring_deposit,True
TXN_653DA7F397,ACC_1000718,SCEN_STR_fed58b,Structuring,structuring_deposit,True
TXN_B376AA24AF,ACC_1000718,SCEN_STR_fed58b,Structuring,structuring_deposit,True
TXN_7B48902387,ACC_1000718,SCEN_STR_fed58b,Structuring,structuring_deposit,True
TXN_B0DA86B775,ACC_1005537,SCEN_STR_7e5ab6,Structuring,structuring_deposit,True
TXN_2DC8A9B7AE,ACC_1005537,SCEN_STR_7e5ab6,Structuring,structuring_deposit,True
TXN_2C4F2A1EBF,ACC_1005537,SCEN_STR_7e5ab6,Structuring,structuring_deposit,True
TXN_70499DDA02,ACC_1005537,SCEN_STR_7e5ab6,Structuring,structuring_deposit,True
TXN_EF5F3817C7,ACC_1005537,SCEN_STR_7e5ab6,Structuring,structuring_deposit,True
TXN_CC4571E768,ACC_1008368,SCEN_STR_836d34,Structuring,structuring_deposit,True
TXN_7BBBFED778,ACC_1008368,SCEN_STR_836d34,Structuring,structuring_deposit,True
TXN_A718223FD7,ACC_1008368,SCEN_STR_836d34,Structuring,structuring_deposit,True
TXN_23DF76A286,ACC_1008368,SCEN_STR_836d34,Structuring,structuring_deposit,True
TXN_E6C91C0D05,ACC_1002133,SCEN_STR_3b3a2a,Structuring,structuring_deposit,True
TXN_BA39AE16DE,ACC_1002133,SCEN_STR_3b3a2a,Structuring,structuring_deposit,True
TXN_412A0F75CE,ACC_1002133,SCEN_STR_3b3a2a,Structuring,structuring_deposit,True
TXN_53838ACCB6,ACC_1002133,SCEN_STR_3b3a2a,Structuring,structuring_deposit,True
TXN_3690BB2927,ACC_1002133,SCEN_STR_3b3a2a,Structuring,structuring_deposit,True
TXN_160D73657B,ACC_1002133,SCEN_STR_3b3a2a,Structuring,structuring_deposit,True
TXN_B9ECA39380,ACC_1003767,SCEN_STR_2df0e3,Structuring,structuring_deposit,True
TXN_235BD20D20,ACC_1003767,SCEN_STR_2df0e3,Structuring,structuring_deposit,True
TXN_2773E8DBB6,ACC_1003767,SCEN_STR_2df0e3,Structuring,structuring_deposit,True
TXN_382441B613,ACC_1003767,SCEN_STR_2df0e3,Structuring,structuring_deposit,True
TXN_2AB2F94E1C,ACC_1007273,SCEN_STR_d59573,Structuring,structuring_deposit,True
TXN_F796F0F986,ACC_1007273,SCEN_STR_d59573,Structuring,structuring_deposit,True
TXN_9873213018,ACC_1007273,SCEN_STR_d59573,Structuring,structuring_deposit,True
TXN_05CCBB2143,ACC_1007273,SCEN_STR_d59573,Structuring,structuring_deposit,True
TXN_91A16E0A01,ACC_1007273,SCEN_STR_d59573,Structuring,structuring_deposit,True
TXN_AA014678EB,ACC_1010388,SCEN_STR_1317e8,Structuring,structuring_deposit,True
TXN_D073B87A95,ACC_1010388,SCEN_STR_1317e8,Structuring,structuring_deposit,True
TXN_828303F90B,ACC_1010388,SCEN_STR_1317e8,Structuring,structuring_deposit,True
TXN_3302D864BE,ACC_1010388,SCEN_STR_1317e8,Structuring,structuring_deposit,True
TXN_46E5C27FC2,ACC_1002879,SCEN_STR_3e9b7c,Structuring,structuring_deposit,True
TXN_91C47E3AB0,ACC_1002879,SCEN_STR_3e9b7c,Structuring,structuring_deposit,True
TXN_4671E29639,ACC_1002879,SCEN_STR_3e9b7c,Structuring,structuring_deposit,True
TXN_2672235ED8,ACC_1002879,SCEN_STR_3e9b7c,Structuring,structuring_deposit,True
TXN_FC272AEA38,ACC_1002879,SCEN_STR_3e9b7c,Structuring,structuring_deposit,True
TXN_3670215C1D,ACC_1002879,SCEN_STR_3e9b7c,Structuring,structuring_deposit,True
TXN_9718D3B46F,ACC_1003605,SCEN_STR_6c011a,Structuring,structuring_deposit,True
TXN_1484598BCE,ACC_1003605,SCEN_STR_6c011a,Structuring,structuring_deposit,True
TXN_F4658B9899,ACC_1003605,SCEN_STR_6c011a,Structuring,structuring_deposit,True
TXN_8756ACA764,ACC_1003605,SCEN_STR_6c011a,Structuring,structuring_deposit,True
TXN_F2239FCF02,ACC_1008947,SCEN_STR_bb789a,Structuring,structuring_deposit,True
TXN_BC4869C640,ACC_1008947,SCEN_STR_bb789a,Structuring,structuring_deposit,True
TXN_22B31A0A12,ACC_1008947,SCEN_STR_bb789a,Structuring,structuring_deposit,True
TXN_61E35391B8,ACC_1008947,SCEN_STR_bb789a,Structuring,structuring_deposit,True
TXN_40FDE3BD49,ACC_1002657,SCEN_STR_74b4ac,Structuring,structuring_deposit,True
TXN_B35F739B36,ACC_1002657,SCEN_STR_74b4ac,Structuring,structuring_deposit,True
TXN_9E724DC7BE,ACC_1002657,SCEN_STR_74b4ac,Structuring,structuring_deposit,True
TXN_501A642E91,ACC_1002657,SCEN_STR_74b4ac,Structuring,structuring_deposit,True
TXN_D23EAFF8CB,ACC_1002657,SCEN_STR_74b4ac,Structuring,structuring_deposit,True
TXN_4D6963C502,ACC_1001013,SCEN_STR_8f000d,Structuring,structuring_deposit,True
TXN_DFDDF79B84,ACC_1001013,SCEN_STR_8f000d,Structuring,structuring_deposit,True
TXN_ED5B614011,ACC_1001013,SCEN_STR_8f000d,Structuring,structuring_deposit,True
TXN_9AD1FAC550,ACC_1001013,SCEN_STR_8f000d,Structuring,structuring_deposit,True
TXN_D5A666D646,ACC_1009835,SCEN_STR_0bcac6,Structuring,structuring_deposit,True
TXN_15A90D3883,ACC_1009835,SCEN_STR_0bcac6,Structuring,structuring_deposit,True
TXN_11BAE1FF30,ACC_1009835,SCEN_STR_0bcac6,Structuring,structuring_deposit,True
TXN_D453A819D8,ACC_1009835,SCEN_STR_0bcac6,Structuring,structuring_deposit,True
TXN_41F3F9E37E,ACC_1009559,SCEN_STR_ffc218,Structuring,structuring_deposit,True
TXN_C7E4C78AB7,ACC_1009559,SCEN_STR_ffc218,Structuring,structuring_deposit,True
TXN_C428887750,ACC_1009559,SCEN_STR_ffc218,Structuring,structuring_deposit,True
TXN_E3D1A99466,ACC_1009559,SCEN_STR_ffc218,Structuring,structuring_deposit,True
TXN_11679ABFA0,ACC_1009559,SCEN_STR_ffc218,Structuring,structuring_deposit,True
TXN_EE9CAEAD6E,ACC_1009559,SCEN_STR_ffc218,Structuring,structuring_deposit,True
TXN_942E0C1492,ACC_1011171,SCEN_STR_9376dc,Structuring,structuring_deposit,True
TXN_E66FEB22DD,ACC_1011171,SCEN_STR_9376dc,Structuring,structuring_deposit,True
TXN_A79BF21AD2,ACC_1011171,SCEN_STR_9376dc,Structuring,structuring_deposit,True
TXN_DE9ECBE71C,ACC_1011171,SCEN_STR_9376dc,Structuring,structuring_deposit,True
TXN_A25ADA8533,ACC_1011171,SCEN_STR_9376dc,Structuring,structuring_deposit,True
TXN_3D218DE9D5,ACC_1011171,SCEN_STR_9376dc,Structuring,structuring_deposit,True
TXN_AB8519FEF9,ACC_1004542,SCEN_STR_2193c1,Structuring,structuring_deposit,True
TXN_BE7430CE8A,ACC_1004542,SCEN_STR_2193c1,Structuring,structuring_deposit,True
TXN_8BC93E02E4,ACC_1004542,SCEN_STR_2193c1,Structuring,structuring_deposit,True
TXN_EEE61F013E,ACC_1004542,SCEN_STR_2193c1,Structuring,structuring_deposit,True
TXN_7F4580BD54,ACC_1004542,SCEN_STR_2193c1,Structuring,structuring_deposit,True
TXN_389B2C477A,ACC_1004542,SCEN_STR_2193c1,Structuring,structuring_deposit,True
TXN_A700813E3F,ACC_1005471,SCEN_STR_936ff5,Structuring,structuring_deposit,True
TXN_C1592B0EE0,ACC_1005471,SCEN_STR_936ff5,Structuring,structuring_deposit,True
TXN_9FB677C376,ACC_1005471,SCEN_STR_936ff5,Structuring,structuring_deposit,True
TXN_29CEB279ED,ACC_1005471,SCEN_STR_936ff5,Structuring,structuring_deposit,True
TXN_5EBC394391,ACC_1005471,SCEN_STR_936ff5,Structuring,structuring_deposit,True
TXN_5DBAD89760,ACC_1005657,SCEN_STR_8be9bb,Structuring,structuring_deposit,True
TXN_1396E9AE5A,ACC_1005657,SCEN_STR_8be9bb,Structuring,structuring_deposit,True
TXN_97D13D72A5,ACC_1005657,SCEN_STR_8be9bb,Structuring,structuring_deposit,True
TXN_499733B225,ACC_1005657,SCEN_STR_8be9bb,Structuring,structuring_deposit,True
TXN_1350005A15,ACC_1005657,SCEN_STR_8be9bb,Structuring,structuring_deposit,True
TXN_B45FD886D6,ACC_1005657,SCEN_STR_8be9bb,Structuring,structuring_deposit,True
TXN_D9F5E19028,ACC_1002939,SCEN_STR_bfd700,Structuring,structuring_deposit,True
TXN_2C8EE77532,ACC_1002939,SCEN_STR_bfd700,Structuring,structuring_deposit,True
TXN_FA330E65E8,ACC_1002939,SCEN_STR_bfd700,Structuring,structuring_deposit,True
TXN_472F3B5320,ACC_1002939,SCEN_STR_bfd700,Structuring,structuring_deposit,True
TXN_2249FDD6CF,ACC_1002939,SCEN_STR_bfd700,Structuring,structuring_deposit,True
TXN_EE48928D69,ACC_1006789,SCEN_RAP_4b4eed,Rapid Movement,source_funding,True
TXN_5D96F5C230,ACC_1006789,SCEN_RAP_4b4eed,Rapid Movement,rapid_outflow,True
TXN_11A2183969,ACC_1009786,SCEN_RAP_2d4641,Rapid Movement,source_funding,True
TXN_0B41B598AA,ACC_1009786,SCEN_RAP_2d4641,Rapid Movement,rapid_outflow,True
TXN_3ED2600AE6,ACC_1002407,SCEN_RAP_f5cda1,Rapid Movement,source_funding,True
TXN_38B807E3D6,ACC_1002407,SCEN_RAP_f5cda1,Rapid Movement,rapid_outflow,True
TXN_317684E0CF,ACC_1006201,SCEN_RAP_733a59,Rapid Movement,source_funding,True
TXN_7B664469AC,ACC_1006201,SCEN_RAP_733a59,Rapid Movement,rapid_outflow,True
TXN_8904D17790,ACC_1009688,SCEN_RAP_2d2f87,Rapid Movement,source_funding,True
TXN_284233DBB0,ACC_1009688,SCEN_RAP_2d2f87,Rapid Movement,rapid_outflow,True
TXN_8CE9A84A38,ACC_1005101,SCEN_RAP_5af143,Rapid Movement,source_funding,True
TXN_983B2D702C,ACC_1005101,SCEN_RAP_5af143,Rapid Movement,rapid_outflow,True
TXN_E602553EB3,ACC_1010733,SCEN_RAP_c21346,Rapid Movement,source_funding,True
TXN_1A60018C1F,ACC_1010733,SCEN_RAP_c21346,Rapid Movement,rapid_outflow,True
TXN_3629C93FD7,ACC_1001552,SCEN_RAP_7db000,Rapid Movement,source_funding,True
TXN_4D8B982AAC,ACC_1001552,SCEN_RAP_7db000,Rapid Movement,rapid_outflow,True
TXN_46FC82E89D,ACC_1008051,SCEN_RAP_908fc3,Rapid Movement,source_funding,True
TXN_B2D521D0DC,ACC_1008051,SCEN_RAP_908fc3,Rapid Movement,rapid_outflow,True
TXN_1369F41FBE,ACC_1003686,SCEN_RAP_505024,Rapid Movement,source_funding,True
TXN_97018EA080,ACC_1003686,SCEN_RAP_505024,Rapid Movement,rapid_outflow,True
TXN_39903400B9,ACC_1005538,SCEN_RAP_ff6597,Rapid Movement,source_funding,True
TXN_6831DA1C3D,ACC_1005538,SCEN_RAP_ff6597,Rapid Movement,rapid_outflow,True
TXN_5CE7EE6C71,ACC_1008373,SCEN_RAP_c2aa9a,Rapid Movement,source_funding,True
TXN_B88989799E,ACC_1008373,SCEN_RAP_c2aa9a,Rapid Movement,rapid_outflow,True
TXN_D513CEE8D8,ACC_1005162,SCEN_RAP_84e615,Rapid Movement,source_funding,True
TXN_9CCC845BF0,ACC_1005162,SCEN_RAP_84e615,Rapid Movement,rapid_outflow,True
TXN_002DF1A1C4,ACC_1001939,SCEN_RAP_048f9b,Rapid Movement,source_funding,True
TXN_6C0A06F85C,ACC_1001939,SCEN_RAP_048f9b,Rapid Movement,rapid_outflow,True
TXN_D136E7BBF0,ACC_1010643,SCEN_RAP_6bc51a,Rapid Movement,source_funding,True
TXN_2FAE5A96E8,ACC_1010643,SCEN_RAP_6bc51a,Rapid Movement,rapid_outflow,True
TXN_E13ADA1ACE,ACC_1006316,SCEN_RAP_f87255,Rapid Movement,source_funding,True
TXN_902287E810,ACC_1006316,SCEN_RAP_f87255,Rapid Movement,rapid_outflow,True
TXN_65570A68B3,ACC_1002558,SCEN_RAP_c91108,Rapid Movement,source_funding,True
TXN_2E07A38FA9,ACC_1002558,SCEN_RAP_c91108,Rapid Movement,rapid_outflow,True
TXN_C4927A81E8,ACC_1010655,SCEN_RAP_4fe93d,Rapid Movement,source_funding,True
TXN_52E7E05D19,ACC_1010655,SCEN_RAP_4fe93d,Rapid Movement,rapid_outflow,True
TXN_4836D6D030,ACC_1003456,SCEN_RAP_8bc6ee,Rapid Movement,source_funding,True
TXN_866184C5DD,ACC_1003456,SCEN_RAP_8bc6ee,Rapid Movement,rapid_outflow,True
TXN_BF0A03EE78,ACC_1006159,SCEN_RAP_57439e,Rapid Movement,source_funding,True
TXN_568688CB24,ACC_1006159,SCEN_RAP_57439e,Rapid Movement,rapid_outflow,True
TXN_3E0EA7F5D4,ACC_1002071,SCEN_RAP_fab520,Rapid Movement,source_funding,True
TXN_237624AB92,ACC_1002071,SCEN_RAP_fab520,Rapid Movement,rapid_outflow,True
TXN_F89C1843B2,ACC_1006947,SCEN_RAP_d12a46,Rapid Movement,source_funding,True
TXN_D8F981160A,ACC_1006947,SCEN_RAP_d12a46,Rapid Movement,rapid_outflow,True
TXN_3DC3FF31C5,ACC_1011287,SCEN_RAP_084d80,Rapid Movement,source_funding,True
TXN_474EEC312B,ACC_1011287,SCEN_RAP_084d80,Rapid Movement,rapid_outflow,True
TXN_1D49C9A8D6,ACC_1003525,SCEN_RAP_8043fc,Rapid Movement,source_funding,True
TXN_6EF9C388C6,ACC_1003525,SCEN_RAP_8043fc,Rapid Movement,rapid_outflow,True
TXN_61C3820847,ACC_1002791,SCEN_RAP_331ed6,Rapid Movement,source_funding,True
TXN_1C21CC26C2,ACC_1002791,SCEN_RAP_331ed6,Rapid Movement,rapid_outflow,True
TXN_207287FA20,ACC_1003523,SCEN_RAP_176c4c,Rapid Movement,source_funding,True
TXN_04206D8332,ACC_1003523,SCEN_RAP_176c4c,Rapid Movement,rapid_outflow,True
TXN_F96360C8B5,ACC_1009101,SCEN_RAP_86b140,Rapid Movement,source_funding,True
TXN_F1D1251EC4,ACC_1009101,SCEN_RAP_86b140,Rapid Movement,rapid_outflow,True
TXN_56E58CA451,ACC_1010141,SCEN_RAP_7b52bc,Rapid Movement,source_funding,True
TXN_565D55BCAB,ACC_1010141,SCEN_RAP_7b52bc,Rapid Movement,rapid_outflow,True
TXN_E443E3EFF2,ACC_1008285,SCEN_RAP_75296f,Rapid Movement,source_funding,True
TXN_CC35311B0C,ACC_1008285,SCEN_RAP_75296f,Rapid Movement,rapid_outflow,True
TXN_EBDA06BC1C,ACC_1009215,SCEN_RAP_584758,Rapid Movement,source_funding,True
TXN_B1DA939334,ACC_1009215,SCEN_RAP_584758,Rapid Movement,rapid_outflow,True
TXN_585B4AE29A,ACC_1005384,SCEN_RAP_9a213f,Rapid Movement,source_funding,True
TXN_FC1EC6D133,ACC_1005384,SCEN_RAP_9a213f,Rapid Movement,rapid_outflow,True
TXN_4F2E2F1EF4,ACC_1008370,SCEN_RAP_998908,Rapid Movement,source_funding,True
TXN_380C5E7A8B,ACC_1008370,SCEN_RAP_998908,Rapid Movement,rapid_outflow,True
TXN_7A57D88464,ACC_1005459,SCEN_RAP_4061c3,Rapid Movement,source_funding,True
TXN_871266C707,ACC_1005459,SCEN_RAP_4061c3,Rapid Movement,rapid_outflow,True
TXN_9A36EE484D,ACC_1011533,SCEN_RAP_1a8878,Rapid Movement,source_funding,True
TXN_54537C71FA,ACC_1011533,SCEN_RAP_1a8878,Rapid Movement,rapid_outflow,True
TXN_4CF1EA751C,ACC_1005816,SCEN_RAP_f29fa4,Rapid Movement,source_funding,True
TXN_8547C99588,ACC_1005816,SCEN_RAP_f29fa4,Rapid Movement,rapid_outflow,True
TXN_21438F8FAF,ACC_1004492,SCEN_RAP_00a4bb,Rapid Movement,source_funding,True
TXN_25302A18A3,ACC_1004492,SCEN_RAP_00a4bb,Rapid Movement,rapid_outflow,True
TXN_CD56BCB29F,ACC_1002664,SCEN_RAP_4e122c,Rapid Movement,source_funding,True
TXN_BA7092E514,ACC_1002664,SCEN_RAP_4e122c,Rapid Movement,rapid_outflow,True
TXN_926788ABE2,ACC_1004535,SCEN_RAP_a0a2b4,Rapid Movement,source_funding,True
TXN_954107A6C9,ACC_1004535,SCEN_RAP_a0a2b4,Rapid Movement,rapid_outflow,True
TXN_0DBD5B7759,ACC_1009593,SCEN_RAP_eb2b47,Rapid Movement,source_funding,True
TXN_1DFF601465,ACC_1009593,SCEN_RAP_eb2b47,Rapid Movement,rapid_outflow,True
TXN_AE905BAB7F,ACC_1007241,SCEN_RAP_d3c42c,Rapid Movement,source_funding,True
TXN_D54E897174,ACC_1007241,SCEN_RAP_d3c42c,Rapid Movement,rapid_outflow,True
TXN_ED592400E9,ACC_1001687,SCEN_RAP_bbabac,Rapid Movement,source_funding,True
TXN_940848941D,ACC_1001687,SCEN_RAP_bbabac,Rapid Movement,rapid_outflow,True
TXN_67438956D1,ACC_1008799,SCEN_RAP_5387e5,Rapid Movement,source_funding,True
TXN_CCC11D0D30,ACC_1008799,SCEN_RAP_5387e5,Rapid Movement,rapid_outflow,True
TXN_CE45D6EF76,ACC_1002938,SCEN_RAP_4e473c,Rapid Movement,source_funding,True
TXN_35DEB8D162,ACC_1002938,SCEN_RAP_4e473c,Rapid Movement,rapid_outflow,True
TXN_2F3962E9F1,ACC_1004391,SCEN_RAP_c0c7df,Rapid Movement,source_funding,True
TXN_C365EB8DA6,ACC_1004391,SCEN_RAP_c0c7df,Rapid Movement,rapid_outflow,True
TXN_F40DA26473,ACC_1008592,SCEN_RAP_dfa549,Rapid Movement,source_funding,True
TXN_1CA70F256F,ACC_1008592,SCEN_RAP_dfa549,Rapid Movement,rapid_outflow,True
TXN_123CA31A2B,ACC_1002547,SCEN_RAP_2db697,Rapid Movement,source_funding,True
TXN_BC8E0C4A5E,ACC_1002547,SCEN_RAP_2db697,Rapid Movement,rapid_outflow,True
TXN_A556DE97C8,ACC_1007767,SCEN_RAP_c48fb6,Rapid Movement,source_funding,True
TXN_397259AC03,ACC_1007767,SCEN_RAP_c48fb6,Rapid Movement,rapid_outflow,True
TXN_2ED2095CD8,ACC_1002031,SCEN_RAP_00d4fd,Rapid Movement,source_funding,True
TXN_B5BBE57A6F,ACC_1002031,SCEN_RAP_00d4fd,Rapid Movement,rapid_outflow,True
TXN_626D6CCA71,ACC_1002942,SCEN_RAP_843c14,Rapid Movement,source_funding,True
TXN_7B0BEB6863,ACC_1002942,SCEN_RAP_843c14,Rapid Movement,rapid_outflow,True
TXN_5D0395BF45,ACC_1009248,SCEN_RAP_b29a96,Rapid Movement,source_funding,True
TXN_9207AC4B4A,ACC_1009248,SCEN_RAP_b29a96,Rapid Movement,rapid_outflow,True
TXN_CE19784286,ACC_1009919,SCEN_RAP_46aa82,Rapid Movement,source_funding,True
TXN_3B76BB0A88,ACC_1009919,SCEN_RAP_46aa82,Rapid Movement,rapid_outflow,True
TXN_33147B0399,ACC_1004866,SCEN_RAP_a5296d,Rapid Movement,source_funding,True
TXN_8ED8F9BB6F,ACC_1004866,SCEN_RAP_a5296d,Rapid Movement,rapid_outflow,True
TXN_6CCFB10F00,ACC_1007916,SCEN_RAP_96cf71,Rapid Movement,source_funding,True
TXN_1E300D3ECF,ACC_1007916,SCEN_RAP_96cf71,Rapid Movement,rapid_outflow,True
TXN_D29E788E01,ACC_1000672,SCEN_RAP_89e4cb,Rapid Movement,source_funding,True
TXN_D08B6579D2,ACC_1000672,SCEN_RAP_89e4cb,Rapid Movement,rapid_outflow,True
TXN_B2E11B84EF,ACC_1002849,SCEN_RAP_800c70,Rapid Movement,source_funding,True
TXN_DFE1653B3B,ACC_1002849,SCEN_RAP_800c70,Rapid Movement,rapid_outflow,True
TXN_47D5D654AF,ACC_1002886,SCEN_RAP_ea1e35,Rapid Movement,source_funding,True
TXN_D4332D6163,ACC_1002886,SCEN_RAP_ea1e35,Rapid Movement,rapid_outflow,True
TXN_7C9B8CF9CD,ACC_1001757,SCEN_RAP_d0f285,Rapid Movement,source_funding,True
TXN_26E9DD4BC4,ACC_1001757,SCEN_RAP_d0f285,Rapid Movement,rapid_outflow,True
TXN_90508FF61F,ACC_1009797,SCEN_RAP_406219,Rapid Movement,source_funding,True
TXN_BBE04A0115,ACC_1009797,SCEN_RAP_406219,Rapid Movement,rapid_outflow,True
TXN_C1FDDD3099,ACC_1004232,SCEN_RAP_83cbb4,Rapid Movement,source_funding,True
TXN_5D3579C524,ACC_1004232,SCEN_RAP_83cbb4,Rapid Movement,rapid_outflow,True
TXN_2512224D94,ACC_1002770,SCEN_RAP_8ebc5d,Rapid Movement,source_funding,True
TXN_3E9B060BA1,ACC_1002770,SCEN_RAP_8ebc5d,Rapid Movement,rapid_outflow,True
TXN_1B79D56132,ACC_1000374,SCEN_RAP_e528e6,Rapid Movement,source_funding,True
TXN_740DF961F5,ACC_1000374,SCEN_RAP_e528e6,Rapid Movement,rapid_outflow,True
TXN_5EA4B69D0C,ACC_1000550,SCEN_RAP_80a399,Rapid Movement,source_funding,True
TXN_1172205037,ACC_1000550,SCEN_RAP_80a399,Rapid Movement,rapid_outflow,True
TXN_5655E3CCF6,ACC_1009626,SCEN_RAP_5987cf,Rapid Movement,source_funding,True
TXN_481D7048C4,ACC_1009626,SCEN_RAP_5987cf,Rapid Movement,rapid_outflow,True
TXN_5D7345C7A3,ACC_1002963,SCEN_RAP_da4a89,Rapid Movement,source_funding,True
TXN_3ED855DC02,ACC_1002963,SCEN_RAP_da4a89,Rapid Movement,rapid_outflow,True
TXN_A4D161D46B,ACC_1005541,SCEN_RAP_e8b79b,Rapid Movement,source_funding,True
TXN_E9DAA7342E,ACC_1005541,SCEN_RAP_e8b79b,Rapid Movement,rapid_outflow,True
TXN_D3CBCAFE0D,ACC_1000812,SCEN_RAP_5d5bd0,Rapid Movement,source_funding,True
TXN_B12EDB3B83,ACC_1000812,SCEN_RAP_5d5bd0,Rapid Movement,rapid_outflow,True
TXN_EF2B95AE6E,ACC_1000496,SCEN_RAP_ac8167,Rapid Movement,source_funding,True
TXN_B2E4AC59D8,ACC_1000496,SCEN_RAP_ac8167,Rapid Movement,rapid_outflow,True
TXN_F627D0A1C9,ACC_1005066,SCEN_RAP_853b62,Rapid Movement,source_funding,True
TXN_1550B7B2D8,ACC_1005066,SCEN_RAP_853b62,Rapid Movement,rapid_outflow,True
TXN_28F2EBFA0D,ACC_1010245,SCEN_RAP_2f3cc9,Rapid Movement,source_funding,True
TXN_9E860CE3E9,ACC_1010245,SCEN_RAP_2f3cc9,Rapid Movement,rapid_outflow,True
TXN_B6EF397C25,ACC_1010041,SCEN_RAP_83cb0a,Rapid Movement,source_funding,True
TXN_53EF61704B,ACC_1010041,SCEN_RAP_83cb0a,Rapid Movement,rapid_outflow,True
TXN_32F45889DF,ACC_1004587,SCEN_RAP_1c3cb9,Rapid Movement,source_funding,True
TXN_5F8068560B,ACC_1004587,SCEN_RAP_1c3cb9,Rapid Movement,rapid_outflow,True
TXN_4C5E4E53A7,ACC_1011352,SCEN_RAP_c0ec39,Rapid Movement,source_funding,True
TXN_E290DF2FCC,ACC_1011352,SCEN_RAP_c0ec39,Rapid Movement,rapid_outflow,True
TXN_1F47F769D2,ACC_1003882,SCEN_RAP_e945ee,Rapid Movement,source_funding,True
TXN_B3AE9DA105,ACC_1003882,SCEN_RAP_e945ee,Rapid Movement,rapid_outflow,True
TXN_FFB77171D4,ACC_1005459,SCEN_RAP_382417,Rapid Movement,source_funding,True
TXN_B4DB1116BC,ACC_1005459,SCEN_RAP_382417,Rapid Movement,rapid_outflow,True
TXN_EBB7F5FC1F,ACC_1008665,SCEN_RAP_c936e9,Rapid Movement,source_funding,True
TXN_FBCA30F289,ACC_1008665,SCEN_RAP_c936e9,Rapid Movement,rapid_outflow,True
TXN_22B290DD65,ACC_1007651,SCEN_RAP_4a40e9,Rapid Movement,source_funding,True
TXN_966441A43D,ACC_1007651,SCEN_RAP_4a40e9,Rapid Movement,rapid_outflow,True
TXN_E803CC6547,ACC_1007507,SCEN_RAP_1dd2de,Rapid Movement,source_funding,True
TXN_BBAE578A66,ACC_1007507,SCEN_RAP_1dd2de,Rapid Movement,rapid_outflow,True
TXN_6679073014,ACC_1009709,SCEN_RAP_f44b23,Rapid Movement,source_funding,True
TXN_7A509BBE2E,ACC_1009709,SCEN_RAP_f44b23,Rapid Movement,rapid_outflow,True
TXN_C8202A6F11,ACC_1002814,SCEN_RAP_f581e1,Rapid Movement,source_funding,True
TXN_31E568F3FC,ACC_1002814,SCEN_RAP_f581e1,Rapid Movement,rapid_outflow,True
TXN_6452F97020,ACC_1001410,SCEN_RAP_92e8d9,Rapid Movement,source_funding,True
TXN_C7A21D64F6,ACC_1001410,SCEN_RAP_92e8d9,Rapid Movement,rapid_outflow,True
TXN_0AC50A16C8,ACC_1000629,SCEN_RAP_c602eb,Rapid Movement,source_funding,True
TXN_69E03F6BD7,ACC_1000629,SCEN_RAP_c602eb,Rapid Movement,rapid_outflow,True
TXN_14769C843B,ACC_1005524,SCEN_RAP_684797,Rapid Movement,source_funding,True
TXN_A56521A79C,ACC_1005524,SCEN_RAP_684797,Rapid Movement,rapid_outflow,True
TXN_76400CA52D,ACC_1005042,SCEN_RAP_4684bd,Rapid Movement,source_funding,True
TXN_D4C7E7C6C9,ACC_1005042,SCEN_RAP_4684bd,Rapid Movement,rapid_outflow,True
TXN_5AA3E4E752,ACC_1004097,SCEN_RAP_d778d0,Rapid Movement,source_funding,True
TXN_45A966AFE2,ACC_1004097,SCEN_RAP_d778d0,Rapid Movement,rapid_outflow,True
TXN_01231F15DA,ACC_1000299,SCEN_RAP_6cf79b,Rapid Movement,source_funding,True
TXN_AEC884AD43,ACC_1000299,SCEN_RAP_6cf79b,Rapid Movement,rapid_outflow,True
TXN_355BF3B548,ACC_1008348,SCEN_RAP_08ad1c,Rapid Movement,source_funding,True
TXN_224FA277F1,ACC_1008348,SCEN_RAP_08ad1c,Rapid Movement,rapid_outflow,True
TXN_EE73941AED,ACC_1011387,SCEN_RAP_bf1dd6,Rapid Movement,source_funding,True
TXN_FD5724E81F,ACC_1011387,SCEN_RAP_bf1dd6,Rapid Movement,rapid_outflow,True
TXN_F4B96D26B1,ACC_1010036,SCEN_RAP_bd622f,Rapid Movement,source_funding,True
TXN_2963A3A5D7,ACC_1010036,SCEN_RAP_bd622f,Rapid Movement,rapid_outflow,True
TXN_1252F38941,ACC_1009748,SCEN_RAP_a4466d,Rapid Movement,source_funding,True
TXN_21303DA18A,ACC_1009748,SCEN_RAP_a4466d,Rapid Movement,rapid_outflow,True
TXN_6B9B3F2232,ACC_1009341,SCEN_RAP_dddbfe,Rapid Movement,source_funding,True
TXN_09B6FE55CF,ACC_1009341,SCEN_RAP_dddbfe,Rapid Movement,rapid_outflow,True
TXN_178EF3A0EF,ACC_1007776,SCEN_RAP_574883,Rapid Movement,source_funding,True
TXN_7D92A2A964,ACC_1007776,SCEN_RAP_574883,Rapid Movement,rapid_outflow,True
TXN_0ED9FD07D0,ACC_1007751,SCEN_RAP_a48a31,Rapid Movement,source_funding,True
TXN_08320BD3B5,ACC_1007751,SCEN_RAP_a48a31,Rapid Movement,rapid_outflow,True
TXN_58598EA253,ACC_1001180,SCEN_RAP_c6828e,Rapid Movement,source_funding,True
TXN_E2C35E3099,ACC_1001180,SCEN_RAP_c6828e,Rapid Movement,rapid_outflow,True
TXN_21726C9472,ACC_1004434,SCEN_RAP_3607cf,Rapid Movement,source_funding,True
TXN_296725572A,ACC_1004434,SCEN_RAP_3607cf,Rapid Movement,rapid_outflow,True
TXN_8ABE400E2C,ACC_1010210,SCEN_RAP_1d409f,Rapid Movement,source_funding,True
TXN_707D2CDD79,ACC_1010210,SCEN_RAP_1d409f,Rapid Movement,rapid_outflow,True
TXN_06CED35945,ACC_1005349,SCEN_RAP_fdad1b,Rapid Movement,source_funding,True
TXN_D59C4D7536,ACC_1005349,SCEN_RAP_fdad1b,Rapid Movement,rapid_outflow,True
TXN_DD15D430A9,ACC_1010499,SCEN_RAP_6c1bbb,Rapid Movement,source_funding,True
TXN_86C4E5CCCF,ACC_1010499,SCEN_RAP_6c1bbb,Rapid Movement,rapid_outflow,True
TXN_145ADA887E,ACC_1005636,SCEN_RAP_21465a,Rapid Movement,source_funding,True
TXN_D3A03B8806,ACC_1005636,SCEN_RAP_21465a,Rapid Movement,rapid_outflow,True
TXN_76A322A10A,ACC_1007513,SCEN_RAP_54fc70,Rapid Movement,source_funding,True
TXN_3BF9A7DD56,ACC_1007513,SCEN_RAP_54fc70,Rapid Movement,rapid_outflow,True
TXN_E0EB75D446,ACC_1000934,SCEN_RAP_5af4a3,Rapid Movement,source_funding,True
TXN_7FB86A4054,ACC_1000934,SCEN_RAP_5af4a3,Rapid Movement,rapid_outflow,True
TXN_E8066EB519,ACC_1009611,SCEN_LAY_be2465,Layering,layer_source,True
TXN_CBE4A20444,ACC_1003830,SCEN_LAY_be2465,Layering,layer_hop_1,True
TXN_6CB293EDD2,ACC_1003830,SCEN_LAY_be2465,Layering,layer_hop_1,True
TXN_F7C5D7C630,ACC_1006353,SCEN_LAY_be2465,Layering,layer_hop_2,True
TXN_037AC4C3E7,ACC_1006353,SCEN_LAY_be2465,Layering,layer_destination,True
TXN_D2D76BE1AE,ACC_1003094,SCEN_LAY_b96db9,Layering,layer_source,True
TXN_8639F15542,ACC_1007693,SCEN_LAY_b96db9,Layering,layer_hop_1,True
TXN_FE2F9ABFB2,ACC_1007693,SCEN_LAY_b96db9,Layering,layer_hop_1,True
TXN_F09D08E9D0,ACC_1001157,SCEN_LAY_b96db9,Layering,layer_hop_2,True
TXN_A33C72E5ED,ACC_1001157,SCEN_LAY_b96db9,Layering,layer_destination,True
TXN_01A976FF5C,ACC_1003946,SCEN_LAY_207df2,Layering,layer_source,True
TXN_572F536DA8,ACC_1010459,SCEN_LAY_207df2,Layering,layer_hop_1,True
TXN_1BAD5595F4,ACC_1010459,SCEN_LAY_207df2,Layering,layer_hop_1,True
TXN_38283F74CC,ACC_1004748,SCEN_LAY_207df2,Layering,layer_hop_2,True
TXN_91332526D5,ACC_1004748,SCEN_LAY_207df2,Layering,layer_destination,True
TXN_3CC5005CF4,ACC_1004156,SCEN_LAY_8df33a,Layering,layer_source,True
TXN_645ADCB676,ACC_1007662,SCEN_LAY_8df33a,Layering,layer_hop_1,True
TXN_65595AB69C,ACC_1007662,SCEN_LAY_8df33a,Layering,layer_hop_1,True
TXN_ABEC104538,ACC_1008970,SCEN_LAY_8df33a,Layering,layer_hop_2,True
TXN_7E3B859FA4,ACC_1008970,SCEN_LAY_8df33a,Layering,layer_destination,True
TXN_71B9B3D274,ACC_1001708,SCEN_LAY_f8c09e,Layering,layer_source,True
TXN_6604408ABC,ACC_1005998,SCEN_LAY_f8c09e,Layering,layer_hop_1,True
TXN_F1793C241A,ACC_1005998,SCEN_LAY_f8c09e,Layering,layer_hop_1,True
TXN_F0C33EA12C,ACC_1001502,SCEN_LAY_f8c09e,Layering,layer_hop_2,True
TXN_AD61B470B0,ACC_1001502,SCEN_LAY_f8c09e,Layering,layer_destination,True
TXN_77CCAD2EAB,ACC_1002272,SCEN_LAY_d7ab3b,Layering,layer_source,True
TXN_F8155E11C4,ACC_1002352,SCEN_LAY_d7ab3b,Layering,layer_hop_1,True
TXN_3A0673D8D4,ACC_1002352,SCEN_LAY_d7ab3b,Layering,layer_hop_1,True
TXN_80DC44E93A,ACC_1003280,SCEN_LAY_d7ab3b,Layering,layer_hop_2,True
TXN_4563674A43,ACC_1003280,SCEN_LAY_d7ab3b,Layering,layer_destination,True
TXN_D8FCC05899,ACC_1005232,SCEN_LAY_effbce,Layering,layer_source,True
TXN_EEB663E581,ACC_1011547,SCEN_LAY_effbce,Layering,layer_hop_1,True
TXN_8F0D33D61B,ACC_1011547,SCEN_LAY_effbce,Layering,layer_hop_1,True
TXN_9A290287B9,ACC_1003369,SCEN_LAY_effbce,Layering,layer_hop_2,True
TXN_3F04D2E6E8,ACC_1003369,SCEN_LAY_effbce,Layering,layer_destination,True
TXN_449190BD5F,ACC_1009982,SCEN_LAY_94a7ca,Layering,layer_source,True
TXN_8863127AB9,ACC_1007161,SCEN_LAY_94a7ca,Layering,layer_hop_1,True
TXN_24F7F0FDB9,ACC_1007161,SCEN_LAY_94a7ca,Layering,layer_hop_1,True
TXN_085C949DB7,ACC_1006635,SCEN_LAY_94a7ca,Layering,layer_hop_2,True
TXN_609270FB6C,ACC_1006635,SCEN_LAY_94a7ca,Layering,layer_destination,True
TXN_9807F68AA8,ACC_1008219,SCEN_LAY_9549f3,Layering,layer_source,True
TXN_368271D0A2,ACC_1004122,SCEN_LAY_9549f3,Layering,layer_hop_1,True
TXN_073C6364AA,ACC_1004122,SCEN_LAY_9549f3,Layering,layer_hop_1,True
TXN_427CCB2B3D,ACC_1001558,SCEN_LAY_9549f3,Layering,layer_hop_2,True
TXN_3A707D9984,ACC_1001558,SCEN_LAY_9549f3,Layering,layer_destination,True
TXN_BC2277096C,ACC_1006536,SCEN_LAY_53a492,Layering,layer_source,True
TXN_170015D4DF,ACC_1004794,SCEN_LAY_53a492,Layering,layer_hop_1,True
TXN_24F97FD2B7,ACC_1004794,SCEN_LAY_53a492,Layering,layer_hop_1,True
TXN_20E81AC3C9,ACC_1005896,SCEN_LAY_53a492,Layering,layer_hop_2,True
TXN_54BDDC80F8,ACC_1005896,SCEN_LAY_53a492,Layering,layer_destination,True
TXN_3FBD08FCB9,ACC_1002733,SCEN_LAY_effaa7,Layering,layer_source,True
TXN_28F5290157,ACC_1001130,SCEN_LAY_effaa7,Layering,layer_hop_1,True
TXN_082BD94C39,ACC_1001130,SCEN_LAY_effaa7,Layering,layer_hop_1,True
TXN_A509FFE4FC,ACC_1000862,SCEN_LAY_effaa7,Layering,layer_hop_2,True
TXN_7269D81A23,ACC_1000862,SCEN_LAY_effaa7,Layering,layer_destination,True
TXN_C65DC4B844,ACC_1005101,SCEN_LAY_1fe55a,Layering,layer_source,True
TXN_AD8AE44A89,ACC_1000382,SCEN_LAY_1fe55a,Layering,layer_hop_1,True
TXN_9D8544973E,ACC_1000382,SCEN_LAY_1fe55a,Layering,layer_hop_1,True
TXN_291F575493,ACC_1006801,SCEN_LAY_1fe55a,Layering,layer_hop_2,True
TXN_28D96A7180,ACC_1006801,SCEN_LAY_1fe55a,Layering,layer_destination,True
TXN_B7CBEA2026,ACC_1005718,SCEN_LAY_b78718,Layering,layer_source,True
TXN_3384842605,ACC_1000761,SCEN_LAY_b78718,Layering,layer_hop_1,True
TXN_BB03508A81,ACC_1000761,SCEN_LAY_b78718,Layering,layer_hop_1,True
TXN_C84D49F76E,ACC_1007512,SCEN_LAY_b78718,Layering,layer_hop_2,True
TXN_7C5AD005CD,ACC_1007512,SCEN_LAY_b78718,Layering,layer_destination,True
TXN_E757A76068,ACC_1009229,SCEN_LAY_c7a83e,Layering,layer_source,True
TXN_352CEB8A70,ACC_1006727,SCEN_LAY_c7a83e,Layering,layer_hop_1,True
TXN_3B957A55A8,ACC_1006727,SCEN_LAY_c7a83e,Layering,layer_hop_1,True
TXN_2FAE1628C0,ACC_1006615,SCEN_LAY_c7a83e,Layering,layer_hop_2,True
TXN_163F3F902A,ACC_1006615,SCEN_LAY_c7a83e,Layering,layer_destination,True
TXN_01AABFC7FB,ACC_1010122,SCEN_LAY_bcd8c3,Layering,layer_source,True
TXN_2663C080D4,ACC_1003474,SCEN_LAY_bcd8c3,Layering,layer_hop_1,True
TXN_3B0D2DAA30,ACC_1003474,SCEN_LAY_bcd8c3,Layering,layer_hop_1,True
TXN_64A11F07A8,ACC_1009613,SCEN_LAY_bcd8c3,Layering,layer_hop_2,True
TXN_6A1D1E6243,ACC_1009613,SCEN_LAY_bcd8c3,Layering,layer_destination,True
TXN_0C59B50C5E,ACC_1008105,SCEN_LAY_233c1e,Layering,layer_source,True
TXN_3DAE11D086,ACC_1000555,SCEN_LAY_233c1e,Layering,layer_hop_1,True
TXN_15444C18FC,ACC_1000555,SCEN_LAY_233c1e,Layering,layer_hop_1,True
TXN_921BDF7938,ACC_1006439,SCEN_LAY_233c1e,Layering,layer_hop_2,True
TXN_3FE9199AC5,ACC_1006439,SCEN_LAY_233c1e,Layering,layer_destination,True
TXN_5E2F4F9A9B,ACC_1000515,SCEN_LAY_ccb77d,Layering,layer_source,True
TXN_5BE92C54AB,ACC_1011517,SCEN_LAY_ccb77d,Layering,layer_hop_1,True
TXN_AFB301DDD1,ACC_1011517,SCEN_LAY_ccb77d,Layering,layer_hop_1,True
TXN_C74103DF86,ACC_1001001,SCEN_LAY_ccb77d,Layering,layer_hop_2,True
TXN_D44BE5C667,ACC_1001001,SCEN_LAY_ccb77d,Layering,layer_destination,True
TXN_B5115AA65B,ACC_1000978,SCEN_LAY_170658,Layering,layer_source,True
TXN_09D18B27FE,ACC_1003678,SCEN_LAY_170658,Layering,layer_hop_1,True
TXN_25BB828207,ACC_1003678,SCEN_LAY_170658,Layering,layer_hop_1,True
TXN_80798EFFFF,ACC_1005124,SCEN_LAY_170658,Layering,layer_hop_2,True
TXN_91B5AC35D2,ACC_1005124,SCEN_LAY_170658,Layering,layer_destination,True
TXN_6EC661EBBC,ACC_1001822,SCEN_LAY_d0db89,Layering,layer_source,True
TXN_BEC332B035,ACC_1006095,SCEN_LAY_d0db89,Layering,layer_hop_1,True
TXN_605D47644B,ACC_1006095,SCEN_LAY_d0db89,Layering,layer_hop_1,True
TXN_89BAC9BD8D,ACC_1001528,SCEN_LAY_d0db89,Layering,layer_hop_2,True
TXN_8530399D36,ACC_1001528,SCEN_LAY_d0db89,Layering,layer_destination,True
TXN_171BB38415,ACC_1009204,SCEN_LAY_1df0f7,Layering,layer_source,True
TXN_3E1C38450A,ACC_1001465,SCEN_LAY_1df0f7,Layering,layer_hop_1,True
TXN_6FE2ECBD76,ACC_1001465,SCEN_LAY_1df0f7,Layering,layer_hop_1,True
TXN_B5ACB62F99,ACC_1002228,SCEN_LAY_1df0f7,Layering,layer_hop_2,True
TXN_7D96A2F9FD,ACC_1002228,SCEN_LAY_1df0f7,Layering,layer_destination,True
TXN_D7090880C4,ACC_1006027,SCEN_LAY_821d23,Layering,layer_source,True
TXN_443619469C,ACC_1005606,SCEN_LAY_821d23,Layering,layer_hop_1,True
TXN_48DAB025D9,ACC_1005606,SCEN_LAY_821d23,Layering,layer_hop_1,True
TXN_C4E01D0A18,ACC_1004797,SCEN_LAY_821d23,Layering,layer_hop_2,True
TXN_486AE06F36,ACC_1004797,SCEN_LAY_821d23,Layering,layer_destination,True
TXN_3D6A3C6E92,ACC_1001154,SCEN_LAY_41c6bc,Layering,layer_source,True
TXN_FFF9A6D7F1,ACC_1004649,SCEN_LAY_41c6bc,Layering,layer_hop_1,True
TXN_733C5F45BF,ACC_1004649,SCEN_LAY_41c6bc,Layering,layer_hop_1,True
TXN_48C182D8A6,ACC_1005029,SCEN_LAY_41c6bc,Layering,layer_hop_2,True
TXN_F70D3053E7,ACC_1005029,SCEN_LAY_41c6bc,Layering,layer_destination,True
TXN_4951578274,ACC_1004837,SCEN_LAY_4ef8d4,Layering,layer_source,True
TXN_B8990988E7,ACC_1002700,SCEN_LAY_4ef8d4,Layering,layer_hop_1,True
TXN_0DEEE7388F,ACC_1002700,SCEN_LAY_4ef8d4,Layering,layer_hop_1,True
TXN_1BC9110B01,ACC_1011046,SCEN_LAY_4ef8d4,Layering,layer_hop_2,True
TXN_037D0C2AED,ACC_1011046,SCEN_LAY_4ef8d4,Layering,layer_destination,True
TXN_77D37DCAEA,ACC_1006000,SCEN_LAY_2e68b0,Layering,layer_source,True
TXN_9DFF4B70E9,ACC_1007239,SCEN_LAY_2e68b0,Layering,layer_hop_1,True
TXN_77D333D0B9,ACC_1007239,SCEN_LAY_2e68b0,Layering,layer_hop_1,True
TXN_B4F766BD12,ACC_1000609,SCEN_LAY_2e68b0,Layering,layer_hop_2,True
TXN_14CF085CD9,ACC_1000609,SCEN_LAY_2e68b0,Layering,layer_destination,True
TXN_F4255841C8,ACC_1009271,SCEN_LAY_74ca29,Layering,layer_source,True
TXN_D16024C2ED,ACC_1000872,SCEN_LAY_74ca29,Layering,layer_hop_1,True
TXN_32EA5012A7,ACC_1000872,SCEN_LAY_74ca29,Layering,layer_hop_1,True
TXN_9E2A103071,ACC_1004754,SCEN_LAY_74ca29,Layering,layer_hop_2,True
TXN_4920A0875B,ACC_1004754,SCEN_LAY_74ca29,Layering,layer_destination,True
TXN_D42D12097C,ACC_1005869,SCEN_LAY_fe4250,Layering,layer_source,True
TXN_E4F0CF2C87,ACC_1000229,SCEN_LAY_fe4250,Layering,layer_hop_1,True
TXN_91F7D014E2,ACC_1000229,SCEN_LAY_fe4250,Layering,layer_hop_1,True
TXN_2ED4D15729,ACC_1005786,SCEN_LAY_fe4250,Layering,layer_hop_2,True
TXN_F07324A07E,ACC_1005786,SCEN_LAY_fe4250,Layering,layer_destination,True
TXN_6541F8DB58,ACC_1003045,SCEN_LAY_e3f6e5,Layering,layer_source,True
TXN_D1E4C93621,ACC_1003670,SCEN_LAY_e3f6e5,Layering,layer_hop_1,True
TXN_08520AFBCE,ACC_1003670,SCEN_LAY_e3f6e5,Layering,layer_hop_1,True
TXN_EB762BAAF1,ACC_1002437,SCEN_LAY_e3f6e5,Layering,layer_hop_2,True
TXN_1B0B8CF0A6,ACC_1002437,SCEN_LAY_e3f6e5,Layering,layer_destination,True
TXN_039BB400B7,ACC_1002515,SCEN_LAY_0824bd,Layering,layer_source,True
TXN_4DDCB7B3FF,ACC_1008966,SCEN_LAY_0824bd,Layering,layer_hop_1,True
TXN_6465A95340,ACC_1008966,SCEN_LAY_0824bd,Layering,layer_hop_1,True
TXN_7446DAB3B2,ACC_1003975,SCEN_LAY_0824bd,Layering,layer_hop_2,True
TXN_B96DA05EA8,ACC_1003975,SCEN_LAY_0824bd,Layering,layer_destination,True
TXN_D29DD3D9EA,ACC_1001506,SCEN_LAY_e92ceb,Layering,layer_source,True
TXN_B576EEE3D8,ACC_1002236,SCEN_LAY_e92ceb,Layering,layer_hop_1,True
TXN_1A14C11DDF,ACC_1002236,SCEN_LAY_e92ceb,Layering,layer_hop_1,True
TXN_638B2B9D9E,ACC_1011792,SCEN_LAY_e92ceb,Layering,layer_hop_2,True
TXN_71FADCAFF6,ACC_1011792,SCEN_LAY_e92ceb,Layering,layer_destination,True
TXN_C0608BA39A,ACC_1004325,SCEN_LAY_9ce1da,Layering,layer_source,True
TXN_0AE54BD8E7,ACC_1000872,SCEN_LAY_9ce1da,Layering,layer_hop_1,True
TXN_5B81C403A6,ACC_1000872,SCEN_LAY_9ce1da,Layering,layer_hop_1,True
TXN_1B1BCD2023,ACC_1003479,SCEN_LAY_9ce1da,Layering,layer_hop_2,True
TXN_706D961636,ACC_1003479,SCEN_LAY_9ce1da,Layering,layer_destination,True
TXN_4EB447A1A9,ACC_1003907,SCEN_LAY_aee5f4,Layering,layer_source,True
TXN_0FE8BD212F,ACC_1003151,SCEN_LAY_aee5f4,Layering,layer_hop_1,True
TXN_EE401E9D6B,ACC_1003151,SCEN_LAY_aee5f4,Layering,layer_hop_1,True
TXN_799BD0C777,ACC_1000128,SCEN_LAY_aee5f4,Layering,layer_hop_2,True
TXN_ED0AA20388,ACC_1000128,SCEN_LAY_aee5f4,Layering,layer_destination,True
TXN_A9244EACCD,ACC_1011117,SCEN_LAY_299f4d,Layering,layer_source,True
TXN_6706DD3565,ACC_1006902,SCEN_LAY_299f4d,Layering,layer_hop_1,True
TXN_F08717B5CE,ACC_1006902,SCEN_LAY_299f4d,Layering,layer_hop_1,True
TXN_B0DF2E5EDB,ACC_1010940,SCEN_LAY_299f4d,Layering,layer_hop_2,True
TXN_B9544B37DE,ACC_1010940,SCEN_LAY_299f4d,Layering,layer_destination,True
TXN_F0638DA26A,ACC_1001771,SCEN_LAY_2b5a30,Layering,layer_source,True
TXN_178C7375EC,ACC_1005357,SCEN_LAY_2b5a30,Layering,layer_hop_1,True
TXN_407A59948F,ACC_1005357,SCEN_LAY_2b5a30,Layering,layer_hop_1,True
TXN_77727FEC92,ACC_1004225,SCEN_LAY_2b5a30,Layering,layer_hop_2,True
TXN_1457BD540F,ACC_1004225,SCEN_LAY_2b5a30,Layering,layer_destination,True
TXN_457C3DDA9B,ACC_1006102,SCEN_LAY_ba6f8c,Layering,layer_source,True
TXN_5932F18757,ACC_1003926,SCEN_LAY_ba6f8c,Layering,layer_hop_1,True
TXN_7074380A1B,ACC_1003926,SCEN_LAY_ba6f8c,Layering,layer_hop_1,True
TXN_37AF6672B9,ACC_1008637,SCEN_LAY_ba6f8c,Layering,layer_hop_2,True
TXN_5AE399E0DA,ACC_1008637,SCEN_LAY_ba6f8c,Layering,layer_destination,True
TXN_A222CFD9C9,ACC_1003562,SCEN_LAY_1c5823,Layering,layer_source,True
TXN_8B29D1566B,ACC_1006989,SCEN_LAY_1c5823,Layering,layer_hop_1,True
TXN_4CCCF67F02,ACC_1006989,SCEN_LAY_1c5823,Layering,layer_hop_1,True
TXN_962343BFE6,ACC_1003226,SCEN_LAY_1c5823,Layering,layer_hop_2,True
TXN_A0170A51E0,ACC_1003226,SCEN_LAY_1c5823,Layering,layer_destination,True
TXN_9763B408BA,ACC_1004864,SCEN_LAY_4eb792,Layering,layer_source,True
TXN_76F60C9C26,ACC_1010135,SCEN_LAY_4eb792,Layering,layer_hop_1,True
TXN_7A9DDB3C38,ACC_1010135,SCEN_LAY_4eb792,Layering,layer_hop_1,True
TXN_394D92C4E2,ACC_1004949,SCEN_LAY_4eb792,Layering,layer_hop_2,True
TXN_FC39BFD732,ACC_1004949,SCEN_LAY_4eb792,Layering,layer_destination,True
TXN_58288C8A06,ACC_1000776,SCEN_LAY_14736b,Layering,layer_source,True
TXN_1BD662BD7B,ACC_1011144,SCEN_LAY_14736b,Layering,layer_hop_1,True
TXN_C010575606,ACC_1011144,SCEN_LAY_14736b,Layering,layer_hop_1,True
TXN_C3C38A24FD,ACC_1006681,SCEN_LAY_14736b,Layering,layer_hop_2,True
TXN_374C6085F6,ACC_1006681,SCEN_LAY_14736b,Layering,layer_destination,True
TXN_795921CB4F,ACC_1009072,SCEN_LAY_f77cc5,Layering,layer_source,True
TXN_81FA084F36,ACC_1010070,SCEN_LAY_f77cc5,Layering,layer_hop_1,True
TXN_59595E5DFF,ACC_1010070,SCEN_LAY_f77cc5,Layering,layer_hop_1,True
TXN_497DAEF063,ACC_1002707,SCEN_LAY_f77cc5,Layering,layer_hop_2,True
TXN_ABEE476B20,ACC_1002707,SCEN_LAY_f77cc5,Layering,layer_destination,True
TXN_8523B4BE7C,ACC_1005258,SCEN_LAY_d46ee0,Layering,layer_source,True
TXN_320822620F,ACC_1001681,SCEN_LAY_d46ee0,Layering,layer_hop_1,True
TXN_4F23B0BA77,ACC_1001681,SCEN_LAY_d46ee0,Layering,layer_hop_1,True
TXN_DCA81B9E8B,ACC_1009503,SCEN_LAY_d46ee0,Layering,layer_hop_2,True
TXN_2BA4A2E236,ACC_1009503,SCEN_LAY_d46ee0,Layering,layer_destination,True
TXN_353A7071D2,ACC_1006636,SCEN_LAY_c57d0b,Layering,layer_source,True
TXN_C742457770,ACC_1006836,SCEN_LAY_c57d0b,Layering,layer_hop_1,True
TXN_3AD11DFA3E,ACC_1006836,SCEN_LAY_c57d0b,Layering,layer_hop_1,True
TXN_381E090A52,ACC_1004952,SCEN_LAY_c57d0b,Layering,layer_hop_2,True
TXN_C6E92B7D4A,ACC_1004952,SCEN_LAY_c57d0b,Layering,layer_destination,True
TXN_08131B874C,ACC_1002288,SCEN_LAY_9771a2,Layering,layer_source,True
TXN_2FCB3F137E,ACC_1008010,SCEN_LAY_9771a2,Layering,layer_hop_1,True
TXN_BA9A160E94,ACC_1008010,SCEN_LAY_9771a2,Layering,layer_hop_1,True
TXN_94C14B6FA5,ACC_1002901,SCEN_LAY_9771a2,Layering,layer_hop_2,True
TXN_2030A7CEFF,ACC_1002901,SCEN_LAY_9771a2,Layering,layer_destination,True
TXN_16AF8A194F,ACC_1011486,SCEN_LAY_97cd6a,Layering,layer_source,True
TXN_4C652A8F11,ACC_1008160,SCEN_LAY_97cd6a,Layering,layer_hop_1,True
TXN_502F7DE9B0,ACC_1008160,SCEN_LAY_97cd6a,Layering,layer_hop_1,True
TXN_91AB895477,ACC_1006930,SCEN_LAY_97cd6a,Layering,layer_hop_2,True
TXN_5F95100658,ACC_1006930,SCEN_LAY_97cd6a,Layering,layer_destination,True
TXN_C3C589846E,ACC_1006449,SCEN_LAY_401c50,Layering,layer_source,True
TXN_3CA94A6E88,ACC_1007282,SCEN_LAY_401c50,Layering,layer_hop_1,True
TXN_D1CE15A1F3,ACC_1007282,SCEN_LAY_401c50,Layering,layer_hop_1,True
TXN_655E878610,ACC_1010311,SCEN_LAY_401c50,Layering,layer_hop_2,True
TXN_E2069E11BC,ACC_1010311,SCEN_LAY_401c50,Layering,layer_destination,True
TXN_4EDCECF176,ACC_1007638,SCEN_LAY_fea2e8,Layering,layer_source,True
TXN_0535690F69,ACC_1003991,SCEN_LAY_fea2e8,Layering,layer_hop_1,True
TXN_40A39A34F7,ACC_1003991,SCEN_LAY_fea2e8,Layering,layer_hop_1,True
TXN_D7B8D1D018,ACC_1004436,SCEN_LAY_fea2e8,Layering,layer_hop_2,True
TXN_86AE6EFE78,ACC_1004436,SCEN_LAY_fea2e8,Layering,layer_destination,True
TXN_76EAC5F943,ACC_1000446,SCEN_LAY_c929c0,Layering,layer_source,True
TXN_66803B459D,ACC_1003302,SCEN_LAY_c929c0,Layering,layer_hop_1,True
TXN_CB1F95EA7B,ACC_1003302,SCEN_LAY_c929c0,Layering,layer_hop_1,True
TXN_081071D185,ACC_1010958,SCEN_LAY_c929c0,Layering,layer_hop_2,True
TXN_9B9A74BED1,ACC_1010958,SCEN_LAY_c929c0,Layering,layer_destination,True
TXN_9A6FEFCA34,ACC_1002409,SCEN_LAY_f9dd24,Layering,layer_source,True
TXN_22E85B1780,ACC_1007701,SCEN_LAY_f9dd24,Layering,layer_hop_1,True
TXN_8EF9C78AA7,ACC_1007701,SCEN_LAY_f9dd24,Layering,layer_hop_1,True
TXN_374E83141C,ACC_1008316,SCEN_LAY_f9dd24,Layering,layer_hop_2,True
TXN_EE998E250A,ACC_1008316,SCEN_LAY_f9dd24,Layering,layer_destination,True
TXN_F4DF2AB444,ACC_1011270,SCEN_LAY_ee9315,Layering,layer_source,True
TXN_B8C003236B,ACC_1010746,SCEN_LAY_ee9315,Layering,layer_hop_1,True
TXN_93AB6F167A,ACC_1010746,SCEN_LAY_ee9315,Layering,layer_hop_1,True
TXN_9305640D5D,ACC_1008374,SCEN_LAY_ee9315,Layering,layer_hop_2,True
TXN_3F1D5B162F,ACC_1008374,SCEN_LAY_ee9315,Layering,layer_destination,True
TXN_5AEFB32B26,ACC_1007941,SCEN_LAY_009161,Layering,layer_source,True
TXN_72030A8D66,ACC_1006165,SCEN_LAY_009161,Layering,layer_hop_1,True
TXN_8CA62E91F8,ACC_1006165,SCEN_LAY_009161,Layering,layer_hop_1,True
TXN_154F6E3F74,ACC_1000131,SCEN_LAY_009161,Layering,layer_hop_2,True
TXN_3076B313DB,ACC_1000131,SCEN_LAY_009161,Layering,layer_destination,True
TXN_1903FF7A79,ACC_1000186,SCEN_LAY_182a6b,Layering,layer_source,True
TXN_977FBDE1C3,ACC_1008325,SCEN_LAY_182a6b,Layering,layer_hop_1,True
TXN_3419A0BD22,ACC_1008325,SCEN_LAY_182a6b,Layering,layer_hop_1,True
TXN_5715866790,ACC_1001105,SCEN_LAY_182a6b,Layering,layer_hop_2,True
TXN_17F7330C72,ACC_1001105,SCEN_LAY_182a6b,Layering,layer_destination,True
TXN_FC5066F23E,ACC_1011757,SCEN_LAY_1f5be0,Layering,layer_source,True
TXN_8FEE7C9D28,ACC_1010856,SCEN_LAY_1f5be0,Layering,layer_hop_1,True
TXN_2E089E237E,ACC_1010856,SCEN_LAY_1f5be0,Layering,layer_hop_1,True
TXN_1AF7418FE1,ACC_1005717,SCEN_LAY_1f5be0,Layering,layer_hop_2,True
TXN_D4960F8FDC,ACC_1005717,SCEN_LAY_1f5be0,Layering,layer_destination,True
TXN_38ED701FD3,ACC_1010075,SCEN_FP_6be13c,False Positive,legit_funding,False
TXN_5929DF9517,ACC_1010075,SCEN_FP_6be13c,False Positive,property_purchase,False
TXN_B448A57065,ACC_1005063,SCEN_FP_dd4d47,False Positive,legit_funding,False
TXN_6273F43027,ACC_1005063,SCEN_FP_dd4d47,False Positive,property_purchase,False
TXN_84C8332EB6,ACC_1000780,SCEN_FP_11492a,False Positive,legit_funding,False
TXN_29E57D7FCF,ACC_1000780,SCEN_FP_11492a,False Positive,property_purchase,False
TXN_4E5EE919DD,ACC_1008064,SCEN_FP_272ad3,False Positive,legit_funding,False
TXN_EA97E889CA,ACC_1008064,SCEN_FP_272ad3,False Positive,property_purchase,False
TXN_4D88D38B02,ACC_1011807,SCEN_FP_86a429,False Positive,legit_funding,False
TXN_42869B609B,ACC_1011807,SCEN_FP_86a429,False Positive,property_purchase,False
TXN_AD2D777033,ACC_1009035,SCEN_FP_9c28b7,False Positive,legit_funding,False
TXN_DB8A03E5E5,ACC_1009035,SCEN_FP_9c28b7,False Positive,property_purchase,False
TXN_6F01CCDB85,ACC_1006188,SCEN_FP_ac69e3,False Positive,legit_funding,False
TXN_770B9EAD1F,ACC_1006188,SCEN_FP_ac69e3,False Positive,property_purchase,False
TXN_D3EB024EC0,ACC_1011768,SCEN_FP_248cc1,False Positive,legit_funding,False
TXN_899D4415F7,ACC_1011768,SCEN_FP_248cc1,False Positive,property_purchase,False
TXN_1C8FAB6594,ACC_1011929,SCEN_FP_b42692,False Positive,legit_funding,False
TXN_2F1DA65CBC,ACC_1011929,SCEN_FP_b42692,False Positive,property_purchase,False
TXN_89F8075908,ACC_1007448,SCEN_FP_19c780,False Positive,legit_funding,False
TXN_5BBC60AEBB,ACC_1007448,SCEN_FP_19c780,False Positive,property_purchase,False
TXN_37935D7DE4,ACC_1010467,SCEN_FP_a60010,False Positive,legit_funding,False
TXN_6B527FA46E,ACC_1010467,SCEN_FP_a60010,False Positive,property_purchase,False
TXN_53FF5EA16A,ACC_1001690,SCEN_FP_60f75b,False Positive,legit_funding,False
TXN_0C6E4623C7,ACC_1001690,SCEN_FP_60f75b,False Positive,property_purchase,False
TXN_F75C0CD3C8,ACC_1005310,SCEN_FP_bc05b2,False Positive,legit_funding,False
TXN_BFD13CECDF,ACC_1005310,SCEN_FP_bc05b2,False Positive,property_purchase,False
TXN_A5B276D6F6,ACC_1005908,SCEN_FP_615e1a,False Positive,legit_funding,False
TXN_04E1FC61C8,ACC_1005908,SCEN_FP_615e1a,False Positive,property_purchase,False
TXN_A0FE30531E,ACC_1004430,SCEN_FP_1eea68,False Positive,legit_funding,False
TXN_7183AD81DE,ACC_1004430,SCEN_FP_1eea68,False Positive,property_purchase,False
TXN_370982FCAC,ACC_1001146,SCEN_FP_a52fe6,False Positive,legit_funding,False
TXN_916AB94FA5,ACC_1001146,SCEN_FP_a52fe6,False Positive,property_purchase,False
TXN_2813F1ED34,ACC_1002278,SCEN_FP_e143a2,False Positive,legit_funding,False
TXN_B5CE147F3A,ACC_1002278,SCEN_FP_e143a2,False Positive,property_purchase,False
TXN_03D2BE53A5,ACC_1003873,SCEN_FP_f3cf00,False Positive,legit_funding,False
TXN_C8308D94BD,ACC_1003873,SCEN_FP_f3cf00,False Positive,property_purchase,False
TXN_D91A1B2AC7,ACC_1000986,SCEN_FP_21c79a,False Positive,legit_funding,False
TXN_09780CF67C,ACC_1000986,SCEN_FP_21c79a,False Positive,property_purchase,False
TXN_088B2AA9C5,ACC_1008682,SCEN_FP_59f9ca,False Positive,legit_funding,False
TXN_0C946086E9,ACC_1008682,SCEN_FP_59f9ca,False Positive,property_purchase,False
TXN_7E4778080A,ACC_1010975,SCEN_FP_b1d5d0,False Positive,legit_funding,False
TXN_45F0FEF6B9,ACC_1010975,SCEN_FP_b1d5d0,False Positive,property_purchase,False
TXN_F899B314D5,ACC_1000202,SCEN_FP_5bc255,False Positive,legit_funding,False
TXN_7E1D61D9BC,ACC_1000202,SCEN_FP_5bc255,False Positive,property_purchase,False
TXN_84B6953231,ACC_1009624,SCEN_FP_348eee,False Positive,legit_funding,False
TXN_6145426E2D,ACC_1009624,SCEN_FP_348eee,False Positive,property_purchase,False
TXN_1B3256B93E,ACC_1004787,SCEN_FP_2b1e8e,False Positive,legit_funding,False
TXN_D243650FDA,ACC_1004787,SCEN_FP_2b1e8e,False Positive,property_purchase,False
TXN_77E16B00A9,ACC_1004195,SCEN_FP_ab3c22,False Positive,legit_funding,False
TXN_0E2901B5F9,ACC_1004195,SCEN_FP_ab3c22,False Positive,property_purchase,False
TXN_92081D3FC7,ACC_1006113,SCEN_FP_7115c2,False Positive,legit_funding,False
TXN_0A0C4760CC,ACC_1006113,SCEN_FP_7115c2,False Positive,property_purchase,False
TXN_5627AA5A5B,ACC_1007571,SCEN_FP_f4102e,False Positive,legit_funding,False
TXN_AFEB37C4B0,ACC_1007571,SCEN_FP_f4102e,False Positive,property_purchase,False
TXN_592E97F576,ACC_1002059,SCEN_FP_149a6b,False Positive,legit_funding,False
TXN_49AF768D03,ACC_1002059,SCEN_FP_149a6b,False Positive,property_purchase,False
TXN_BC343DAA98,ACC_1008910,SCEN_FP_4bf9c2,False Positive,legit_funding,False
TXN_C6E5E018C2,ACC_1008910,SCEN_FP_4bf9c2,False Positive,property_purchase,False
TXN_9409DE5232,ACC_1010047,SCEN_FP_5b74d0,False Positive,legit_funding,False
TXN_9A2D77F5B4,ACC_1010047,SCEN_FP_5b74d0,False Positive,property_purchase,False
TXN_8B811F4489,ACC_1003394,SCEN_FP_c2ffaf,False Positive,legit_funding,False
TXN_A718FCDAD9,ACC_1003394,SCEN_FP_c2ffaf,False Positive,property_purchase,False
TXN_5F6B26C68A,ACC_1001565,SCEN_FP_53ec2d,False Positive,legit_funding,False
TXN_D3F6A0B0CA,ACC_1001565,SCEN_FP_53ec2d,False Positive,property_purchase,False
TXN_CFD4E7EF6C,ACC_1009446,SCEN_FP_92ab98,False Positive,legit_funding,False
TXN_813E4FD4E0,ACC_1009446,SCEN_FP_92ab98,False Positive,property_purchase,False
TXN_9F89741212,ACC_1005961,SCEN_FP_e9e617,False Positive,legit_funding,False
TXN_CAFAA023C6,ACC_1005961,SCEN_FP_e9e617,False Positive,property_purchase,False
TXN_8FA485789B,ACC_1009915,SCEN_FP_2c7b83,False Positive,legit_funding,False
TXN_68987EF65F,ACC_1009915,SCEN_FP_2c7b83,False Positive,property_purchase,False
TXN_A8BA9EB7D2,ACC_1008466,SCEN_FP_f6e1ae,False Positive,legit_funding,False
TXN_0B3779F38F,ACC_1008466,SCEN_FP_f6e1ae,False Positive,property_purchase,False
TXN_787F23AC39,ACC_1011364,SCEN_FP_8db1fd,False Positive,legit_funding,False
TXN_92382340ED,ACC_1011364,SCEN_FP_8db1fd,False Positive,property_purchase,False
TXN_F4E8B0DFA6,ACC_1011635,SCEN_FP_58d113,False Positive,legit_funding,False
TXN_98E09F9A5F,ACC_1011635,SCEN_FP_58d113,False Positive,property_purchase,False
TXN_D495C11A00,ACC_1011058,SCEN_FP_e31a29,False Positive,legit_funding,False
TXN_594AB992C6,ACC_1011058,SCEN_FP_e31a29,False Positive,property_purchase,False
TXN_8D4ADA9ECC,ACC_1007417,SCEN_FP_a0f4c6,False Positive,legit_funding,False
TXN_5E589E0177,ACC_1007417,SCEN_FP_a0f4c6,False Positive,property_purchase,False
TXN_8939CC228C,ACC_1011474,SCEN_FP_e63d41,False Positive,legit_funding,False
TXN_8FDC38AED4,ACC_1011474,SCEN_FP_e63d41,False Positive,property_purchase,False
TXN_37AB840511,ACC_1005539,SCEN_FP_2aea47,False Positive,legit_funding,False
TXN_477343408F,ACC_1005539,SCEN_FP_2aea47,False Positive,property_purchase,False
TXN_65193993CE,ACC_1000188,SCEN_FP_309ee6,False Positive,legit_funding,False
TXN_84518E1D06,ACC_1000188,SCEN_FP_309ee6,False Positive,property_purchase,False
TXN_E74A3B3CC3,ACC_1008750,SCEN_FP_0ab341,False Positive,legit_funding,False
TXN_4AFA47DE3E,ACC_1008750,SCEN_FP_0ab341,False Positive,property_purchase,False
TXN_63F8ED4319,ACC_1002814,SCEN_FP_e6ccb6,False Positive,legit_funding,False
TXN_45F8F2F660,ACC_1002814,SCEN_FP_e6ccb6,False Positive,property_purchase,False
TXN_C966314E3B,ACC_1011672,SCEN_FP_d7d7e2,False Positive,legit_funding,False
TXN_FAF480F3C3,ACC_1011672,SCEN_FP_d7d7e2,False Positive,property_purchase,False
TXN_BF9AAFB8D7,ACC_1008925,SCEN_FP_e946f9,False Positive,legit_funding,False
TXN_C7A83B0184,ACC_1008925,SCEN_FP_e946f9,False Positive,property_purchase,False
TXN_47EEF3A55E,ACC_1002178,SCEN_FP_3ed6ee,False Positive,legit_funding,False
TXN_430CCAC618,ACC_1002178,SCEN_FP_3ed6ee,False Positive,property_purchase,False
TXN_3A78398E22,ACC_1000882,SCEN_FP_da0a6f,False Positive,legit_funding,False
TXN_5D7AA3C424,ACC_1000882,SCEN_FP_da0a6f,False Positive,property_purchase,False
TXN_339374478D,ACC_1009017,SCEN_FP_873aa2,False Positive,legit_funding,False
TXN_E2A22F7C9E,ACC_1009017,SCEN_FP_873aa2,False Positive,property_purchase,False
TXN_CE9E7756DD,ACC_1004562,SCEN_FP_b29fbe,False Positive,legit_funding,False
TXN_D1B952BFFD,ACC_1004562,SCEN_FP_b29fbe,False Positive,property_purchase,False
TXN_1E5584F24D,ACC_1010726,SCEN_FP_2076f3,False Positive,legit_funding,False
TXN_A962995475,ACC_1010726,SCEN_FP_2076f3,False Positive,property_purchase,False
TXN_12EBFDEC37,ACC_1009635,SCEN_FP_a03dcb,False Positive,legit_funding,False
TXN_21CE171A78,ACC_1009635,SCEN_FP_a03dcb,False Positive,property_purchase,False
TXN_B2DBD114F7,ACC_1004046,SCEN_FP_b8adb7,False Positive,legit_funding,False
TXN_7838D4FFA7,ACC_1004046,SCEN_FP_b8adb7,False Positive,property_purchase,False
TXN_7584D1A102,ACC_1001950,SCEN_FP_6cf08c,False Positive,legit_funding,False
TXN_C772BD69C9,ACC_1001950,SCEN_FP_6cf08c,False Positive,property_purchase,False
TXN_D273744128,ACC_1007227,SCEN_FP_fdd949,False Positive,legit_funding,False
TXN_A035B9B49A,ACC_1007227,SCEN_FP_fdd949,False Positive,property_purchase,False
TXN_EA02C0ACD1,ACC_1002777,SCEN_FP_f6e9d8,False Positive,legit_funding,False
TXN_821525CD21,ACC_1002777,SCEN_FP_f6e9d8,False Positive,property_purchase,False
TXN_7C26CBEB9D,ACC_1001053,SCEN_FP_c246df,False Positive,legit_funding,False
TXN_9D6959E46C,ACC_1001053,SCEN_FP_c246df,False Positive,property_purchase,False
TXN_6B88FDFA86,ACC_1010877,SCEN_FP_9c66ed,False Positive,legit_funding,False
TXN_28F3EDA2B4,ACC_1010877,SCEN_FP_9c66ed,False Positive,property_purchase,False
TXN_761292359E,ACC_1002709,SCEN_FP_f63692,False Positive,legit_funding,False
TXN_B77E8CD347,ACC_1002709,SCEN_FP_f63692,False Positive,property_purchase,False
TXN_C0DFE1EE45,ACC_1001096,SCEN_FP_a67e72,False Positive,legit_funding,False
TXN_F22A06CCDC,ACC_1001096,SCEN_FP_a67e72,False Positive,property_purchase,False
TXN_662EC407F1,ACC_1005844,SCEN_FP_22fd2f,False Positive,legit_funding,False
TXN_C77564B886,ACC_1005844,SCEN_FP_22fd2f,False Positive,property_purchase,False
TXN_B75CB4845D,ACC_1008979,SCEN_FP_d324de,False Positive,legit_funding,False
TXN_803F1CE6C4,ACC_1008979,SCEN_FP_d324de,False Positive,property_purchase,False
TXN_0BBFECBD3D,ACC_1009612,SCEN_FP_579dae,False Positive,legit_funding,False
TXN_35A2363C15,ACC_1009612,SCEN_FP_579dae,False Positive,property_purchase,False
TXN_130BEFC03A,ACC_1008526,SCEN_FP_99b163,False Positive,legit_funding,False
TXN_886939E21D,ACC_1008526,SCEN_FP_99b163,False Positive,property_purchase,False
TXN_8988F9AFF5,ACC_1008710,SCEN_FP_e2eacc,False Positive,legit_funding,False
TXN_C839140B37,ACC_1008710,SCEN_FP_e2eacc,False Positive,property_purchase,False
TXN_C96F81C2FF,ACC_1003898,SCEN_FP_fa97ac,False Positive,legit_funding,False
TXN_AF98B7DBD0,ACC_1003898,SCEN_FP_fa97ac,False Positive,property_purchase,False
TXN_00BEFFC0EA,ACC_1001013,SCEN_FP_d83326,False Positive,legit_funding,False
TXN_0050EB72BA,ACC_1001013,SCEN_FP_d83326,False Positive,property_purchase,False
TXN_AEED8C3CAC,ACC_1007531,SCEN_FP_e7d22b,False Positive,legit_funding,False
TXN_32D85717DE,ACC_1007531,SCEN_FP_e7d22b,False Positive,property_purchase,False
TXN_C908CDE38D,ACC_1007782,SCEN_FP_3890a2,False Positive,legit_funding,False
TXN_4F64011AC6,ACC_1007782,SCEN_FP_3890a2,False Positive,property_purchase,False
TXN_2278FB4441,ACC_1004497,SCEN_FP_66edec,False Positive,legit_funding,False
TXN_F63651591F,ACC_1004497,SCEN_FP_66edec,False Positive,property_purchase,False
TXN_45A7DB8304,ACC_1002095,SCEN_FP_d8d14c,False Positive,legit_funding,False
TXN_52927BFC79,ACC_1002095,SCEN_FP_d8d14c,False Positive,property_purchase,False
TXN_78A9781663,ACC_1004172,SCEN_FP_5e6fe7,False Positive,legit_funding,False
TXN_AD5EF2EAE8,ACC_1004172,SCEN_FP_5e6fe7,False Positive,property_purchase,False
TXN_F5CB696212,ACC_1006601,SCEN_FP_b59848,False Positive,legit_funding,False
TXN_C5449B88E5,ACC_1006601,SCEN_FP_b59848,False Positive,property_purchase,False
TXN_FA198F2A78,ACC_1011021,SCEN_FP_767345,False Positive,legit_funding,False
TXN_8469878C2D,ACC_1011021,SCEN_FP_767345,False Positive,property_purchase,False
TXN_D1104DD84C,ACC_1006347,SCEN_FP_921bf1,False Positive,legit_funding,False
TXN_A4131595F2,ACC_1006347,SCEN_FP_921bf1,False Positive,property_purchase,False
TXN_263320F14C,ACC_1002334,SCEN_FP_394002,False Positive,legit_funding,False
TXN_3125413AF8,ACC_1002334,SCEN_FP_394002,False Positive,property_purchase,False
TXN_9AD82C0AED,ACC_1011099,SCEN_FP_36a16d,False Positive,legit_funding,False
TXN_CEBFAC2488,ACC_1011099,SCEN_FP_36a16d,False Positive,property_purchase,False
TXN_2EC2F7BA73,ACC_1010534,SCEN_FP_4c469d,False Positive,legit_funding,False
TXN_2B2322E796,ACC_1010534,SCEN_FP_4c469d,False Positive,property_purchase,False
TXN_E4D4756440,ACC_1006785,SCEN_FP_060e15,False Positive,legit_funding,False
TXN_C9E719BAE6,ACC_1006785,SCEN_FP_060e15,False Positive,property_purchase,False
TXN_5EB42AF9B2,ACC_1005987,SCEN_FP_97e64d,False Positive,legit_funding,False
TXN_82359071B0,ACC_1005987,SCEN_FP_97e64d,False Positive,property_purchase,False
TXN_6E39849854,ACC_1001093,SCEN_FP_4c7823,False Positive,legit_funding,False
TXN_52451424AB,ACC_1001093,SCEN_FP_4c7823,False Positive,property_purchase,False
TXN_3BE3827EEE,ACC_1006072,SCEN_FP_3e283e,False Positive,legit_funding,False
TXN_B92F285788,ACC_1006072,SCEN_FP_3e283e,False Positive,property_purchase,False
TXN_027225AC95,ACC_1003439,SCEN_FP_c181dc,False Positive,legit_funding,False
TXN_999DD0C441,ACC_1003439,SCEN_FP_c181dc,False Positive,property_purchase,False
TXN_92EE7E5D37,ACC_1005084,SCEN_FP_eda5b1,False Positive,legit_funding,False
TXN_CD817165E6,ACC_1005084,SCEN_FP_eda5b1,False Positive,property_purchase,False
TXN_2BD5DF47F4,ACC_1011222,SCEN_FP_766ee7,False Positive,legit_funding,False
TXN_11A869CF98,ACC_1011222,SCEN_FP_766ee7,False Positive,property_purchase,False
TXN_3192C3ABA6,ACC_1005931,SCEN_FP_6067de,False Positive,legit_funding,False
TXN_9B6B37D936,ACC_1005931,SCEN_FP_6067de,False Positive,property_purchase,False
TXN_0CB893B875,ACC_1001208,SCEN_FP_8dbefb,False Positive,legit_funding,False
TXN_C5B21D1970,ACC_1001208,SCEN_FP_8dbefb,False Positive,property_purchase,False
TXN_F8C69E70ED,ACC_1005490,SCEN_FP_5f29f9,False Positive,legit_funding,False
TXN_E8137130BE,ACC_1005490,SCEN_FP_5f29f9,False Positive,property_purchase,False
TXN_8A3B72DF80,ACC_1011924,SCEN_FP_8bb441,False Positive,legit_funding,False
TXN_5DD4195296,ACC_1011924,SCEN_FP_8bb441,False Positive,property_purchase,False
TXN_623F5BA17B,ACC_1002494,SCEN_FP_014805,False Positive,legit_funding,False
TXN_DD638E0CA4,ACC_1002494,SCEN_FP_014805,False Positive,property_purchase,False
TXN_6D980DC05E,ACC_1005903,SCEN_FP_24ad27,False Positive,legit_funding,False
TXN_1D073B5D34,ACC_1005903,SCEN_FP_24ad27,False Positive,property_purchase,False
TXN_F8DE4B4C3E,ACC_1004741,SCEN_FP_b2355e,False Positive,legit_funding,False
TXN_B63EED26F9,ACC_1004741,SCEN_FP_b2355e,False Positive,property_purchase,False
TXN_3D991DCD8C,ACC_1003250,SCEN_FP_457bd9,False Positive,legit_funding,False
TXN_469FEB6C48,ACC_1003250,SCEN_FP_457bd9,False Positive,property_purchase,False
TXN_4C54241C6A,ACC_1004206,SCEN_FP_3c37eb,False Positive,legit_funding,False
TXN_577E7022C8,ACC_1004206,SCEN_FP_3c37eb,False Positive,property_purchase,False
TXN_DE1A134D1C,ACC_1009652,SCEN_FP_eee452,False Positive,legit_funding,False
TXN_C69979CA16,ACC_1009652,SCEN_FP_eee452,False Positive,property_purchase,False
TXN_4B2BD46B68,ACC_1010403,SCEN_FP_a2055a,False Positive,legit_funding,False
TXN_8780298803,ACC_1010403,SCEN_FP_a2055a,False Positive,property_purchase,False
TXN_21EBFF8E61,ACC_1001675,SCEN_FP_0f92dc,False Positive,legit_funding,False
TXN_FA0F56F86D,ACC_1001675,SCEN_FP_0f92dc,False Positive,property_purchase,False
TXN_0C3A075293,ACC_1000088,SCEN_FP_6d63bb,False Positive,legit_funding,False
TXN_885D224AAD,ACC_1000088,SCEN_FP_6d63bb,False Positive,property_purchase,False
TXN_53E73FDE95,ACC_1008640,SCEN_FP_1f4213,False Positive,legit_funding,False
TXN_6BF3499F24,ACC_1008640,SCEN_FP_1f4213,False Positive,property_purchase,False
TXN_8A6FBA7B0C,ACC_1001295,SCEN_FP_146ab7,False Positive,legit_funding,False
TXN_E961C92268,ACC_1001295,SCEN_FP_146ab7,False Positive,property_purchase,False
TXN_CD4E65C37A,ACC_1004193,SCEN_FP_26174b,False Positive,legit_funding,False
TXN_9058CADF10,ACC_1004193,SCEN_FP_26174b,False Positive,property_purchase,False
TXN_E4FEE8ABC3,ACC_1007020,SCEN_FP_9dec53,False Positive,legit_funding,False
TXN_F1AB2D4A6B,ACC_1007020,SCEN_FP_9dec53,False Positive,property_purchase,False
TXN_7D87269B58,ACC_1003029,SCEN_FP_3b1b13,False Positive,legit_funding,False
TXN_4AFCDFCFDE,ACC_1003029,SCEN_FP_3b1b13,False Positive,property_purchase,False
TXN_DA7031238B,ACC_1006594,SCEN_FP_8f6a18,False Positive,legit_funding,False
TXN_F08BE62EC5,ACC_1006594,SCEN_FP_8f6a18,False Positive,property_purchase,False
TXN_058274C28D,ACC_1008125,SCEN_FP_9371b9,False Positive,legit_funding,False
TXN_4D40311539,ACC_1008125,SCEN_FP_9371b9,False Positive,property_purchase,False
TXN_AE9EE945CC,ACC_1007459,SCEN_FP_1f5fbf,False Positive,legit_funding,False
TXN_EE8E14267A,ACC_1007459,SCEN_FP_1f5fbf,False Positive,property_purchase,False
TXN_346EF18891,ACC_1002199,SCEN_FP_670f0b,False Positive,legit_funding,False
TXN_BEFD04839D,ACC_1002199,SCEN_FP_670f0b,False Positive,property_purchase,False
TXN_38F9B15EB5,ACC_1011805,SCEN_FP_92a86a,False Positive,legit_funding,False
TXN_C17C5225B1,ACC_1011805,SCEN_FP_92a86a,False Positive,property_purchase,False
TXN_A762C35878,ACC_1010213,SCEN_FP_5c8df8,False Positive,legit_funding,False
TXN_4C8AE29E5B,ACC_1010213,SCEN_FP_5c8df8,False Positive,property_purchase,False
TXN_05D29C786F,ACC_1007775,SCEN_FP_1c67da,False Positive,legit_funding,False
TXN_4919B28A9F,ACC_1007775,SCEN_FP_1c67da,False Positive,property_purchase,False
TXN_3BC744D90B,ACC_1000588,SCEN_FP_3e8281,False Positive,legit_funding,False
TXN_C2989AF216,ACC_1000588,SCEN_FP_3e8281,False Positive,property_purchase,False
TXN_14CD1561CD,ACC_1004214,SCEN_FP_76174e,False Positive,legit_funding,False
TXN_091EEBCCBB,ACC_1004214,SCEN_FP_76174e,False Positive,property_purchase,False
TXN_20C877C3C2,ACC_1007406,SCEN_FP_7211a9,False Positive,legit_funding,False
TXN_2DBCE6A13C,ACC_1007406,SCEN_FP_7211a9,False Positive,property_purchase,False
TXN_9E5CAFACE5,ACC_1005321,SCEN_FP_d7ab43,False Positive,legit_funding,False
TXN_B441B13591,ACC_1005321,SCEN_FP_d7ab43,False Positive,property_purchase,False
TXN_9B2696723D,ACC_1010666,SCEN_FP_cc0e8d,False Positive,legit_funding,False
TXN_D1B50EC0DB,ACC_1010666,SCEN_FP_cc0e8d,False Positive,property_purchase,False
TXN_99F26E4FAD,ACC_1003474,SCEN_FP_08ab5a,False Positive,legit_funding,False
TXN_DD23B57316,ACC_1003474,SCEN_FP_08ab5a,False Positive,property_purchase,False
TXN_0B89F0B2B8,ACC_1004966,SCEN_FP_475810,False Positive,legit_funding,False
TXN_5E5945709D,ACC_1004966,SCEN_FP_475810,False Positive,property_purchase,False
TXN_A09C551D74,ACC_1006801,SCEN_FP_82929a,False Positive,legit_funding,False
TXN_5A8E570415,ACC_1006801,SCEN_FP_82929a,False Positive,property_purchase,False
TXN_03C0145655,ACC_1001117,SCEN_FP_2902e6,False Positive,legit_funding,False
TXN_F556777EEC,ACC_1001117,SCEN_FP_2902e6,False Positive,property_purchase,False
TXN_9CF9C815C1,ACC_1004914,SCEN_FP_5a2b2f,False Positive,legit_funding,False
TXN_611FA3BC34,ACC_1004914,SCEN_FP_5a2b2f,False Positive,property_purchase,False
TXN_35E2193CBE,ACC_1000678,SCEN_FP_a7c41f,False Positive,legit_funding,False
TXN_882C664510,ACC_1000678,SCEN_FP_a7c41f,False Positive,property_purchase,False
TXN_13B5D8CB1C,ACC_1002661,SCEN_FP_b8e0cb,False Positive,legit_funding,False
TXN_E328F8E734,ACC_1002661,SCEN_FP_b8e0cb,False Positive,property_purchase,False
TXN_4907BA67DE,ACC_1011099,SCEN_FP_601a73,False Positive,legit_funding,False
TXN_E84C23A5E9,ACC_1011099,SCEN_FP_601a73,False Positive,property_purchase,False
TXN_73ADDFB648,ACC_1005499,SCEN_FP_a744a5,False Positive,legit_funding,False
TXN_9E67001033,ACC_1005499,SCEN_FP_a744a5,False Positive,property_purchase,False
TXN_AD0ADC48A6,ACC_1008613,SCEN_FP_36868a,False Positive,legit_funding,False
TXN_9240CE6E7A,ACC_1008613,SCEN_FP_36868a,False Positive,property_purchase,False
TXN_E3BDC15759,ACC_1002480,SCEN_FP_27b798,False Positive,legit_funding,False
TXN_5626153C93,ACC_1002480,SCEN_FP_27b798,False Positive,property_purchase,False
TXN_88672A8E0C,ACC_1002916,SCEN_FP_0ffb82,False Positive,legit_funding,False
TXN_19EE0362F9,ACC_1002916,SCEN_FP_0ffb82,False Positive,property_purchase,False
TXN_022D67E555,ACC_1006509,SCEN_FP_1f66c8,False Positive,legit_funding,False
TXN_A15CBA0160,ACC_1006509,SCEN_FP_1f66c8,False Positive,property_purchase,False
TXN_12FA2BA62D,ACC_1007139,SCEN_FP_fe61ca,False Positive,legit_funding,False
TXN_F561A1152E,ACC_1007139,SCEN_FP_fe61ca,False Positive,property_purchase,False
TXN_39EDCE8716,ACC_1003275,SCEN_FP_9c361a,False Positive,legit_funding,False
TXN_97668901F2,ACC_1003275,SCEN_FP_9c361a,False Positive,property_purchase,False
TXN_357921B6A0,ACC_1011186,SCEN_FP_a389c7,False Positive,legit_funding,False
TXN_AD999375E1,ACC_1011186,SCEN_FP_a389c7,False Positive,property_purchase,False
TXN_4351B5FA61,ACC_1008175,SCEN_FP_3bf177,False Positive,legit_funding,False
TXN_29107C96C9,ACC_1008175,SCEN_FP_3bf177,False Positive,property_purchase,False
TXN_0EC39FA15A,ACC_1009772,SCEN_FP_ffbab4,False Positive,legit_funding,False
TXN_0B537EAB1C,ACC_1009772,SCEN_FP_ffbab4,False Positive,property_purchase,False
TXN_DA95F980D9,ACC_1008482,SCEN_FP_7f929e,False Positive,legit_funding,False
TXN_088BFE75C3,ACC_1008482,SCEN_FP_7f929e,False Positive,property_purchase,False
TXN_7A8F84C06C,ACC_1008254,SCEN_FP_d28389,False Positive,legit_funding,False
TXN_5CBCC2E82D,ACC_1008254,SCEN_FP_d28389,False Positive,property_purchase,False
TXN_051939D863,ACC_1004731,SCEN_FP_b40b14,False Positive,legit_funding,False
TXN_E40FFD657B,ACC_1004731,SCEN_FP_b40b14,False Positive,property_purchase,False
TXN_130A947F83,ACC_1002550,SCEN_FP_f3dd8a,False Positive,legit_funding,False
TXN_7709C6FFD2,ACC_1002550,SCEN_FP_f3dd8a,False Positive,property_purchase,False
TXN_1F1BBC60F7,ACC_1011773,SCEN_FP_1ac905,False Positive,legit_funding,False
TXN_08DC45F552,ACC_1011773,SCEN_FP_1ac905,False Positive,property_purchase,False
TXN_EAA723405E,ACC_1008415,SCEN_FP_4bc307,False Positive,legit_funding,False
TXN_232AC42500,ACC_1008415,SCEN_FP_4bc307,False Positive,property_purchase,False
TXN_53B836BCC9,ACC_1005400,SCEN_FP_591b00,False Positive,legit_funding,False
TXN_F1C12C78F1,ACC_1005400,SCEN_FP_591b00,False Positive,property_purchase,False
TXN_7A60C6FD0C,ACC_1002281,SCEN_FP_26ec21,False Positive,legit_funding,False
TXN_61C688B3E9,ACC_1002281,SCEN_FP_26ec21,False Positive,property_purchase,False
TXN_D6CFC73E54,ACC_1007819,SCEN_FP_fde5e2,False Positive,legit_funding,False
TXN_8E1135E24D,ACC_1007819,SCEN_FP_fde5e2,False Positive,property_purchase,False
TXN_E238ACA4E3,ACC_1011453,SCEN_FP_0a9ed1,False Positive,legit_funding,False
TXN_3165907321,ACC_1011453,SCEN_FP_0a9ed1,False Positive,property_purchase,False
TXN_23D5ECF890,ACC_1010238,SCEN_FP_bafbad,False Positive,legit_funding,False
TXN_C72DA78AC8,ACC_1010238,SCEN_FP_bafbad,False Positive,property_purchase,False
TXN_040398FEC3,ACC_1008983,SCEN_FP_83e19b,False Positive,legit_funding,False
TXN_A6B598F0CE,ACC_1008983,SCEN_FP_83e19b,False Positive,property_purchase,False
TXN_5106B84F00,ACC_1005958,SCEN_FP_3ebff2,False Positive,legit_funding,False
TXN_6AD41AC664,ACC_1005958,SCEN_FP_3ebff2,False Positive,property_purchase,False
TXN_4DAFECFFF8,ACC_1006845,SCEN_FP_2e6fe8,False Positive,legit_funding,False
TXN_55CD0D6172,ACC_1006845,SCEN_FP_2e6fe8,False Positive,property_purchase,False
TXN_2A786869B8,ACC_1011084,SCEN_FP_f6ffc7,False Positive,legit_funding,False
TXN_915BA1F7C4,ACC_1011084,SCEN_FP_f6ffc7,False Positive,property_purchase,False
TXN_FEBD14A52F,ACC_1003257,SCEN_FP_946c12,False Positive,legit_funding,False
TXN_334C291A1C,ACC_1003257,SCEN_FP_946c12,False Positive,property_purchase,False
TXN_0600E9FE74,ACC_1000314,SCEN_FP_3215ee,False Positive,legit_funding,False
TXN_DF14B7005E,ACC_1000314,SCEN_FP_3215ee,False Positive,property_purchase,False
TXN_E341538773,ACC_1002685,SCEN_FP_ce2c6a,False Positive,legit_funding,False
TXN_C10EFCFAC2,ACC_1002685,SCEN_FP_ce2c6a,False Positive,property_purchase,False
TXN_061FB695F6,ACC_1005714,SCEN_FP_6b4115,False Positive,legit_funding,False
TXN_F13B3F013A,ACC_1005714,SCEN_FP_6b4115,False Positive,property_purchase,False
TXN_C6669491AC,ACC_1000017,SCEN_FP_d8087f,False Positive,legit_funding,False
TXN_17996A7E8C,ACC_1000017,SCEN_FP_d8087f,False Positive,property_purchase,False
TXN_9FE5339F19,ACC_1000276,SCEN_FP_b9acec,False Positive,legit_funding,False
TXN_402000DD5C,ACC_1000276,SCEN_FP_b9acec,False Positive,property_purchase,False
TXN_5A79DAA9BD,ACC_1008659,SCEN_FP_ad4eb0,False Positive,legit_funding,False
TXN_BDE35C0123,ACC_1008659,SCEN_FP_ad4eb0,False Positive,property_purchase,False
TXN_802282F26D,ACC_1002407,SCEN_FP_c6005c,False Positive,legit_funding,False
TXN_D8EF01B77E,ACC_1002407,SCEN_FP_c6005c,False Positive,property_purchase,False
TXN_CDB9BCFBF9,ACC_1006703,SCEN_FP_85c725,False Positive,legit_funding,False
TXN_14FE1EB2E9,ACC_1006703,SCEN_FP_85c725,False Positive,property_purchase,False
TXN_E03676EFE2,ACC_1010090,SCEN_FP_76ef93,False Positive,legit_funding,False
TXN_202A753D61,ACC_1010090,SCEN_FP_76ef93,False Positive,property_purchase,False
TXN_B678BC7455,ACC_1008441,SCEN_FP_99231d,False Positive,legit_funding,False
TXN_C4E616827C,ACC_1008441,SCEN_FP_99231d,False Positive,property_purchase,False
TXN_FF50A8C068,ACC_1010192,SCEN_FP_e1e7af,False Positive,legit_funding,False
TXN_16CBB1B344,ACC_1010192,SCEN_FP_e1e7af,False Positive,property_purchase,False
TXN_69961ABB00,ACC_1009135,SCEN_FP_f089e8,False Positive,legit_funding,False
TXN_6816E30B78,ACC_1009135,SCEN_FP_f089e8,False Positive,property_purchase,False
TXN_441AD99F84,ACC_1004858,SCEN_FP_e7d382,False Positive,legit_funding,False
TXN_0D72D6146D,ACC_1004858,SCEN_FP_e7d382,False Positive,property_purchase,False
TXN_02C5AEA2F0,ACC_1004377,SCEN_FP_ce0369,False Positive,legit_funding,False
TXN_84ADCF75D6,ACC_1004377,SCEN_FP_ce0369,False Positive,property_purchase,False
TXN_4C409DCDD6,ACC_1010929,SCEN_FP_9f1118,False Positive,legit_funding,False
TXN_EFFA5B4717,ACC_1010929,SCEN_FP_9f1118,False Positive,property_purchase,False
TXN_26E319DCFF,ACC_1004990,SCEN_FP_927d32,False Positive,legit_funding,False
TXN_72DEA67078,ACC_1004990,SCEN_FP_927d32,False Positive,property_purchase,False
TXN_C2B9F48312,ACC_1009962,SCEN_FP_62f9f4,False Positive,legit_funding,False
TXN_80D06FEE00,ACC_1009962,SCEN_FP_62f9f4,False Positive,property_purchase,False
TXN_EBB1A1ED39,ACC_1002273,SCEN_FP_0197aa,False Positive,legit_funding,False
TXN_3E264FDE6F,ACC_1002273,SCEN_FP_0197aa,False Positive,property_purchase,False
TXN_2D8E352F21,ACC_1004681,SCEN_FP_a9f908,False Positive,legit_funding,False
TXN_2637F9106B,ACC_1004681,SCEN_FP_a9f908,False Positive,property_purchase,False
TXN_7F46D0C947,ACC_1004418,SCEN_FP_eaa8ca,False Positive,legit_funding,False
TXN_4E61A729BF,ACC_1004418,SCEN_FP_eaa8ca,False Positive,property_purchase,False
TXN_3F09A074F8,ACC_1008477,SCEN_FP_99d766,False Positive,legit_funding,False
TXN_9EDA304644,ACC_1008477,SCEN_FP_99d766,False Positive,property_purchase,False
TXN_788EDD21A7,ACC_1010588,SCEN_FP_8afb49,False Positive,legit_funding,False
TXN_6BA93A5F9B,ACC_1010588,SCEN_FP_8afb49,False Positive,property_purchase,False
TXN_CFFD8DBBA1,ACC_1003233,SCEN_FP_2709ce,False Positive,legit_funding,False
TXN_94D5F1D36A,ACC_1003233,SCEN_FP_2709ce,False Positive,property_purchase,False
TXN_4BEEE4F80F,ACC_1010243,SCEN_FP_04c651,False Positive,legit_funding,False
TXN_2A4F60AA86,ACC_1010243,SCEN_FP_04c651,False Positive,property_purchase,False
TXN_9C8C9DC403,ACC_1004324,SCEN_FP_4f8aaf,False Positive,legit_funding,False
TXN_9CDA2FD0E8,ACC_1004324,SCEN_FP_4f8aaf,False Positive,property_purchase,False
TXN_F7FEEA3BD5,ACC_1000653,SCEN_FP_0f75a8,False Positive,legit_funding,False
TXN_7BC2607FC4,ACC_1000653,SCEN_FP_0f75a8,False Positive,property_purchase,False
TXN_C71B4AF90C,ACC_1009942,SCEN_FP_4c5e5e,False Positive,legit_funding,False
TXN_DB296B2B32,ACC_1009942,SCEN_FP_4c5e5e,False Positive,property_purchase,False
TXN_60AAF3BDEA,ACC_1005079,SCEN_FP_53edb7,False Positive,legit_funding,False
TXN_9A342042CB,ACC_1005079,SCEN_FP_53edb7,False Positive,property_purchase,False
TXN_7DD12CB36E,ACC_1009671,SCEN_FP_f8b40a,False Positive,legit_funding,False
TXN_F0B0DCC232,ACC_1009671,SCEN_FP_f8b40a,False Positive,property_purchase,False
TXN_36B2DEEE91,ACC_1002418,SCEN_FP_f8568f,False Positive,legit_funding,False
TXN_D494F6F594,ACC_1002418,SCEN_FP_f8568f,False Positive,property_purchase,False
TXN_7DB0DE78B6,ACC_1002548,SCEN_FP_80bbbe,False Positive,legit_funding,False
TXN_F157C7B59D,ACC_1002548,SCEN_FP_80bbbe,False Positive,property_purchase,False
TXN_EF2913C093,ACC_1006862,SCEN_FP_e30169,False Positive,legit_funding,False
TXN_982151482A,ACC_1006862,SCEN_FP_e30169,False Positive,property_purchase,False
TXN_BE11D4E0A3,ACC_1009736,SCEN_FP_01d3cd,False Positive,legit_funding,False
TXN_FD981DC579,ACC_1009736,SCEN_FP_01d3cd,False Positive,property_purchase,False
TXN_EABD7B6725,ACC_1011366,SCEN_FP_7b5a4c,False Positive,legit_funding,False
TXN_4DB39FA2C5,ACC_1011366,SCEN_FP_7b5a4c,False Positive,property_purchase,False
TXN_26962A451E,ACC_1010318,SCEN_FP_870a3b,False Positive,legit_funding,False
TXN_65673AE887,ACC_1010318,SCEN_FP_870a3b,False Positive,property_purchase,False
TXN_2C3B360820,ACC_1007730,SCEN_FP_e90988,False Positive,legit_funding,False
TXN_6FAA51FF73,ACC_1007730,SCEN_FP_e90988,False Positive,property_purchase,False
TXN_A8178F87B2,ACC_1003354,SCEN_FP_b50831,False Positive,legit_funding,False
TXN_DC2DFCEFB3,ACC_1003354,SCEN_FP_b50831,False Positive,property_purchase,False
TXN_F2780599A9,ACC_1004071,SCEN_FP_b66f44,False Positive,legit_funding,False
TXN_04ED070FD6,ACC_1004071,SCEN_FP_b66f44,False Positive,property_purchase,False
TXN_E163D0098E,ACC_1009867,SCEN_FP_73be5e,False Positive,legit_funding,False
TXN_87DA24C416,ACC_1009867,SCEN_FP_73be5e,False Positive,property_purchase,False
TXN_21F2674B3C,ACC_1001881,SCEN_FP_59c22d,False Positive,legit_funding,False
TXN_469361D403,ACC_1001881,SCEN_FP_59c22d,False Positive,property_purchase,False
TXN_3BA988C797,ACC_1011483,SCEN_FP_07e91b,False Positive,legit_funding,False
TXN_CDAEA761D6,ACC_1011483,SCEN_FP_07e91b,False Positive,property_purchase,False
TXN_B571E7D19D,ACC_1007207,SCEN_FP_1b1c3d,False Positive,legit_funding,False
TXN_38E2E4C422,ACC_1007207,SCEN_FP_1b1c3d,False Positive,property_purchase,False
TXN_B78C3C648E,ACC_1001228,SCEN_FP_058f46,False Positive,legit_funding,False
TXN_B21FF5A459,ACC_1001228,SCEN_FP_058f46,False Positive,property_purchase,False
TXN_8468A8EC68,ACC_1006491,SCEN_FP_3c930c,False Positive,legit_funding,False
TXN_2F89B80ECE,ACC_1006491,SCEN_FP_3c930c,False Positive,property_purchase,False
TXN_DD621DA37D,ACC_1006757,SCEN_FP_92725c,False Positive,legit_funding,False
TXN_9339CC0463,ACC_1006757,SCEN_FP_92725c,False Positive,property_purchase,False
TXN_56792EF821,ACC_1009382,SCEN_FP_6aca00,False Positive,legit_funding,False
TXN_318FB18D79,ACC_1009382,SCEN_FP_6aca00,False Positive,property_purchase,False
TXN_87A536B2C6,ACC_1003643,SCEN_FP_e59d10,False Positive,legit_funding,False
TXN_ED205F918E,ACC_1003643,SCEN_FP_e59d10,False Positive,property_purchase,False
TXN_72DAFA222F,ACC_1001036,SCEN_FP_f04927,False Positive,legit_funding,False
TXN_BB19C1801E,ACC_1001036,SCEN_FP_f04927,False Positive,property_purchase,False
TXN_AD53FD7FC9,ACC_1001589,SCEN_FP_4330d2,False Positive,legit_funding,False
TXN_5569C95037,ACC_1001589,SCEN_FP_4330d2,False Positive,property_purchase,False
TXN_5EAC9CEDC1,ACC_1004526,SCEN_FP_2c10a6,False Positive,legit_funding,False
TXN_9B61D02E43,ACC_1004526,SCEN_FP_2c10a6,False Positive,property_purchase,False
